accession	sample_id	biosample	clade	study_id	gentamicin_RIS	gentamicin_DST_method	vancomycin_MIC	vancomycin_RIS	vancomycin_DST_method	ampicillin_MIC	ampicillin_RIS	ampicillin_DST_method	erythromycin_MIC	erythromycin_RIS	erythromycin_DST_method	linezolid_MIC	linezolid_RIS	linezolid_DST_method	tigecycline_MIC	tigecycline_RIS	tigecycline_DST_method	teicoplanin_MIC	teicoplanin_RIS	teicoplanin_DST_method	streptomycin_MIC	streptomycin_RIS	streptomycin_DST_method	ciprofloxacin_MIC	ciprofloxacin_RIS	ciprofloxacin_DST_method	tetracycline_MIC	tetracycline_RIS	tetracycline_DST_method	penicillin_MIC	penicillin_RIS	penicillin_DST_method	levofloxacin_MIC	levofloxacin_RIS	levofloxacin_DST_method	quinupristin-dalfopristin_MIC	quinupristin-dalfopristin_RIS	quinupristin-dalfopristin_DST_method	chloramphenicol_MIC	chloramphenicol_RIS	chloramphenicol_DST_method	trimethoprim_MIC	trimethoprim_RIS	trimethoprim_DST_method	kanamycin_RIS	kanamycin_DST_method	nitrofurantoin_MIC	nitrofurantoin_RIS	nitrofurantoin_DST_method	doxycycline_MIC	doxycycline_RIS	doxycycline_DST_method	rifampin_MIC	rifampin_RIS	rifampin_DST_method	clindamycin_MIC	clindamycin_RIS	clindamycin_DST_method	oxacillin_MIC	oxacillin_RIS	oxacillin_DST_method	amikacin_MIC	amikacin_RIS	amikacin_DST_method	trimethoprim-sulfamethoxazole_MIC	trimethoprim-sulfamethoxazole_RIS	trimethoprim-sulfamethoxazole_DST_method	florfenicol_MIC	florfenicol_RIS	florfenicol_DST_method	tedizolid_MIC	tedizolid_RIS	tedizolid_DST_method	daptomycin_MIC	daptomycin_RIS	daptomycin_DST_method	lincomycin_MIC	lincomycin_RIS	lincomycin_DST_method	tylosin_MIC	tylosin_RIS	tylosin_DST_method	moxifloxacin_MIC	moxifloxacin_RIS	moxifloxacin_DST_method	cefazolin_MIC	cefazolin_RIS	cefazolin_DST_method	cefuroxime_MIC	cefuroxime_DST_method	fosfomycin_MIC	fosfomycin_DST_method	ceftazidime_MIC	ceftazidime_RIS	ceftazidime_DST_method	ofloxacin_MIC	ofloxacin_RIS	ofloxacin_DST_method	azithromycin_RIS	azithromycin_DST_method	amoxicillin-clavulanic acid_MIC	amoxicillin-clavulanic acid_DST_method	eravacycline_MIC	eravacycline_RIS	eravacycline_DST_method	tiamulin_MIC	tiamulin_RIS	tiamulin_DST_method	sulfadimidine_RIS	sulfadimidine_DST_method	fusidic acid_MIC	fusidic acid_RIS	fusidic acid_DST_method	imipenem_MIC	imipenem_RIS	imipenem_DST_method	norfloxacin_MIC	norfloxacin_RIS	norfloxacin_DST_method	piperacillin-tazobactam_MIC	piperacillin-tazobactam_RIS	piperacillin-tazobactam_DST_method	meropenem_MIC	meropenem_RIS	meropenem_DST_method	avilamycin_MIC	avilamycin_DST_method	bacitracin_MIC	bacitracin_DST_method	ceftriaxone_MIC	ceftriaxone_DST_method	minocycline_MIC	minocycline_DST_method	amoxicillin_RIS	cefoxitin_RIS	tobramycin_RIS	lincosamide_MIC	lincosamide_RIS	lincosamide_DST_method
SAMD00211633	ID_6666916	SAMD00211633	Homo sapiens	harada2020	R	disk diffusion	NA	NA	NA	NA	NA	NA	NA	NA	NA	NA	NA	NA	NA	NA	NA	NA	NA	NA	NA	R	disk diffusion	NA	NA	NA	NA	NA	NA	NA	NA	NA	NA	NA	NA	NA	NA	NA	NA	NA	NA	NA	NA	NA	NA	NA	NA	NA	NA	NA	NA	NA	NA	NA	NA	NA	NA	NA	NA	NA	NA	NA	NA	NA	NA	NA	NA	NA	NA	NA	NA	NA	NA	NA	NA	NA	NA	NA	NA	NA	NA	NA	NA	NA	NA	NA	NA	NA	NA	NA	NA	NA	NA	NA	NA	NA	NA	NA	NA	NA	NA	NA	NA	NA	NA	NA	NA	NA	NA	NA	NA	NA	NA	NA	NA	NA	NA	NA	NA	NA	NA	NA	NA	NA	NA	NA	NA	NA	NA	NA	NA	NA	NA	NA	NA	NA	NA	NA	NA
SAMD00211634	ID_6525399	SAMD00211634	Homo sapiens	harada2020	R	disk diffusion	NA	NA	NA	NA	NA	NA	NA	NA	NA	NA	NA	NA	NA	NA	NA	NA	NA	NA	NA	S	disk diffusion	NA	NA	NA	NA	NA	NA	NA	NA	NA	NA	NA	NA	NA	NA	NA	NA	NA	NA	NA	NA	NA	NA	NA	NA	NA	NA	NA	NA	NA	NA	NA	NA	NA	NA	NA	NA	NA	NA	NA	NA	NA	NA	NA	NA	NA	NA	NA	NA	NA	NA	NA	NA	NA	NA	NA	NA	NA	NA	NA	NA	NA	NA	NA	NA	NA	NA	NA	NA	NA	NA	NA	NA	NA	NA	NA	NA	NA	NA	NA	NA	NA	NA	NA	NA	NA	NA	NA	NA	NA	NA	NA	NA	NA	NA	NA	NA	NA	NA	NA	NA	NA	NA	NA	NA	NA	NA	NA	NA	NA	NA	NA	NA	NA	NA	NA	NA
SAMD00211635	ID_5580893	SAMD00211635	Homo sapiens	harada2020	R	disk diffusion	NA	NA	NA	NA	NA	NA	NA	NA	NA	NA	NA	NA	NA	NA	NA	NA	NA	NA	NA	S	disk diffusion	NA	NA	NA	NA	NA	NA	NA	NA	NA	NA	NA	NA	NA	NA	NA	NA	NA	NA	NA	NA	NA	NA	NA	NA	NA	NA	NA	NA	NA	NA	NA	NA	NA	NA	NA	NA	NA	NA	NA	NA	NA	NA	NA	NA	NA	NA	NA	NA	NA	NA	NA	NA	NA	NA	NA	NA	NA	NA	NA	NA	NA	NA	NA	NA	NA	NA	NA	NA	NA	NA	NA	NA	NA	NA	NA	NA	NA	NA	NA	NA	NA	NA	NA	NA	NA	NA	NA	NA	NA	NA	NA	NA	NA	NA	NA	NA	NA	NA	NA	NA	NA	NA	NA	NA	NA	NA	NA	NA	NA	NA	NA	NA	NA	NA	NA	NA
SAMD00211636	ID_2580573	SAMD00211636	Homo sapiens	harada2020	R	disk diffusion	NA	NA	NA	NA	NA	NA	NA	NA	NA	NA	NA	NA	NA	NA	NA	NA	NA	NA	NA	S	disk diffusion	NA	NA	NA	NA	NA	NA	NA	NA	NA	NA	NA	NA	NA	NA	NA	NA	NA	NA	NA	NA	NA	NA	NA	NA	NA	NA	NA	NA	NA	NA	NA	NA	NA	NA	NA	NA	NA	NA	NA	NA	NA	NA	NA	NA	NA	NA	NA	NA	NA	NA	NA	NA	NA	NA	NA	NA	NA	NA	NA	NA	NA	NA	NA	NA	NA	NA	NA	NA	NA	NA	NA	NA	NA	NA	NA	NA	NA	NA	NA	NA	NA	NA	NA	NA	NA	NA	NA	NA	NA	NA	NA	NA	NA	NA	NA	NA	NA	NA	NA	NA	NA	NA	NA	NA	NA	NA	NA	NA	NA	NA	NA	NA	NA	NA	NA	NA
SAMD00211637	ID_2269158	SAMD00211637	Homo sapiens	harada2020	R	disk diffusion	NA	NA	NA	NA	NA	NA	NA	NA	NA	NA	NA	NA	NA	NA	NA	NA	NA	NA	NA	S	disk diffusion	NA	NA	NA	NA	NA	NA	NA	NA	NA	NA	NA	NA	NA	NA	NA	NA	NA	NA	NA	NA	NA	NA	NA	NA	NA	NA	NA	NA	NA	NA	NA	NA	NA	NA	NA	NA	NA	NA	NA	NA	NA	NA	NA	NA	NA	NA	NA	NA	NA	NA	NA	NA	NA	NA	NA	NA	NA	NA	NA	NA	NA	NA	NA	NA	NA	NA	NA	NA	NA	NA	NA	NA	NA	NA	NA	NA	NA	NA	NA	NA	NA	NA	NA	NA	NA	NA	NA	NA	NA	NA	NA	NA	NA	NA	NA	NA	NA	NA	NA	NA	NA	NA	NA	NA	NA	NA	NA	NA	NA	NA	NA	NA	NA	NA	NA	NA
SAMD00211638	ID_8740077	SAMD00211638	Homo sapiens	harada2020	R	disk diffusion	NA	NA	NA	NA	NA	NA	NA	NA	NA	NA	NA	NA	NA	NA	NA	NA	NA	NA	NA	S	disk diffusion	NA	NA	NA	NA	NA	NA	NA	NA	NA	NA	NA	NA	NA	NA	NA	NA	NA	NA	NA	NA	NA	NA	NA	NA	NA	NA	NA	NA	NA	NA	NA	NA	NA	NA	NA	NA	NA	NA	NA	NA	NA	NA	NA	NA	NA	NA	NA	NA	NA	NA	NA	NA	NA	NA	NA	NA	NA	NA	NA	NA	NA	NA	NA	NA	NA	NA	NA	NA	NA	NA	NA	NA	NA	NA	NA	NA	NA	NA	NA	NA	NA	NA	NA	NA	NA	NA	NA	NA	NA	NA	NA	NA	NA	NA	NA	NA	NA	NA	NA	NA	NA	NA	NA	NA	NA	NA	NA	NA	NA	NA	NA	NA	NA	NA	NA	NA
SAMD00211639	ID_5484119	SAMD00211639	Homo sapiens	harada2020	R	disk diffusion	NA	NA	NA	NA	NA	NA	NA	NA	NA	NA	NA	NA	NA	NA	NA	NA	NA	NA	NA	R	disk diffusion	NA	NA	NA	NA	NA	NA	NA	NA	NA	NA	NA	NA	NA	NA	NA	NA	NA	NA	NA	NA	NA	NA	NA	NA	NA	NA	NA	NA	NA	NA	NA	NA	NA	NA	NA	NA	NA	NA	NA	NA	NA	NA	NA	NA	NA	NA	NA	NA	NA	NA	NA	NA	NA	NA	NA	NA	NA	NA	NA	NA	NA	NA	NA	NA	NA	NA	NA	NA	NA	NA	NA	NA	NA	NA	NA	NA	NA	NA	NA	NA	NA	NA	NA	NA	NA	NA	NA	NA	NA	NA	NA	NA	NA	NA	NA	NA	NA	NA	NA	NA	NA	NA	NA	NA	NA	NA	NA	NA	NA	NA	NA	NA	NA	NA	NA	NA
SAMD00211640	ID_4141724	SAMD00211640	Homo sapiens	harada2020	R	disk diffusion	NA	NA	NA	NA	NA	NA	NA	NA	NA	NA	NA	NA	NA	NA	NA	NA	NA	NA	NA	S	disk diffusion	NA	NA	NA	NA	NA	NA	NA	NA	NA	NA	NA	NA	NA	NA	NA	NA	NA	NA	NA	NA	NA	NA	NA	NA	NA	NA	NA	NA	NA	NA	NA	NA	NA	NA	NA	NA	NA	NA	NA	NA	NA	NA	NA	NA	NA	NA	NA	NA	NA	NA	NA	NA	NA	NA	NA	NA	NA	NA	NA	NA	NA	NA	NA	NA	NA	NA	NA	NA	NA	NA	NA	NA	NA	NA	NA	NA	NA	NA	NA	NA	NA	NA	NA	NA	NA	NA	NA	NA	NA	NA	NA	NA	NA	NA	NA	NA	NA	NA	NA	NA	NA	NA	NA	NA	NA	NA	NA	NA	NA	NA	NA	NA	NA	NA	NA	NA
SAMD00211641	ID_5204242	SAMD00211641	Homo sapiens	harada2020	R	disk diffusion	NA	NA	NA	NA	NA	NA	NA	NA	NA	NA	NA	NA	NA	NA	NA	NA	NA	NA	NA	S	disk diffusion	NA	NA	NA	NA	NA	NA	NA	NA	NA	NA	NA	NA	NA	NA	NA	NA	NA	NA	NA	NA	NA	NA	NA	NA	NA	NA	NA	NA	NA	NA	NA	NA	NA	NA	NA	NA	NA	NA	NA	NA	NA	NA	NA	NA	NA	NA	NA	NA	NA	NA	NA	NA	NA	NA	NA	NA	NA	NA	NA	NA	NA	NA	NA	NA	NA	NA	NA	NA	NA	NA	NA	NA	NA	NA	NA	NA	NA	NA	NA	NA	NA	NA	NA	NA	NA	NA	NA	NA	NA	NA	NA	NA	NA	NA	NA	NA	NA	NA	NA	NA	NA	NA	NA	NA	NA	NA	NA	NA	NA	NA	NA	NA	NA	NA	NA	NA
SAMD00211642	ID_4388035	SAMD00211642	Homo sapiens	harada2020	R	disk diffusion	NA	NA	NA	NA	NA	NA	NA	NA	NA	NA	NA	NA	NA	NA	NA	NA	NA	NA	NA	R	disk diffusion	NA	NA	NA	NA	NA	NA	NA	NA	NA	NA	NA	NA	NA	NA	NA	NA	NA	NA	NA	NA	NA	NA	NA	NA	NA	NA	NA	NA	NA	NA	NA	NA	NA	NA	NA	NA	NA	NA	NA	NA	NA	NA	NA	NA	NA	NA	NA	NA	NA	NA	NA	NA	NA	NA	NA	NA	NA	NA	NA	NA	NA	NA	NA	NA	NA	NA	NA	NA	NA	NA	NA	NA	NA	NA	NA	NA	NA	NA	NA	NA	NA	NA	NA	NA	NA	NA	NA	NA	NA	NA	NA	NA	NA	NA	NA	NA	NA	NA	NA	NA	NA	NA	NA	NA	NA	NA	NA	NA	NA	NA	NA	NA	NA	NA	NA	NA
SAMD00211643	ID_2073387	SAMD00211643	Homo sapiens	harada2020	R	disk diffusion	NA	NA	NA	NA	NA	NA	NA	NA	NA	NA	NA	NA	NA	NA	NA	NA	NA	NA	NA	R	disk diffusion	NA	NA	NA	NA	NA	NA	NA	NA	NA	NA	NA	NA	NA	NA	NA	NA	NA	NA	NA	NA	NA	NA	NA	NA	NA	NA	NA	NA	NA	NA	NA	NA	NA	NA	NA	NA	NA	NA	NA	NA	NA	NA	NA	NA	NA	NA	NA	NA	NA	NA	NA	NA	NA	NA	NA	NA	NA	NA	NA	NA	NA	NA	NA	NA	NA	NA	NA	NA	NA	NA	NA	NA	NA	NA	NA	NA	NA	NA	NA	NA	NA	NA	NA	NA	NA	NA	NA	NA	NA	NA	NA	NA	NA	NA	NA	NA	NA	NA	NA	NA	NA	NA	NA	NA	NA	NA	NA	NA	NA	NA	NA	NA	NA	NA	NA	NA
SAMD00211644	ID_2571598	SAMD00211644	Homo sapiens	harada2020	R	disk diffusion	NA	NA	NA	NA	NA	NA	NA	NA	NA	NA	NA	NA	NA	NA	NA	NA	NA	NA	NA	R	disk diffusion	NA	NA	NA	NA	NA	NA	NA	NA	NA	NA	NA	NA	NA	NA	NA	NA	NA	NA	NA	NA	NA	NA	NA	NA	NA	NA	NA	NA	NA	NA	NA	NA	NA	NA	NA	NA	NA	NA	NA	NA	NA	NA	NA	NA	NA	NA	NA	NA	NA	NA	NA	NA	NA	NA	NA	NA	NA	NA	NA	NA	NA	NA	NA	NA	NA	NA	NA	NA	NA	NA	NA	NA	NA	NA	NA	NA	NA	NA	NA	NA	NA	NA	NA	NA	NA	NA	NA	NA	NA	NA	NA	NA	NA	NA	NA	NA	NA	NA	NA	NA	NA	NA	NA	NA	NA	NA	NA	NA	NA	NA	NA	NA	NA	NA	NA	NA
SAMD00211645	ID_8199585	SAMD00211645	Homo sapiens	harada2020	R	disk diffusion	NA	NA	NA	NA	NA	NA	NA	NA	NA	NA	NA	NA	NA	NA	NA	NA	NA	NA	NA	R	disk diffusion	NA	NA	NA	NA	NA	NA	NA	NA	NA	NA	NA	NA	NA	NA	NA	NA	NA	NA	NA	NA	NA	NA	NA	NA	NA	NA	NA	NA	NA	NA	NA	NA	NA	NA	NA	NA	NA	NA	NA	NA	NA	NA	NA	NA	NA	NA	NA	NA	NA	NA	NA	NA	NA	NA	NA	NA	NA	NA	NA	NA	NA	NA	NA	NA	NA	NA	NA	NA	NA	NA	NA	NA	NA	NA	NA	NA	NA	NA	NA	NA	NA	NA	NA	NA	NA	NA	NA	NA	NA	NA	NA	NA	NA	NA	NA	NA	NA	NA	NA	NA	NA	NA	NA	NA	NA	NA	NA	NA	NA	NA	NA	NA	NA	NA	NA	NA
SAMD00211646	ID_1364779	SAMD00211646	Homo sapiens	harada2020	R	disk diffusion	NA	NA	NA	NA	NA	NA	NA	NA	NA	NA	NA	NA	NA	NA	NA	NA	NA	NA	NA	S	disk diffusion	NA	NA	NA	NA	NA	NA	NA	NA	NA	NA	NA	NA	NA	NA	NA	NA	NA	NA	NA	NA	NA	NA	NA	NA	NA	NA	NA	NA	NA	NA	NA	NA	NA	NA	NA	NA	NA	NA	NA	NA	NA	NA	NA	NA	NA	NA	NA	NA	NA	NA	NA	NA	NA	NA	NA	NA	NA	NA	NA	NA	NA	NA	NA	NA	NA	NA	NA	NA	NA	NA	NA	NA	NA	NA	NA	NA	NA	NA	NA	NA	NA	NA	NA	NA	NA	NA	NA	NA	NA	NA	NA	NA	NA	NA	NA	NA	NA	NA	NA	NA	NA	NA	NA	NA	NA	NA	NA	NA	NA	NA	NA	NA	NA	NA	NA	NA
SAMD00211647	ID_5005885	SAMD00211647	Homo sapiens	harada2020	R	disk diffusion	NA	NA	NA	NA	NA	NA	NA	NA	NA	NA	NA	NA	NA	NA	NA	NA	NA	NA	NA	R	disk diffusion	NA	NA	NA	NA	NA	NA	NA	NA	NA	NA	NA	NA	NA	NA	NA	NA	NA	NA	NA	NA	NA	NA	NA	NA	NA	NA	NA	NA	NA	NA	NA	NA	NA	NA	NA	NA	NA	NA	NA	NA	NA	NA	NA	NA	NA	NA	NA	NA	NA	NA	NA	NA	NA	NA	NA	NA	NA	NA	NA	NA	NA	NA	NA	NA	NA	NA	NA	NA	NA	NA	NA	NA	NA	NA	NA	NA	NA	NA	NA	NA	NA	NA	NA	NA	NA	NA	NA	NA	NA	NA	NA	NA	NA	NA	NA	NA	NA	NA	NA	NA	NA	NA	NA	NA	NA	NA	NA	NA	NA	NA	NA	NA	NA	NA	NA	NA
SAMD00211648	ID_7266225	SAMD00211648	Homo sapiens	harada2020	R	disk diffusion	NA	NA	NA	NA	NA	NA	NA	NA	NA	NA	NA	NA	NA	NA	NA	NA	NA	NA	NA	S	disk diffusion	NA	NA	NA	NA	NA	NA	NA	NA	NA	NA	NA	NA	NA	NA	NA	NA	NA	NA	NA	NA	NA	NA	NA	NA	NA	NA	NA	NA	NA	NA	NA	NA	NA	NA	NA	NA	NA	NA	NA	NA	NA	NA	NA	NA	NA	NA	NA	NA	NA	NA	NA	NA	NA	NA	NA	NA	NA	NA	NA	NA	NA	NA	NA	NA	NA	NA	NA	NA	NA	NA	NA	NA	NA	NA	NA	NA	NA	NA	NA	NA	NA	NA	NA	NA	NA	NA	NA	NA	NA	NA	NA	NA	NA	NA	NA	NA	NA	NA	NA	NA	NA	NA	NA	NA	NA	NA	NA	NA	NA	NA	NA	NA	NA	NA	NA	NA
SAMD00211649	ID_6121372	SAMD00211649	Homo sapiens	harada2020	R	disk diffusion	NA	NA	NA	NA	NA	NA	NA	NA	NA	NA	NA	NA	NA	NA	NA	NA	NA	NA	NA	S	disk diffusion	NA	NA	NA	NA	NA	NA	NA	NA	NA	NA	NA	NA	NA	NA	NA	NA	NA	NA	NA	NA	NA	NA	NA	NA	NA	NA	NA	NA	NA	NA	NA	NA	NA	NA	NA	NA	NA	NA	NA	NA	NA	NA	NA	NA	NA	NA	NA	NA	NA	NA	NA	NA	NA	NA	NA	NA	NA	NA	NA	NA	NA	NA	NA	NA	NA	NA	NA	NA	NA	NA	NA	NA	NA	NA	NA	NA	NA	NA	NA	NA	NA	NA	NA	NA	NA	NA	NA	NA	NA	NA	NA	NA	NA	NA	NA	NA	NA	NA	NA	NA	NA	NA	NA	NA	NA	NA	NA	NA	NA	NA	NA	NA	NA	NA	NA	NA
SAMD00211650	ID_6805322	SAMD00211650	Homo sapiens	harada2020	R	disk diffusion	NA	NA	NA	NA	NA	NA	NA	NA	NA	NA	NA	NA	NA	NA	NA	NA	NA	NA	NA	R	disk diffusion	NA	NA	NA	NA	NA	NA	NA	NA	NA	NA	NA	NA	NA	NA	NA	NA	NA	NA	NA	NA	NA	NA	NA	NA	NA	NA	NA	NA	NA	NA	NA	NA	NA	NA	NA	NA	NA	NA	NA	NA	NA	NA	NA	NA	NA	NA	NA	NA	NA	NA	NA	NA	NA	NA	NA	NA	NA	NA	NA	NA	NA	NA	NA	NA	NA	NA	NA	NA	NA	NA	NA	NA	NA	NA	NA	NA	NA	NA	NA	NA	NA	NA	NA	NA	NA	NA	NA	NA	NA	NA	NA	NA	NA	NA	NA	NA	NA	NA	NA	NA	NA	NA	NA	NA	NA	NA	NA	NA	NA	NA	NA	NA	NA	NA	NA	NA
SAMD00211651	ID_4014376	SAMD00211651	Homo sapiens	harada2020	R	disk diffusion	NA	NA	NA	NA	NA	NA	NA	NA	NA	NA	NA	NA	NA	NA	NA	NA	NA	NA	NA	S	disk diffusion	NA	NA	NA	NA	NA	NA	NA	NA	NA	NA	NA	NA	NA	NA	NA	NA	NA	NA	NA	NA	NA	NA	NA	NA	NA	NA	NA	NA	NA	NA	NA	NA	NA	NA	NA	NA	NA	NA	NA	NA	NA	NA	NA	NA	NA	NA	NA	NA	NA	NA	NA	NA	NA	NA	NA	NA	NA	NA	NA	NA	NA	NA	NA	NA	NA	NA	NA	NA	NA	NA	NA	NA	NA	NA	NA	NA	NA	NA	NA	NA	NA	NA	NA	NA	NA	NA	NA	NA	NA	NA	NA	NA	NA	NA	NA	NA	NA	NA	NA	NA	NA	NA	NA	NA	NA	NA	NA	NA	NA	NA	NA	NA	NA	NA	NA	NA
SAMD00211652	ID_2167269	SAMD00211652	Homo sapiens	harada2020	R	disk diffusion	NA	NA	NA	NA	NA	NA	NA	NA	NA	NA	NA	NA	NA	NA	NA	NA	NA	NA	NA	R	disk diffusion	NA	NA	NA	NA	NA	NA	NA	NA	NA	NA	NA	NA	NA	NA	NA	NA	NA	NA	NA	NA	NA	NA	NA	NA	NA	NA	NA	NA	NA	NA	NA	NA	NA	NA	NA	NA	NA	NA	NA	NA	NA	NA	NA	NA	NA	NA	NA	NA	NA	NA	NA	NA	NA	NA	NA	NA	NA	NA	NA	NA	NA	NA	NA	NA	NA	NA	NA	NA	NA	NA	NA	NA	NA	NA	NA	NA	NA	NA	NA	NA	NA	NA	NA	NA	NA	NA	NA	NA	NA	NA	NA	NA	NA	NA	NA	NA	NA	NA	NA	NA	NA	NA	NA	NA	NA	NA	NA	NA	NA	NA	NA	NA	NA	NA	NA	NA
SAMD00211653	ID_8517135	SAMD00211653	Homo sapiens	harada2020	R	disk diffusion	NA	NA	NA	NA	NA	NA	NA	NA	NA	NA	NA	NA	NA	NA	NA	NA	NA	NA	NA	R	disk diffusion	NA	NA	NA	NA	NA	NA	NA	NA	NA	NA	NA	NA	NA	NA	NA	NA	NA	NA	NA	NA	NA	NA	NA	NA	NA	NA	NA	NA	NA	NA	NA	NA	NA	NA	NA	NA	NA	NA	NA	NA	NA	NA	NA	NA	NA	NA	NA	NA	NA	NA	NA	NA	NA	NA	NA	NA	NA	NA	NA	NA	NA	NA	NA	NA	NA	NA	NA	NA	NA	NA	NA	NA	NA	NA	NA	NA	NA	NA	NA	NA	NA	NA	NA	NA	NA	NA	NA	NA	NA	NA	NA	NA	NA	NA	NA	NA	NA	NA	NA	NA	NA	NA	NA	NA	NA	NA	NA	NA	NA	NA	NA	NA	NA	NA	NA	NA
SAMEA1965472	ID_8914990	SAMEA1965472	Homo sapiens	raven2016a	NA	agar dilution method	NA	NA	agar dilution method	NA	NA	agar dilution method	NA	NA	agar dilution method	NA	NA	agar dilution method	NA	NA	NA	NA	NA	agar dilution method	NA	NA	NA	NA	NA	agar dilution method	NA	NA	NA	NA	NA	agar dilution method	NA	NA	NA	NA	NA	NA	NA	NA	NA	NA	NA	NA	NA	NA	NA	NA	NA	NA	NA	NA	NA	NA	NA	NA	NA	NA	NA	NA	NA	NA	NA	NA	NA	NA	NA	NA	NA	NA	NA	NA	NA	NA	NA	NA	NA	NA	NA	NA	NA	NA	NA	NA	NA	NA	NA	NA	NA	NA	NA	NA	NA	NA	NA	NA	NA	NA	NA	NA	NA	NA	NA	NA	NA	NA	NA	NA	NA	NA	NA	NA	NA	NA	NA	agar dilution method	NA	NA	NA	NA	NA	agar dilution method	NA	NA	NA	NA	NA	NA	NA	NA	NA	NA	NA	NA	NA	NA	NA	NA	NA
SAMEA1967838	ID_4344142	SAMEA1967838	Homo sapiens	raven2016a	NA	NA	NA	NA	NA	NA	NA	NA	NA	NA	NA	NA	NA	NA	NA	NA	NA	NA	NA	NA	NA	NA	NA	NA	NA	NA	NA	NA	NA	NA	NA	NA	NA	NA	NA	NA	NA	NA	NA	NA	NA	NA	NA	NA	NA	NA	NA	NA	NA	NA	NA	NA	NA	NA	NA	NA	NA	NA	NA	NA	NA	NA	NA	NA	NA	NA	NA	NA	NA	NA	NA	NA	NA	NA	NA	NA	NA	NA	NA	NA	NA	NA	NA	NA	NA	NA	NA	NA	NA	NA	NA	NA	NA	NA	NA	NA	NA	NA	NA	NA	NA	NA	NA	NA	NA	NA	NA	NA	NA	NA	NA	NA	NA	NA	NA	NA	NA	NA	NA	NA	NA	NA	NA	NA	NA	NA	NA	NA	NA	NA	NA	NA	NA	NA	NA	NA	NA	NA	NA
SAMEA1968970	ID_4999000	SAMEA1968970	Homo sapiens	raven2016a	R	agar dilution method	256.0	R	agar dilution method	1.0	S	agar dilution method	512.0	R	agar dilution method	1.0	S	agar dilution method	NA	NA	NA	128.0	R	agar dilution method	NA	NA	NA	64.0	R	agar dilution method	NA	NA	NA	4.0	S	agar dilution method	NA	NA	NA	NA	NA	NA	NA	NA	NA	NA	NA	NA	NA	NA	NA	NA	NA	NA	NA	NA	NA	NA	NA	NA	NA	NA	NA	NA	NA	NA	NA	NA	NA	NA	NA	NA	NA	NA	NA	NA	NA	NA	NA	NA	NA	NA	NA	NA	NA	NA	NA	NA	NA	NA	NA	NA	NA	NA	NA	NA	NA	NA	NA	NA	NA	NA	NA	NA	NA	NA	NA	NA	NA	NA	NA	NA	NA	NA	NA	NA	NA	1.0	S	agar dilution method	NA	NA	NA	4.0	S	agar dilution method	NA	NA	NA	NA	NA	NA	NA	NA	NA	NA	NA	NA	NA	NA	NA	NA	NA
SAMEA1972329	ID_4415615	SAMEA1972329	Homo sapiens	raven2016a	S	Vitek2_AST-P607_card	>=32.0	R	Vitek2_AST-P607_card	<=2.0	S	Vitek2_AST-P607_card	>=8.0	R	Vitek2_AST-P607_card	2.0	S	Vitek2_AST-P607_card	<=0.12	S	Vitek2_AST-P607_card	>=32.0	R	Vitek2_AST-P607_card	NA	S	Vitek2_AST-P607_card	NA	NA	disc_diffusion	>=16.0	R	Vitek2_AST-P607_card	NA	NA	disc_diffusion	NA	NA	NA	>=16.0	R	Vitek2_AST-P607_card	NA	S	disc_diffusion	NA	S	disc_diffusion	S	Vitek2_AST-P607_card	<=16.0	S	Vitek2_AST-P607_card	NA	NA	NA	NA	R	disc_diffusion	>=8.0	R	Vitek2_AST-P607_card	NA	NA	NA	NA	NA	NA	NA	NA	NA	NA	NA	NA	NA	NA	NA	NA	NA	NA	NA	NA	NA	NA	NA	NA	NA	NA	NA	NA	NA	NA	NA	NA	NA	NA	NA	NA	NA	NA	NA	NA	NA	NA	NA	NA	NA	NA	NA	NA	NA	NA	NA	NA	NA	R	disc_diffusion	NA	NA	NA	NA	R	disc_diffusion	NA	NA	NA	NA	NA	NA	NA	NA	NA	NA	NA	NA	NA	NA	NA	NA	NA	NA	NA	NA
SAMEA1972446	ID_1388144	SAMEA1972446	Homo sapiens	raven2016a	NA	NA	NA	NA	NA	NA	NA	NA	NA	NA	NA	NA	NA	NA	NA	NA	NA	NA	NA	NA	NA	NA	NA	NA	NA	NA	NA	NA	NA	NA	NA	NA	NA	NA	NA	NA	NA	NA	NA	NA	NA	NA	NA	NA	NA	NA	NA	NA	NA	NA	NA	NA	NA	NA	NA	NA	NA	NA	NA	NA	NA	NA	NA	NA	NA	NA	NA	NA	NA	NA	NA	NA	NA	NA	NA	NA	NA	NA	NA	NA	NA	NA	NA	NA	NA	NA	NA	NA	NA	NA	NA	NA	NA	NA	NA	NA	NA	NA	NA	NA	NA	NA	NA	NA	NA	NA	NA	NA	NA	NA	NA	NA	NA	NA	NA	NA	NA	NA	NA	NA	NA	NA	NA	NA	NA	NA	NA	NA	NA	NA	NA	NA	NA	NA	NA	NA	NA	NA	NA
SAMEA1972688	ID_4854674	SAMEA1972688	Homo sapiens	raven2016a	S	agar dilution method	256.0	R	agar dilution method	1.0	S	agar dilution method	512.0	R	agar dilution method	2.0	S	agar dilution method	NA	NA	NA	128.0	R	agar dilution method	NA	NA	NA	0.5	S	agar dilution method	NA	NA	NA	2.0	S	agar dilution method	NA	NA	NA	NA	NA	NA	NA	NA	NA	NA	NA	NA	NA	NA	NA	NA	NA	NA	NA	NA	NA	NA	NA	NA	NA	NA	NA	NA	NA	NA	NA	NA	NA	NA	NA	NA	NA	NA	NA	NA	NA	NA	NA	NA	NA	NA	NA	NA	NA	NA	NA	NA	NA	NA	NA	NA	NA	NA	NA	NA	NA	NA	NA	NA	NA	NA	NA	NA	NA	NA	NA	NA	NA	NA	NA	NA	NA	NA	NA	NA	NA	0.5	S	agar dilution method	NA	NA	NA	2.0	S	agar dilution method	NA	NA	NA	NA	NA	NA	NA	NA	NA	NA	NA	NA	NA	NA	NA	NA	NA
SAMEA1972798	ID_6484644	SAMEA1972798	Homo sapiens	raven2016a	NA	NA	NA	NA	NA	NA	NA	NA	NA	NA	NA	NA	NA	NA	NA	NA	NA	NA	NA	NA	NA	NA	NA	NA	NA	NA	NA	NA	NA	NA	NA	NA	NA	NA	NA	NA	NA	NA	NA	NA	NA	NA	NA	NA	NA	NA	NA	NA	NA	NA	NA	NA	NA	NA	NA	NA	NA	NA	NA	NA	NA	NA	NA	NA	NA	NA	NA	NA	NA	NA	NA	NA	NA	NA	NA	NA	NA	NA	NA	NA	NA	NA	NA	NA	NA	NA	NA	NA	NA	NA	NA	NA	NA	NA	NA	NA	NA	NA	NA	NA	NA	NA	NA	NA	NA	NA	NA	NA	NA	NA	NA	NA	NA	NA	NA	NA	NA	NA	NA	NA	NA	NA	NA	NA	NA	NA	NA	NA	NA	NA	NA	NA	NA	NA	NA	NA	NA	NA	NA
SAMEA2142389	ID_6703704	SAMEA2142389	Homo sapiens	raven2016a	NA	agar dilution method	NA	NA	agar dilution method	NA	NA	agar dilution method	NA	NA	agar dilution method	NA	NA	agar dilution method	NA	NA	NA	NA	NA	agar dilution method	NA	NA	NA	NA	NA	agar dilution method	NA	NA	NA	NA	NA	agar dilution method	NA	NA	NA	NA	NA	NA	NA	NA	NA	NA	NA	NA	NA	NA	NA	NA	NA	NA	NA	NA	NA	NA	NA	NA	NA	NA	NA	NA	NA	NA	NA	NA	NA	NA	NA	NA	NA	NA	NA	NA	NA	NA	NA	NA	NA	NA	NA	NA	NA	NA	NA	NA	NA	NA	NA	NA	NA	NA	NA	NA	NA	NA	NA	NA	NA	NA	NA	NA	NA	NA	NA	NA	NA	NA	NA	NA	NA	NA	NA	NA	NA	NA	NA	agar dilution method	NA	NA	NA	NA	NA	agar dilution method	NA	NA	NA	NA	NA	NA	NA	NA	NA	NA	NA	NA	NA	NA	NA	NA	NA
SAMEA2142580	ID_5378234	SAMEA2142580	Homo sapiens	raven2016a	S	agar dilution method	4.0	S	agar dilution method	0.5	S	agar dilution method	2.0	S	agar dilution method	2.0	S	agar dilution method	NA	NA	NA	0.25	S	agar dilution method	NA	NA	NA	2.0	S	agar dilution method	NA	NA	NA	1.0	S	agar dilution method	NA	NA	NA	NA	NA	NA	NA	NA	NA	NA	NA	NA	NA	NA	NA	NA	NA	NA	NA	NA	NA	NA	NA	NA	NA	NA	NA	NA	NA	NA	NA	NA	NA	NA	NA	NA	NA	NA	NA	NA	NA	NA	NA	NA	NA	NA	NA	NA	NA	NA	NA	NA	NA	NA	NA	NA	NA	NA	NA	NA	NA	NA	NA	NA	NA	NA	NA	NA	NA	NA	NA	NA	NA	NA	NA	NA	NA	NA	NA	NA	NA	0.5	S	agar dilution method	NA	NA	NA	2.0	S	agar dilution method	NA	NA	NA	NA	NA	NA	NA	NA	NA	NA	NA	NA	NA	NA	NA	NA	NA
SAMEA2142599	ID_8384689	SAMEA2142599	Homo sapiens	raven2016a	R	agar dilution method	256.0	R	agar dilution method	0.25	S	agar dilution method	512.0	R	agar dilution method	2.0	S	agar dilution method	NA	NA	NA	32.0	R	agar dilution method	NA	NA	NA	64.0	R	agar dilution method	NA	NA	NA	2.0	S	agar dilution method	NA	NA	NA	NA	NA	NA	NA	NA	NA	NA	NA	NA	NA	NA	NA	NA	NA	NA	NA	NA	NA	NA	NA	NA	NA	NA	NA	NA	NA	NA	NA	NA	NA	NA	NA	NA	NA	NA	NA	NA	NA	NA	NA	NA	NA	NA	NA	NA	NA	NA	NA	NA	NA	NA	NA	NA	NA	NA	NA	NA	NA	NA	NA	NA	NA	NA	NA	NA	NA	NA	NA	NA	NA	NA	NA	NA	NA	NA	NA	NA	NA	0.5	S	agar dilution method	NA	NA	NA	4.0	S	agar dilution method	NA	NA	NA	NA	NA	NA	NA	NA	NA	NA	NA	NA	NA	NA	NA	NA	NA
SAMEA2142614	ID_5684445	SAMEA2142614	Homo sapiens	raven2016a	R	agar dilution method	1.0	S	agar dilution method	0.5	S	agar dilution method	512.0	R	agar dilution method	2.0	S	agar dilution method	NA	NA	NA	0.25	S	agar dilution method	NA	NA	NA	64.0	R	agar dilution method	NA	NA	NA	4.0	S	agar dilution method	NA	NA	NA	NA	NA	NA	NA	NA	NA	NA	NA	NA	NA	NA	NA	NA	NA	NA	NA	NA	NA	NA	NA	NA	NA	NA	NA	NA	NA	NA	NA	NA	NA	NA	NA	NA	NA	NA	NA	NA	NA	NA	NA	NA	NA	NA	NA	NA	NA	NA	NA	NA	NA	NA	NA	NA	NA	NA	NA	NA	NA	NA	NA	NA	NA	NA	NA	NA	NA	NA	NA	NA	NA	NA	NA	NA	NA	NA	NA	NA	NA	1.0	S	agar dilution method	NA	NA	NA	4.0	S	agar dilution method	NA	NA	NA	NA	NA	NA	NA	NA	NA	NA	NA	NA	NA	NA	NA	NA	NA
SAMEA2142621	ID_6915639	SAMEA2142621	Homo sapiens	raven2016a	NA	NA	NA	NA	NA	NA	NA	NA	NA	NA	NA	NA	NA	NA	NA	NA	NA	NA	NA	NA	NA	NA	NA	NA	NA	NA	NA	NA	NA	NA	NA	NA	NA	NA	NA	NA	NA	NA	NA	NA	NA	NA	NA	NA	NA	NA	NA	NA	NA	NA	NA	NA	NA	NA	NA	NA	NA	NA	NA	NA	NA	NA	NA	NA	NA	NA	NA	NA	NA	NA	NA	NA	NA	NA	NA	NA	NA	NA	NA	NA	NA	NA	NA	NA	NA	NA	NA	NA	NA	NA	NA	NA	NA	NA	NA	NA	NA	NA	NA	NA	NA	NA	NA	NA	NA	NA	NA	NA	NA	NA	NA	NA	NA	NA	NA	NA	NA	NA	NA	NA	NA	NA	NA	NA	NA	NA	NA	NA	NA	NA	NA	NA	NA	NA	NA	NA	NA	NA	NA
SAMEA2142689	ID_6011021	SAMEA2142689	Homo sapiens	raven2016a	NA	NA	NA	NA	NA	NA	NA	NA	NA	NA	NA	NA	NA	NA	NA	NA	NA	NA	NA	NA	NA	NA	NA	NA	NA	NA	NA	NA	NA	NA	NA	NA	NA	NA	NA	NA	NA	NA	NA	NA	NA	NA	NA	NA	NA	NA	NA	NA	NA	NA	NA	NA	NA	NA	NA	NA	NA	NA	NA	NA	NA	NA	NA	NA	NA	NA	NA	NA	NA	NA	NA	NA	NA	NA	NA	NA	NA	NA	NA	NA	NA	NA	NA	NA	NA	NA	NA	NA	NA	NA	NA	NA	NA	NA	NA	NA	NA	NA	NA	NA	NA	NA	NA	NA	NA	NA	NA	NA	NA	NA	NA	NA	NA	NA	NA	NA	NA	NA	NA	NA	NA	NA	NA	NA	NA	NA	NA	NA	NA	NA	NA	NA	NA	NA	NA	NA	NA	NA	NA
SAMEA2142776	ID_2224396	SAMEA2142776	Homo sapiens	raven2016a	NA	NA	NA	NA	NA	NA	NA	NA	NA	NA	NA	NA	NA	NA	NA	NA	NA	NA	NA	NA	NA	NA	NA	NA	NA	NA	NA	NA	NA	NA	NA	NA	NA	NA	NA	NA	NA	NA	NA	NA	NA	NA	NA	NA	NA	NA	NA	NA	NA	NA	NA	NA	NA	NA	NA	NA	NA	NA	NA	NA	NA	NA	NA	NA	NA	NA	NA	NA	NA	NA	NA	NA	NA	NA	NA	NA	NA	NA	NA	NA	NA	NA	NA	NA	NA	NA	NA	NA	NA	NA	NA	NA	NA	NA	NA	NA	NA	NA	NA	NA	NA	NA	NA	NA	NA	NA	NA	NA	NA	NA	NA	NA	NA	NA	NA	NA	NA	NA	NA	NA	NA	NA	NA	NA	NA	NA	NA	NA	NA	NA	NA	NA	NA	NA	NA	NA	NA	NA	NA
SAMEA2142788	ID_5478896	SAMEA2142788	Homo sapiens	raven2016a	S	agar dilution method	4.0	S	agar dilution method	0.5	S	agar dilution method	512.0	R	agar dilution method	2.0	S	agar dilution method	NA	NA	NA	1.0	S	agar dilution method	NA	NA	NA	2.0	S	agar dilution method	NA	NA	NA	1.0	S	agar dilution method	NA	NA	NA	NA	NA	NA	NA	NA	NA	NA	NA	NA	NA	NA	NA	NA	NA	NA	NA	NA	NA	NA	NA	NA	NA	NA	NA	NA	NA	NA	NA	NA	NA	NA	NA	NA	NA	NA	NA	NA	NA	NA	NA	NA	NA	NA	NA	NA	NA	NA	NA	NA	NA	NA	NA	NA	NA	NA	NA	NA	NA	NA	NA	NA	NA	NA	NA	NA	NA	NA	NA	NA	NA	NA	NA	NA	NA	NA	NA	NA	NA	0.25	S	agar dilution method	NA	NA	NA	2.0	S	agar dilution method	NA	NA	NA	NA	NA	NA	NA	NA	NA	NA	NA	NA	NA	NA	NA	NA	NA
SAMEA2142897	ID_5349690	SAMEA2142897	Homo sapiens	raven2016a	NA	agar dilution method	NA	NA	agar dilution method	NA	NA	agar dilution method	NA	NA	agar dilution method	NA	NA	agar dilution method	NA	NA	NA	NA	NA	agar dilution method	NA	NA	NA	NA	NA	agar dilution method	NA	NA	NA	NA	NA	agar dilution method	NA	NA	NA	NA	NA	NA	NA	NA	NA	NA	NA	NA	NA	NA	NA	NA	NA	NA	NA	NA	NA	NA	NA	NA	NA	NA	NA	NA	NA	NA	NA	NA	NA	NA	NA	NA	NA	NA	NA	NA	NA	NA	NA	NA	NA	NA	NA	NA	NA	NA	NA	NA	NA	NA	NA	NA	NA	NA	NA	NA	NA	NA	NA	NA	NA	NA	NA	NA	NA	NA	NA	NA	NA	NA	NA	NA	NA	NA	NA	NA	NA	NA	NA	agar dilution method	NA	NA	NA	NA	NA	agar dilution method	NA	NA	NA	NA	NA	NA	NA	NA	NA	NA	NA	NA	NA	NA	NA	NA	NA
SAMEA2143110	ID_5827734	SAMEA2143110	Homo sapiens	raven2016a	S	agar dilution method	1.0	S	agar dilution method	0.5	S	agar dilution method	512.0	R	agar dilution method	2.0	S	agar dilution method	NA	NA	NA	0.25	S	agar dilution method	NA	NA	NA	2.0	S	agar dilution method	NA	NA	NA	1.0	S	agar dilution method	NA	NA	NA	NA	NA	NA	NA	NA	NA	NA	NA	NA	NA	NA	NA	NA	NA	NA	NA	NA	NA	NA	NA	NA	NA	NA	NA	NA	NA	NA	NA	NA	NA	NA	NA	NA	NA	NA	NA	NA	NA	NA	NA	NA	NA	NA	NA	NA	NA	NA	NA	NA	NA	NA	NA	NA	NA	NA	NA	NA	NA	NA	NA	NA	NA	NA	NA	NA	NA	NA	NA	NA	NA	NA	NA	NA	NA	NA	NA	NA	NA	0.5	S	agar dilution method	NA	NA	NA	2.0	S	agar dilution method	NA	NA	NA	NA	NA	NA	NA	NA	NA	NA	NA	NA	NA	NA	NA	NA	NA
SAMEA2143677	ID_5901276	SAMEA2143677	Homo sapiens	raven2016a	S	Vitek2_AST-P607_card	1.0	S	Vitek2_AST-P607_card	<=2.0	S	Vitek2_AST-P607_card	<=0.25	S	Vitek2_AST-P607_card	2.0	S	Vitek2_AST-P607_card	<=0.12	S	Vitek2_AST-P607_card	<=0.5	S	Vitek2_AST-P607_card	NA	NA	Vitek2_AST-P607_card	NA	NA	NA	<=1.0	S	Vitek2_AST-P607_card	NA	NA	NA	NA	NA	NA	1.0	S	Vitek2_AST-P607_card	NA	NA	NA	NA	NA	NA	S	Vitek2_AST-P607_card	<=16.0	S	Vitek2_AST-P607_card	NA	NA	NA	NA	NA	NA	0.5	S	Vitek2_AST-P607_card	NA	NA	NA	NA	NA	NA	NA	NA	NA	NA	NA	NA	NA	NA	NA	NA	NA	NA	NA	NA	NA	NA	NA	NA	NA	NA	NA	NA	NA	NA	NA	NA	NA	NA	NA	NA	NA	NA	NA	NA	NA	NA	NA	NA	NA	NA	NA	NA	NA	NA	NA	NA	NA	NA	NA	NA	NA	NA	NA	NA	NA	NA	NA	NA	NA	NA	NA	NA	NA	NA	NA	NA	NA	NA	NA	NA	NA	NA	NA	NA	NA
SAMEA2143678	ID_1042107	SAMEA2143678	Homo sapiens	raven2016a	NA	agar dilution method	NA	NA	agar dilution method	NA	NA	agar dilution method	NA	NA	agar dilution method	NA	NA	agar dilution method	NA	NA	NA	NA	NA	agar dilution method	NA	NA	NA	NA	NA	agar dilution method	NA	NA	NA	NA	NA	agar dilution method	NA	NA	NA	NA	NA	NA	NA	NA	NA	NA	NA	NA	NA	NA	NA	NA	NA	NA	NA	NA	NA	NA	NA	NA	NA	NA	NA	NA	NA	NA	NA	NA	NA	NA	NA	NA	NA	NA	NA	NA	NA	NA	NA	NA	NA	NA	NA	NA	NA	NA	NA	NA	NA	NA	NA	NA	NA	NA	NA	NA	NA	NA	NA	NA	NA	NA	NA	NA	NA	NA	NA	NA	NA	NA	NA	NA	NA	NA	NA	NA	NA	NA	NA	agar dilution method	NA	NA	NA	NA	NA	agar dilution method	NA	NA	NA	NA	NA	NA	NA	NA	NA	NA	NA	NA	NA	NA	NA	NA	NA
SAMEA2143708	ID_1799002	SAMEA2143708	Homo sapiens	raven2016a	R	Vitek2_AST-P607_card	>=32.0	R	Vitek2_AST-P607_card	<=2.0	S	Vitek2_AST-P6==7_card	>=8.0	R	Vitek2_AST-P6==7_card	2.0	S	Vitek2_AST-P607_card	<=0.12	S	Vitek2_AST-P607_card	>=32.0	R	Vitek2_AST-P607_card	NA	R	Vitek2_AST-P607_card	NA	NA	disc_diffusion	>=16.0	R	Vitek2_AST-P607_card	NA	NA	disc_diffusion	NA	NA	NA	8.0	R	Vitek2_AST-P607_card	NA	NA	disc_diffusion	NA	S	disc_diffusion	R	Vitek2_AST-P607_card	<=16.0	S	Vitek2_AST-P607_card	NA	NA	NA	NA	S	disc_diffusion	>=8.0	R	Vitek2_AST-P607_card	NA	NA	NA	NA	NA	NA	NA	NA	NA	NA	NA	NA	NA	NA	NA	NA	NA	NA	NA	NA	NA	NA	NA	NA	NA	NA	NA	NA	NA	NA	NA	NA	NA	NA	NA	NA	NA	NA	NA	NA	NA	NA	NA	NA	NA	NA	NA	NA	NA	NA	NA	NA	NA	NA	disc_diffusion	NA	NA	NA	NA	R	disc_diffusion	NA	NA	NA	NA	NA	NA	NA	NA	NA	NA	NA	NA	NA	NA	NA	NA	NA	NA	NA	NA
SAMEA2143761	ID_7673572	SAMEA2143761	Homo sapiens	raven2016a	NA	disc_diffusion	NA	R	disc_diffusion	NA	R	disc_diffusion	NA	NA	disc_diffusion	NA	S	disc_diffusion	NA	S	disc_diffusion	NA	R	disc_diffusion	NA	NA	NA	NA	NA	disc_diffusion	NA	NA	disc_diffusion	NA	NA	disc_diffusion	NA	NA	NA	NA	R	disc_diffusion	NA	NA	disc_diffusion	NA	S	disc_diffusion	NA	NA	NA	S	disc_diffusion	NA	NA	NA	NA	S	disc_diffusion	NA	NA	disc_diffusion	NA	NA	NA	NA	NA	NA	NA	NA	NA	NA	NA	NA	NA	NA	NA	NA	NA	NA	NA	NA	NA	NA	NA	NA	NA	NA	NA	NA	NA	NA	NA	NA	NA	NA	NA	NA	NA	NA	NA	NA	NA	NA	NA	NA	NA	NA	NA	NA	NA	NA	NA	NA	NA	NA	disc_diffusion	NA	NA	NA	NA	NA	disc_diffusion	NA	NA	NA	NA	NA	NA	NA	NA	NA	NA	NA	NA	NA	NA	NA	NA	NA	NA	NA	NA
SAMEA2143885	ID_3890121	SAMEA2143885	Homo sapiens	raven2016a	NA	NA	NA	NA	NA	NA	NA	NA	NA	NA	NA	NA	NA	NA	NA	NA	NA	NA	NA	NA	NA	NA	NA	NA	NA	NA	NA	NA	NA	NA	NA	NA	NA	NA	NA	NA	NA	NA	NA	NA	NA	NA	NA	NA	NA	NA	NA	NA	NA	NA	NA	NA	NA	NA	NA	NA	NA	NA	NA	NA	NA	NA	NA	NA	NA	NA	NA	NA	NA	NA	NA	NA	NA	NA	NA	NA	NA	NA	NA	NA	NA	NA	NA	NA	NA	NA	NA	NA	NA	NA	NA	NA	NA	NA	NA	NA	NA	NA	NA	NA	NA	NA	NA	NA	NA	NA	NA	NA	NA	NA	NA	NA	NA	NA	NA	NA	NA	NA	NA	NA	NA	NA	NA	NA	NA	NA	NA	NA	NA	NA	NA	NA	NA	NA	NA	NA	NA	NA	NA
SAMEA2144168	ID_5072487	SAMEA2144168	Homo sapiens	raven2016a	R	agar dilution method	256.0	R	agar dilution method	2.0	S	agar dilution method	512.0	R	agar dilution method	2.0	S	agar dilution method	NA	NA	NA	128.0	R	agar dilution method	NA	NA	NA	256.0	R	agar dilution method	NA	NA	NA	4.0	S	agar dilution method	NA	NA	NA	NA	NA	NA	NA	NA	NA	NA	NA	NA	NA	NA	NA	NA	NA	NA	NA	NA	NA	NA	NA	NA	NA	NA	NA	NA	NA	NA	NA	NA	NA	NA	NA	NA	NA	NA	NA	NA	NA	NA	NA	NA	NA	NA	NA	NA	NA	NA	NA	NA	NA	NA	NA	NA	NA	NA	NA	NA	NA	NA	NA	NA	NA	NA	NA	NA	NA	NA	NA	NA	NA	NA	NA	NA	NA	NA	NA	NA	NA	1.0	S	agar dilution method	NA	NA	NA	4.0	S	agar dilution method	NA	NA	NA	NA	NA	NA	NA	NA	NA	NA	NA	NA	NA	NA	NA	NA	NA
SAMEA2144169	ID_4459719	SAMEA2144169	Homo sapiens	raven2016a	NA	NA	NA	NA	NA	NA	NA	NA	NA	NA	NA	NA	NA	NA	NA	NA	NA	NA	NA	NA	NA	NA	NA	NA	NA	NA	NA	NA	NA	NA	NA	NA	NA	NA	NA	NA	NA	NA	NA	NA	NA	NA	NA	NA	NA	NA	NA	NA	NA	NA	NA	NA	NA	NA	NA	NA	NA	NA	NA	NA	NA	NA	NA	NA	NA	NA	NA	NA	NA	NA	NA	NA	NA	NA	NA	NA	NA	NA	NA	NA	NA	NA	NA	NA	NA	NA	NA	NA	NA	NA	NA	NA	NA	NA	NA	NA	NA	NA	NA	NA	NA	NA	NA	NA	NA	NA	NA	NA	NA	NA	NA	NA	NA	NA	NA	NA	NA	NA	NA	NA	NA	NA	NA	NA	NA	NA	NA	NA	NA	NA	NA	NA	NA	NA	NA	NA	NA	NA	NA
SAMEA2144364	ID_8010147	SAMEA2144364	Homo sapiens	raven2016a	NA	agar dilution method	NA	NA	agar dilution method	NA	NA	agar dilution method	NA	NA	agar dilution method	NA	NA	agar dilution method	NA	NA	NA	NA	NA	agar dilution method	NA	NA	NA	NA	NA	agar dilution method	NA	NA	NA	NA	NA	agar dilution method	NA	NA	NA	NA	NA	NA	NA	NA	NA	NA	NA	NA	NA	NA	NA	NA	NA	NA	NA	NA	NA	NA	NA	NA	NA	NA	NA	NA	NA	NA	NA	NA	NA	NA	NA	NA	NA	NA	NA	NA	NA	NA	NA	NA	NA	NA	NA	NA	NA	NA	NA	NA	NA	NA	NA	NA	NA	NA	NA	NA	NA	NA	NA	NA	NA	NA	NA	NA	NA	NA	NA	NA	NA	NA	NA	NA	NA	NA	NA	NA	NA	NA	NA	agar dilution method	NA	NA	NA	NA	NA	agar dilution method	NA	NA	NA	NA	NA	NA	NA	NA	NA	NA	NA	NA	NA	NA	NA	NA	NA
SAMEA2144453	ID_4140528	SAMEA2144453	Homo sapiens	raven2016a	NA	NA	NA	NA	NA	NA	NA	NA	NA	NA	NA	NA	NA	NA	NA	NA	NA	NA	NA	NA	NA	NA	NA	NA	NA	NA	NA	NA	NA	NA	NA	NA	NA	NA	NA	NA	NA	NA	NA	NA	NA	NA	NA	NA	NA	NA	NA	NA	NA	NA	NA	NA	NA	NA	NA	NA	NA	NA	NA	NA	NA	NA	NA	NA	NA	NA	NA	NA	NA	NA	NA	NA	NA	NA	NA	NA	NA	NA	NA	NA	NA	NA	NA	NA	NA	NA	NA	NA	NA	NA	NA	NA	NA	NA	NA	NA	NA	NA	NA	NA	NA	NA	NA	NA	NA	NA	NA	NA	NA	NA	NA	NA	NA	NA	NA	NA	NA	NA	NA	NA	NA	NA	NA	NA	NA	NA	NA	NA	NA	NA	NA	NA	NA	NA	NA	NA	NA	NA	NA
SAMEA2144646	ID_5616678	SAMEA2144646	Homo sapiens	raven2016a	S	agar dilution method	1.0	S	agar dilution method	1.0	S	agar dilution method	512.0	R	agar dilution method	2.0	S	agar dilution method	NA	NA	NA	1.0	S	agar dilution method	NA	NA	NA	128.0	R	agar dilution method	NA	NA	NA	4.0	S	agar dilution method	NA	NA	NA	NA	NA	NA	NA	NA	NA	NA	NA	NA	NA	NA	NA	NA	NA	NA	NA	NA	NA	NA	NA	NA	NA	NA	NA	NA	NA	NA	NA	NA	NA	NA	NA	NA	NA	NA	NA	NA	NA	NA	NA	NA	NA	NA	NA	NA	NA	NA	NA	NA	NA	NA	NA	NA	NA	NA	NA	NA	NA	NA	NA	NA	NA	NA	NA	NA	NA	NA	NA	NA	NA	NA	NA	NA	NA	NA	NA	NA	NA	1.0	S	agar dilution method	NA	NA	NA	16.0	S	agar dilution method	NA	NA	NA	NA	NA	NA	NA	NA	NA	NA	NA	NA	NA	NA	NA	NA	NA
SAMEA2144659	ID_1686135	SAMEA2144659	Homo sapiens	raven2016a	NA	NA	NA	NA	NA	NA	NA	NA	NA	NA	NA	NA	NA	NA	NA	NA	NA	NA	NA	NA	NA	NA	NA	NA	NA	NA	NA	NA	NA	NA	NA	NA	NA	NA	NA	NA	NA	NA	NA	NA	NA	NA	NA	NA	NA	NA	NA	NA	NA	NA	NA	NA	NA	NA	NA	NA	NA	NA	NA	NA	NA	NA	NA	NA	NA	NA	NA	NA	NA	NA	NA	NA	NA	NA	NA	NA	NA	NA	NA	NA	NA	NA	NA	NA	NA	NA	NA	NA	NA	NA	NA	NA	NA	NA	NA	NA	NA	NA	NA	NA	NA	NA	NA	NA	NA	NA	NA	NA	NA	NA	NA	NA	NA	NA	NA	NA	NA	NA	NA	NA	NA	NA	NA	NA	NA	NA	NA	NA	NA	NA	NA	NA	NA	NA	NA	NA	NA	NA	NA
SAMEA2145033	ID_7476999	SAMEA2145033	Homo sapiens	raven2016a	NA	agar dilution method	NA	NA	agar dilution method	NA	NA	agar dilution method	NA	NA	agar dilution method	NA	NA	agar dilution method	NA	NA	NA	NA	NA	agar dilution method	NA	NA	NA	NA	NA	agar dilution method	NA	NA	NA	NA	NA	agar dilution method	NA	NA	NA	NA	NA	NA	NA	NA	NA	NA	NA	NA	NA	NA	NA	NA	NA	NA	NA	NA	NA	NA	NA	NA	NA	NA	NA	NA	NA	NA	NA	NA	NA	NA	NA	NA	NA	NA	NA	NA	NA	NA	NA	NA	NA	NA	NA	NA	NA	NA	NA	NA	NA	NA	NA	NA	NA	NA	NA	NA	NA	NA	NA	NA	NA	NA	NA	NA	NA	NA	NA	NA	NA	NA	NA	NA	NA	NA	NA	NA	NA	NA	NA	agar dilution method	NA	NA	NA	NA	NA	agar dilution method	NA	NA	NA	NA	NA	NA	NA	NA	NA	NA	NA	NA	NA	NA	NA	NA	NA
SAMEA2145156	ID_8091861	SAMEA2145156	Homo sapiens	raven2016a	NA	Vitek2_AST-P607_card	NA	NA	Vitek2_AST-P607_card	NA	NA	Vitek2_AST-P607_card	NA	NA	Vitek2_AST-P607_card	NA	NA	Vitek2_AST-P607_card	NA	NA	Vitek2_AST-P607_card	NA	NA	Vitek2_AST-P607_card	NA	NA	Vitek2_AST-P607_card	NA	NA	NA	NA	NA	Vitek2_AST-P607_card	NA	NA	NA	NA	NA	NA	NA	NA	Vitek2_AST-P607_card	NA	NA	NA	NA	NA	NA	NA	Vitek2_AST-P607_card	NA	NA	Vitek2_AST-P607_card	NA	NA	NA	NA	NA	NA	NA	NA	Vitek2_AST-P607_card	NA	NA	NA	NA	NA	NA	NA	NA	NA	NA	NA	NA	NA	NA	NA	NA	NA	NA	NA	NA	NA	NA	NA	NA	NA	NA	NA	NA	NA	NA	NA	NA	NA	NA	NA	NA	NA	NA	NA	NA	NA	NA	NA	NA	NA	NA	NA	NA	NA	NA	NA	NA	NA	NA	NA	NA	NA	NA	NA	NA	NA	NA	NA	NA	NA	NA	NA	NA	NA	NA	NA	NA	NA	NA	NA	NA	NA	NA	NA	NA	NA
SAMEA2145237	ID_4323815	SAMEA2145237	Homo sapiens	raven2016a	NA	NA	NA	NA	NA	NA	NA	NA	NA	NA	NA	NA	NA	NA	NA	NA	NA	NA	NA	NA	NA	NA	NA	NA	NA	NA	NA	NA	NA	NA	NA	NA	NA	NA	NA	NA	NA	NA	NA	NA	NA	NA	NA	NA	NA	NA	NA	NA	NA	NA	NA	NA	NA	NA	NA	NA	NA	NA	NA	NA	NA	NA	NA	NA	NA	NA	NA	NA	NA	NA	NA	NA	NA	NA	NA	NA	NA	NA	NA	NA	NA	NA	NA	NA	NA	NA	NA	NA	NA	NA	NA	NA	NA	NA	NA	NA	NA	NA	NA	NA	NA	NA	NA	NA	NA	NA	NA	NA	NA	NA	NA	NA	NA	NA	NA	NA	NA	NA	NA	NA	NA	NA	NA	NA	NA	NA	NA	NA	NA	NA	NA	NA	NA	NA	NA	NA	NA	NA	NA
SAMEA2145331	ID_3509072	SAMEA2145331	Homo sapiens	raven2016a	S	disc_diffusion	NA	R	disc_diffusion	NA	S	disc_diffusion	NA	NA	disc_diffusion	NA	S	disc_diffusion	NA	S	disc_diffusion	NA	R	disc_diffusion	NA	NA	NA	NA	NA	disc_diffusion	NA	NA	disc_diffusion	NA	NA	disc_diffusion	NA	NA	NA	NA	R	disc_diffusion	NA	NA	disc_diffusion	NA	S	disc_diffusion	NA	NA	NA	S	disc_diffusion	NA	NA	NA	NA	S	disc_diffusion	NA	NA	disc_diffusion	NA	NA	NA	NA	NA	NA	NA	NA	NA	NA	NA	NA	NA	NA	NA	NA	NA	NA	NA	NA	NA	NA	NA	NA	NA	NA	NA	NA	NA	NA	NA	NA	NA	NA	NA	NA	NA	NA	NA	NA	NA	NA	NA	NA	NA	NA	NA	NA	NA	NA	NA	NA	NA	NA	disc_diffusion	NA	NA	NA	NA	R	disc_diffusion	NA	NA	NA	NA	NA	NA	NA	NA	NA	NA	NA	NA	NA	NA	NA	NA	NA	NA	NA	NA
SAMEA2145411	ID_1093608	SAMEA2145411	Homo sapiens	raven2016a	S	agar dilution method	1.0	S	agar dilution method	1.0	S	agar dilution method	512.0	R	agar dilution method	2.0	S	agar dilution method	NA	NA	NA	0.25	S	agar dilution method	NA	NA	NA	2.0	S	agar dilution method	NA	NA	NA	1.0	S	agar dilution method	NA	NA	NA	NA	NA	NA	NA	NA	NA	NA	NA	NA	NA	NA	NA	NA	NA	NA	NA	NA	NA	NA	NA	NA	NA	NA	NA	NA	NA	NA	NA	NA	NA	NA	NA	NA	NA	NA	NA	NA	NA	NA	NA	NA	NA	NA	NA	NA	NA	NA	NA	NA	NA	NA	NA	NA	NA	NA	NA	NA	NA	NA	NA	NA	NA	NA	NA	NA	NA	NA	NA	NA	NA	NA	NA	NA	NA	NA	NA	NA	NA	0.5	S	agar dilution method	NA	NA	NA	2.0	S	agar dilution method	NA	NA	NA	NA	NA	NA	NA	NA	NA	NA	NA	NA	NA	NA	NA	NA	NA
SAMEA2145536	ID_7297620	SAMEA2145536	Homo sapiens	raven2016a	NA	NA	NA	NA	NA	NA	NA	NA	NA	NA	NA	NA	NA	NA	NA	NA	NA	NA	NA	NA	NA	NA	NA	NA	NA	NA	NA	NA	NA	NA	NA	NA	NA	NA	NA	NA	NA	NA	NA	NA	NA	NA	NA	NA	NA	NA	NA	NA	NA	NA	NA	NA	NA	NA	NA	NA	NA	NA	NA	NA	NA	NA	NA	NA	NA	NA	NA	NA	NA	NA	NA	NA	NA	NA	NA	NA	NA	NA	NA	NA	NA	NA	NA	NA	NA	NA	NA	NA	NA	NA	NA	NA	NA	NA	NA	NA	NA	NA	NA	NA	NA	NA	NA	NA	NA	NA	NA	NA	NA	NA	NA	NA	NA	NA	NA	NA	NA	NA	NA	NA	NA	NA	NA	NA	NA	NA	NA	NA	NA	NA	NA	NA	NA	NA	NA	NA	NA	NA	NA
SAMEA2145783	ID_6389169	SAMEA2145783	Homo sapiens	raven2016a	R	agar dilution method	2.0	S	agar dilution method	0.5	S	agar dilution method	512.0	R	agar dilution method	2.0	S	agar dilution method	NA	NA	NA	0.5	S	agar dilution method	NA	NA	NA	128.0	R	agar dilution method	NA	NA	NA	4.0	S	agar dilution method	NA	NA	NA	NA	NA	NA	NA	NA	NA	NA	NA	NA	NA	NA	NA	NA	NA	NA	NA	NA	NA	NA	NA	NA	NA	NA	NA	NA	NA	NA	NA	NA	NA	NA	NA	NA	NA	NA	NA	NA	NA	NA	NA	NA	NA	NA	NA	NA	NA	NA	NA	NA	NA	NA	NA	NA	NA	NA	NA	NA	NA	NA	NA	NA	NA	NA	NA	NA	NA	NA	NA	NA	NA	NA	NA	NA	NA	NA	NA	NA	NA	1.0	S	agar dilution method	NA	NA	NA	4.0	S	agar dilution method	NA	NA	NA	NA	NA	NA	NA	NA	NA	NA	NA	NA	NA	NA	NA	NA	NA
SAMEA2145973	ID_4319037	SAMEA2145973	Homo sapiens	raven2016a	NA	agar dilution method	NA	NA	agar dilution method	NA	NA	agar dilution method	NA	NA	agar dilution method	NA	NA	agar dilution method	NA	NA	NA	NA	NA	agar dilution method	NA	NA	NA	NA	NA	agar dilution method	NA	NA	NA	NA	NA	agar dilution method	NA	NA	NA	NA	NA	NA	NA	NA	NA	NA	NA	NA	NA	NA	NA	NA	NA	NA	NA	NA	NA	NA	NA	NA	NA	NA	NA	NA	NA	NA	NA	NA	NA	NA	NA	NA	NA	NA	NA	NA	NA	NA	NA	NA	NA	NA	NA	NA	NA	NA	NA	NA	NA	NA	NA	NA	NA	NA	NA	NA	NA	NA	NA	NA	NA	NA	NA	NA	NA	NA	NA	NA	NA	NA	NA	NA	NA	NA	NA	NA	NA	NA	NA	agar dilution method	NA	NA	NA	NA	NA	agar dilution method	NA	NA	NA	NA	NA	NA	NA	NA	NA	NA	NA	NA	NA	NA	NA	NA	NA
SAMEA2146029	ID_3242797	SAMEA2146029	Homo sapiens	raven2016a	S	agar dilution method	1.0	S	agar dilution method	0.5	S	agar dilution method	512.0	R	agar dilution method	2.0	S	agar dilution method	NA	NA	NA	0.5	S	agar dilution method	NA	NA	NA	2.0	S	agar dilution method	NA	NA	NA	1.0	S	agar dilution method	NA	NA	NA	NA	NA	NA	NA	NA	NA	NA	NA	NA	NA	NA	NA	NA	NA	NA	NA	NA	NA	NA	NA	NA	NA	NA	NA	NA	NA	NA	NA	NA	NA	NA	NA	NA	NA	NA	NA	NA	NA	NA	NA	NA	NA	NA	NA	NA	NA	NA	NA	NA	NA	NA	NA	NA	NA	NA	NA	NA	NA	NA	NA	NA	NA	NA	NA	NA	NA	NA	NA	NA	NA	NA	NA	NA	NA	NA	NA	NA	NA	0.5	S	agar dilution method	NA	NA	NA	2.0	S	agar dilution method	NA	NA	NA	NA	NA	NA	NA	NA	NA	NA	NA	NA	NA	NA	NA	NA	NA
SAMEA2146222	ID_2611121	SAMEA2146222	Homo sapiens	raven2016a	NA	NA	NA	NA	NA	NA	NA	NA	NA	NA	NA	NA	NA	NA	NA	NA	NA	NA	NA	NA	NA	NA	NA	NA	NA	NA	NA	NA	NA	NA	NA	NA	NA	NA	NA	NA	NA	NA	NA	NA	NA	NA	NA	NA	NA	NA	NA	NA	NA	NA	NA	NA	NA	NA	NA	NA	NA	NA	NA	NA	NA	NA	NA	NA	NA	NA	NA	NA	NA	NA	NA	NA	NA	NA	NA	NA	NA	NA	NA	NA	NA	NA	NA	NA	NA	NA	NA	NA	NA	NA	NA	NA	NA	NA	NA	NA	NA	NA	NA	NA	NA	NA	NA	NA	NA	NA	NA	NA	NA	NA	NA	NA	NA	NA	NA	NA	NA	NA	NA	NA	NA	NA	NA	NA	NA	NA	NA	NA	NA	NA	NA	NA	NA	NA	NA	NA	NA	NA	NA
SAMEA2146448	ID_8857992	SAMEA2146448	Homo sapiens	raven2016a	NA	agar dilution method	NA	NA	agar dilution method	NA	NA	agar dilution method	NA	NA	agar dilution method	NA	NA	agar dilution method	NA	NA	NA	NA	NA	agar dilution method	NA	NA	NA	NA	NA	agar dilution method	NA	NA	NA	NA	NA	agar dilution method	NA	NA	NA	NA	NA	NA	NA	NA	NA	NA	NA	NA	NA	NA	NA	NA	NA	NA	NA	NA	NA	NA	NA	NA	NA	NA	NA	NA	NA	NA	NA	NA	NA	NA	NA	NA	NA	NA	NA	NA	NA	NA	NA	NA	NA	NA	NA	NA	NA	NA	NA	NA	NA	NA	NA	NA	NA	NA	NA	NA	NA	NA	NA	NA	NA	NA	NA	NA	NA	NA	NA	NA	NA	NA	NA	NA	NA	NA	NA	NA	NA	NA	NA	agar dilution method	NA	NA	NA	NA	NA	agar dilution method	NA	NA	NA	NA	NA	NA	NA	NA	NA	NA	NA	NA	NA	NA	NA	NA	NA
SAMEA2146451	ID_3713210	SAMEA2146451	Homo sapiens	raven2016a	NA	Vitek2_AST-P607_card	NA	NA	Vitek2_AST-P607_card	NA	NA	Vitek2_AST-P607_card	NA	NA	Vitek2_AST-P607_card	NA	NA	Vitek2_AST-P607_card	NA	NA	Vitek2_AST-P607_card	NA	NA	Vitek2_AST-P607_card	NA	NA	Vitek2_AST-P607_card	NA	NA	NA	NA	NA	Vitek2_AST-P607_card	NA	NA	NA	NA	NA	NA	NA	NA	Vitek2_AST-P607_card	NA	NA	NA	NA	NA	NA	NA	Vitek2_AST-P607_card	NA	NA	Vitek2_AST-P607_card	NA	NA	NA	NA	NA	NA	NA	NA	Vitek2_AST-P607_card	NA	NA	NA	NA	NA	NA	NA	NA	NA	NA	NA	NA	NA	NA	NA	NA	NA	NA	NA	NA	NA	NA	NA	NA	NA	NA	NA	NA	NA	NA	NA	NA	NA	NA	NA	NA	NA	NA	NA	NA	NA	NA	NA	NA	NA	NA	NA	NA	NA	NA	NA	NA	NA	NA	NA	NA	NA	NA	NA	NA	NA	NA	NA	NA	NA	NA	NA	NA	NA	NA	NA	NA	NA	NA	NA	NA	NA	NA	NA	NA	NA
SAMEA2146490	ID_5983240	SAMEA2146490	Homo sapiens	raven2016a	NA	NA	NA	NA	NA	NA	NA	NA	NA	NA	NA	NA	NA	NA	NA	NA	NA	NA	NA	NA	NA	NA	NA	NA	NA	NA	NA	NA	NA	NA	NA	NA	NA	NA	NA	NA	NA	NA	NA	NA	NA	NA	NA	NA	NA	NA	NA	NA	NA	NA	NA	NA	NA	NA	NA	NA	NA	NA	NA	NA	NA	NA	NA	NA	NA	NA	NA	NA	NA	NA	NA	NA	NA	NA	NA	NA	NA	NA	NA	NA	NA	NA	NA	NA	NA	NA	NA	NA	NA	NA	NA	NA	NA	NA	NA	NA	NA	NA	NA	NA	NA	NA	NA	NA	NA	NA	NA	NA	NA	NA	NA	NA	NA	NA	NA	NA	NA	NA	NA	NA	NA	NA	NA	NA	NA	NA	NA	NA	NA	NA	NA	NA	NA	NA	NA	NA	NA	NA	NA
SAMEA2146530	ID_3052551	SAMEA2146530	Homo sapiens	raven2016a	NA	NA	NA	NA	NA	NA	NA	NA	NA	NA	NA	NA	NA	NA	NA	NA	NA	NA	NA	NA	NA	NA	NA	NA	NA	NA	NA	NA	NA	NA	NA	NA	NA	NA	NA	NA	NA	NA	NA	NA	NA	NA	NA	NA	NA	NA	NA	NA	NA	NA	NA	NA	NA	NA	NA	NA	NA	NA	NA	NA	NA	NA	NA	NA	NA	NA	NA	NA	NA	NA	NA	NA	NA	NA	NA	NA	NA	NA	NA	NA	NA	NA	NA	NA	NA	NA	NA	NA	NA	NA	NA	NA	NA	NA	NA	NA	NA	NA	NA	NA	NA	NA	NA	NA	NA	NA	NA	NA	NA	NA	NA	NA	NA	NA	NA	NA	NA	NA	NA	NA	NA	NA	NA	NA	NA	NA	NA	NA	NA	NA	NA	NA	NA	NA	NA	NA	NA	NA	NA
SAMEA2146567	ID_4303642	SAMEA2146567	Homo sapiens	raven2016a	R	agar dilution method	2.0	S	agar dilution method	0.5	S	agar dilution method	512.0	R	agar dilution method	2.0	S	agar dilution method	NA	NA	NA	1.0	S	agar dilution method	NA	NA	NA	64.0	R	agar dilution method	NA	NA	NA	2.0	S	agar dilution method	NA	NA	NA	NA	NA	NA	NA	NA	NA	NA	NA	NA	NA	NA	NA	NA	NA	NA	NA	NA	NA	NA	NA	NA	NA	NA	NA	NA	NA	NA	NA	NA	NA	NA	NA	NA	NA	NA	NA	NA	NA	NA	NA	NA	NA	NA	NA	NA	NA	NA	NA	NA	NA	NA	NA	NA	NA	NA	NA	NA	NA	NA	NA	NA	NA	NA	NA	NA	NA	NA	NA	NA	NA	NA	NA	NA	NA	NA	NA	NA	NA	0.5	S	agar dilution method	NA	NA	NA	4.0	S	agar dilution method	NA	NA	NA	NA	NA	NA	NA	NA	NA	NA	NA	NA	NA	NA	NA	NA	NA
SAMEA2146580	ID_7019196	SAMEA2146580	Homo sapiens	raven2016a	NA	NA	NA	NA	NA	NA	NA	NA	NA	NA	NA	NA	NA	NA	NA	NA	NA	NA	NA	NA	NA	NA	NA	NA	NA	NA	NA	NA	NA	NA	NA	NA	NA	NA	NA	NA	NA	NA	NA	NA	NA	NA	NA	NA	NA	NA	NA	NA	NA	NA	NA	NA	NA	NA	NA	NA	NA	NA	NA	NA	NA	NA	NA	NA	NA	NA	NA	NA	NA	NA	NA	NA	NA	NA	NA	NA	NA	NA	NA	NA	NA	NA	NA	NA	NA	NA	NA	NA	NA	NA	NA	NA	NA	NA	NA	NA	NA	NA	NA	NA	NA	NA	NA	NA	NA	NA	NA	NA	NA	NA	NA	NA	NA	NA	NA	NA	NA	NA	NA	NA	NA	NA	NA	NA	NA	NA	NA	NA	NA	NA	NA	NA	NA	NA	NA	NA	NA	NA	NA
SAMEA2146715	ID_2889734	SAMEA2146715	Homo sapiens	raven2016a	R	agar dilution method	2.0	S	agar dilution method	2.0	S	agar dilution method	512.0	R	agar dilution method	2.0	S	agar dilution method	NA	NA	NA	0.5	S	agar dilution method	NA	NA	NA	256.0	R	agar dilution method	NA	NA	NA	8.0	S	agar dilution method	NA	NA	NA	NA	NA	NA	NA	NA	NA	NA	NA	NA	NA	NA	NA	NA	NA	NA	NA	NA	NA	NA	NA	NA	NA	NA	NA	NA	NA	NA	NA	NA	NA	NA	NA	NA	NA	NA	NA	NA	NA	NA	NA	NA	NA	NA	NA	NA	NA	NA	NA	NA	NA	NA	NA	NA	NA	NA	NA	NA	NA	NA	NA	NA	NA	NA	NA	NA	NA	NA	NA	NA	NA	NA	NA	NA	NA	NA	NA	NA	NA	1.0	S	agar dilution method	NA	NA	NA	16.0	S	agar dilution method	NA	NA	NA	NA	NA	NA	NA	NA	NA	NA	NA	NA	NA	NA	NA	NA	NA
SAMEA2147083	ID_4928580	SAMEA2147083	Homo sapiens	raven2016a	R	agar dilution method	256.0	R	agar dilution method	0.5	S	agar dilution method	512.0	R	agar dilution method	2.0	S	agar dilution method	NA	NA	NA	128.0	R	agar dilution method	NA	NA	NA	128.0	R	agar dilution method	NA	NA	NA	2.0	S	agar dilution method	NA	NA	NA	NA	NA	NA	NA	NA	NA	NA	NA	NA	NA	NA	NA	NA	NA	NA	NA	NA	NA	NA	NA	NA	NA	NA	NA	NA	NA	NA	NA	NA	NA	NA	NA	NA	NA	NA	NA	NA	NA	NA	NA	NA	NA	NA	NA	NA	NA	NA	NA	NA	NA	NA	NA	NA	NA	NA	NA	NA	NA	NA	NA	NA	NA	NA	NA	NA	NA	NA	NA	NA	NA	NA	NA	NA	NA	NA	NA	NA	NA	0.5	S	agar dilution method	NA	NA	NA	8.0	S	agar dilution method	NA	NA	NA	NA	NA	NA	NA	NA	NA	NA	NA	NA	NA	NA	NA	NA	NA
SAMEA2147299	ID_5362730	SAMEA2147299	Homo sapiens	raven2016a	R	agar dilution method	1.0	S	agar dilution method	0.5	S	agar dilution method	512.0	R	agar dilution method	2.0	S	agar dilution method	NA	NA	NA	0.25	S	agar dilution method	NA	NA	NA	1.0	S	agar dilution method	NA	NA	NA	2.0	S	agar dilution method	NA	NA	NA	NA	NA	NA	NA	NA	NA	NA	NA	NA	NA	NA	NA	NA	NA	NA	NA	NA	NA	NA	NA	NA	NA	NA	NA	NA	NA	NA	NA	NA	NA	NA	NA	NA	NA	NA	NA	NA	NA	NA	NA	NA	NA	NA	NA	NA	NA	NA	NA	NA	NA	NA	NA	NA	NA	NA	NA	NA	NA	NA	NA	NA	NA	NA	NA	NA	NA	NA	NA	NA	NA	NA	NA	NA	NA	NA	NA	NA	NA	1.0	S	agar dilution method	NA	NA	NA	2.0	S	agar dilution method	NA	NA	NA	NA	NA	NA	NA	NA	NA	NA	NA	NA	NA	NA	NA	NA	NA
SAMEA2147387	ID_4027185	SAMEA2147387	Homo sapiens	raven2016a	R	agar dilution method	2.0	S	agar dilution method	1.0	S	agar dilution method	512.0	R	agar dilution method	1.0	S	agar dilution method	NA	NA	NA	0.25	S	agar dilution method	NA	NA	NA	128.0	R	agar dilution method	NA	NA	NA	4.0	S	agar dilution method	NA	NA	NA	NA	NA	NA	NA	NA	NA	NA	NA	NA	NA	NA	NA	NA	NA	NA	NA	NA	NA	NA	NA	NA	NA	NA	NA	NA	NA	NA	NA	NA	NA	NA	NA	NA	NA	NA	NA	NA	NA	NA	NA	NA	NA	NA	NA	NA	NA	NA	NA	NA	NA	NA	NA	NA	NA	NA	NA	NA	NA	NA	NA	NA	NA	NA	NA	NA	NA	NA	NA	NA	NA	NA	NA	NA	NA	NA	NA	NA	NA	1.0	S	agar dilution method	NA	NA	NA	4.0	S	agar dilution method	NA	NA	NA	NA	NA	NA	NA	NA	NA	NA	NA	NA	NA	NA	NA	NA	NA
SAMEA2147403	ID_6957000	SAMEA2147403	Homo sapiens	raven2016a	S	agar dilution method	4.0	S	agar dilution method	1.0	S	agar dilution method	2.0	S	agar dilution method	2.0	S	agar dilution method	NA	NA	NA	0.25	S	agar dilution method	NA	NA	NA	2.0	S	agar dilution method	NA	NA	NA	2.0	S	agar dilution method	NA	NA	NA	NA	NA	NA	NA	NA	NA	NA	NA	NA	NA	NA	NA	NA	NA	NA	NA	NA	NA	NA	NA	NA	NA	NA	NA	NA	NA	NA	NA	NA	NA	NA	NA	NA	NA	NA	NA	NA	NA	NA	NA	NA	NA	NA	NA	NA	NA	NA	NA	NA	NA	NA	NA	NA	NA	NA	NA	NA	NA	NA	NA	NA	NA	NA	NA	NA	NA	NA	NA	NA	NA	NA	NA	NA	NA	NA	NA	NA	NA	1.0	S	agar dilution method	NA	NA	NA	2.0	S	agar dilution method	NA	NA	NA	NA	NA	NA	NA	NA	NA	NA	NA	NA	NA	NA	NA	NA	NA
SAMEA2147604	ID_7166554	SAMEA2147604	Homo sapiens	raven2016a	R	agar dilution method	256.0	R	agar dilution method	0.5	S	agar dilution method	512.0	R	agar dilution method	2.0	S	agar dilution method	NA	NA	NA	8.0	R	agar dilution method	NA	NA	NA	64.0	R	agar dilution method	NA	NA	NA	1.0	S	agar dilution method	NA	NA	NA	NA	NA	NA	NA	NA	NA	NA	NA	NA	NA	NA	NA	NA	NA	NA	NA	NA	NA	NA	NA	NA	NA	NA	NA	NA	NA	NA	NA	NA	NA	NA	NA	NA	NA	NA	NA	NA	NA	NA	NA	NA	NA	NA	NA	NA	NA	NA	NA	NA	NA	NA	NA	NA	NA	NA	NA	NA	NA	NA	NA	NA	NA	NA	NA	NA	NA	NA	NA	NA	NA	NA	NA	NA	NA	NA	NA	NA	NA	0.5	S	agar dilution method	NA	NA	NA	4.0	S	agar dilution method	NA	NA	NA	NA	NA	NA	NA	NA	NA	NA	NA	NA	NA	NA	NA	NA	NA
SAMEA2147728	ID_6662340	SAMEA2147728	Homo sapiens	raven2016a	NA	NA	NA	NA	NA	NA	NA	NA	NA	NA	NA	NA	NA	NA	NA	NA	NA	NA	NA	NA	NA	NA	NA	NA	NA	NA	NA	NA	NA	NA	NA	NA	NA	NA	NA	NA	NA	NA	NA	NA	NA	NA	NA	NA	NA	NA	NA	NA	NA	NA	NA	NA	NA	NA	NA	NA	NA	NA	NA	NA	NA	NA	NA	NA	NA	NA	NA	NA	NA	NA	NA	NA	NA	NA	NA	NA	NA	NA	NA	NA	NA	NA	NA	NA	NA	NA	NA	NA	NA	NA	NA	NA	NA	NA	NA	NA	NA	NA	NA	NA	NA	NA	NA	NA	NA	NA	NA	NA	NA	NA	NA	NA	NA	NA	NA	NA	NA	NA	NA	NA	NA	NA	NA	NA	NA	NA	NA	NA	NA	NA	NA	NA	NA	NA	NA	NA	NA	NA	NA
SAMEA2147741	ID_5395855	SAMEA2147741	Homo sapiens	raven2016a	R	agar dilution method	1.0	S	agar dilution method	1.0	S	agar dilution method	512.0	R	agar dilution method	2.0	S	agar dilution method	NA	NA	NA	0.25	S	agar dilution method	NA	NA	NA	128.0	R	agar dilution method	NA	NA	NA	2.0	S	agar dilution method	NA	NA	NA	NA	NA	NA	NA	NA	NA	NA	NA	NA	NA	NA	NA	NA	NA	NA	NA	NA	NA	NA	NA	NA	NA	NA	NA	NA	NA	NA	NA	NA	NA	NA	NA	NA	NA	NA	NA	NA	NA	NA	NA	NA	NA	NA	NA	NA	NA	NA	NA	NA	NA	NA	NA	NA	NA	NA	NA	NA	NA	NA	NA	NA	NA	NA	NA	NA	NA	NA	NA	NA	NA	NA	NA	NA	NA	NA	NA	NA	NA	1.0	S	agar dilution method	NA	NA	NA	4.0	S	agar dilution method	NA	NA	NA	NA	NA	NA	NA	NA	NA	NA	NA	NA	NA	NA	NA	NA	NA
SAMEA2147867	ID_1092323	SAMEA2147867	Homo sapiens	raven2016a	S	agar dilution method	4.0	S	agar dilution method	0.5	S	agar dilution method	512.0	R	agar dilution method	1.0	S	agar dilution method	NA	NA	NA	0.25	S	agar dilution method	NA	NA	NA	0.5	S	agar dilution method	NA	NA	NA	2.0	S	agar dilution method	NA	NA	NA	NA	NA	NA	NA	NA	NA	NA	NA	NA	NA	NA	NA	NA	NA	NA	NA	NA	NA	NA	NA	NA	NA	NA	NA	NA	NA	NA	NA	NA	NA	NA	NA	NA	NA	NA	NA	NA	NA	NA	NA	NA	NA	NA	NA	NA	NA	NA	NA	NA	NA	NA	NA	NA	NA	NA	NA	NA	NA	NA	NA	NA	NA	NA	NA	NA	NA	NA	NA	NA	NA	NA	NA	NA	NA	NA	NA	NA	NA	0.5	S	agar dilution method	NA	NA	NA	2.0	S	agar dilution method	NA	NA	NA	NA	NA	NA	NA	NA	NA	NA	NA	NA	NA	NA	NA	NA	NA
SAMEA2147924	ID_3644611	SAMEA2147924	Homo sapiens	raven2016a	NA	disc_diffusion	NA	R	disc_diffusion	NA	S	disc_diffusion	NA	NA	disc_diffusion	NA	S	disc_diffusion	NA	S	disc_diffusion	NA	R	disc_diffusion	NA	NA	NA	NA	NA	disc_diffusion	NA	NA	disc_diffusion	NA	NA	disc_diffusion	NA	NA	NA	NA	R	disc_diffusion	NA	NA	disc_diffusion	NA	R	disc_diffusion	NA	NA	NA	S	disc_diffusion	NA	NA	NA	NA	R	disc_diffusion	NA	NA	disc_diffusion	NA	NA	NA	NA	NA	NA	NA	NA	NA	NA	NA	NA	NA	NA	NA	NA	NA	NA	NA	NA	NA	NA	NA	NA	NA	NA	NA	NA	NA	NA	NA	NA	NA	NA	NA	NA	NA	NA	NA	NA	NA	NA	NA	NA	NA	NA	NA	NA	NA	NA	NA	NA	NA	NA	disc_diffusion	NA	NA	NA	NA	NA	disc_diffusion	NA	NA	NA	NA	NA	NA	NA	NA	NA	NA	NA	NA	NA	NA	NA	NA	NA	NA	NA	NA
SAMEA2148014	ID_4869130	SAMEA2148014	Homo sapiens	raven2016a	NA	agar dilution method	NA	NA	agar dilution method	NA	NA	agar dilution method	NA	NA	agar dilution method	NA	NA	agar dilution method	NA	NA	NA	NA	NA	agar dilution method	NA	NA	NA	NA	NA	agar dilution method	NA	NA	NA	NA	NA	agar dilution method	NA	NA	NA	NA	NA	NA	NA	NA	NA	NA	NA	NA	NA	NA	NA	NA	NA	NA	NA	NA	NA	NA	NA	NA	NA	NA	NA	NA	NA	NA	NA	NA	NA	NA	NA	NA	NA	NA	NA	NA	NA	NA	NA	NA	NA	NA	NA	NA	NA	NA	NA	NA	NA	NA	NA	NA	NA	NA	NA	NA	NA	NA	NA	NA	NA	NA	NA	NA	NA	NA	NA	NA	NA	NA	NA	NA	NA	NA	NA	NA	NA	NA	NA	agar dilution method	NA	NA	NA	NA	NA	agar dilution method	NA	NA	NA	NA	NA	NA	NA	NA	NA	NA	NA	NA	NA	NA	NA	NA	NA
SAMEA2148054	ID_7677249	SAMEA2148054	Homo sapiens	raven2016a	NA	agar dilution method	NA	NA	agar dilution method	NA	NA	agar dilution method	NA	NA	agar dilution method	NA	NA	agar dilution method	NA	NA	NA	NA	NA	agar dilution method	NA	NA	NA	NA	NA	agar dilution method	NA	NA	NA	NA	NA	agar dilution method	NA	NA	NA	NA	NA	NA	NA	NA	NA	NA	NA	NA	NA	NA	NA	NA	NA	NA	NA	NA	NA	NA	NA	NA	NA	NA	NA	NA	NA	NA	NA	NA	NA	NA	NA	NA	NA	NA	NA	NA	NA	NA	NA	NA	NA	NA	NA	NA	NA	NA	NA	NA	NA	NA	NA	NA	NA	NA	NA	NA	NA	NA	NA	NA	NA	NA	NA	NA	NA	NA	NA	NA	NA	NA	NA	NA	NA	NA	NA	NA	NA	NA	NA	agar dilution method	NA	NA	NA	NA	NA	agar dilution method	NA	NA	NA	NA	NA	NA	NA	NA	NA	NA	NA	NA	NA	NA	NA	NA	NA
SAMEA2148097	ID_8436484	SAMEA2148097	Homo sapiens	raven2016a	S	agar dilution method	1.0	S	agar dilution method	0.5	S	agar dilution method	2.0	S	agar dilution method	2.0	S	agar dilution method	NA	NA	NA	0.5	S	agar dilution method	NA	NA	NA	2.0	S	agar dilution method	NA	NA	NA	1.0	S	agar dilution method	NA	NA	NA	NA	NA	NA	NA	NA	NA	NA	NA	NA	NA	NA	NA	NA	NA	NA	NA	NA	NA	NA	NA	NA	NA	NA	NA	NA	NA	NA	NA	NA	NA	NA	NA	NA	NA	NA	NA	NA	NA	NA	NA	NA	NA	NA	NA	NA	NA	NA	NA	NA	NA	NA	NA	NA	NA	NA	NA	NA	NA	NA	NA	NA	NA	NA	NA	NA	NA	NA	NA	NA	NA	NA	NA	NA	NA	NA	NA	NA	NA	0.25	S	agar dilution method	NA	NA	NA	1.0	S	agar dilution method	NA	NA	NA	NA	NA	NA	NA	NA	NA	NA	NA	NA	NA	NA	NA	NA	NA
SAMEA2148104	ID_1961633	SAMEA2148104	Homo sapiens	raven2016a	R	agar dilution method	256.0	R	agar dilution method	1.0	S	agar dilution method	512.0	R	agar dilution method	2.0	S	agar dilution method	NA	NA	NA	16.0	R	agar dilution method	NA	NA	NA	128.0	R	agar dilution method	NA	NA	NA	32.0	R	agar dilution method	NA	NA	NA	NA	NA	NA	NA	NA	NA	NA	NA	NA	NA	NA	NA	NA	NA	NA	NA	NA	NA	NA	NA	NA	NA	NA	NA	NA	NA	NA	NA	NA	NA	NA	NA	NA	NA	NA	NA	NA	NA	NA	NA	NA	NA	NA	NA	NA	NA	NA	NA	NA	NA	NA	NA	NA	NA	NA	NA	NA	NA	NA	NA	NA	NA	NA	NA	NA	NA	NA	NA	NA	NA	NA	NA	NA	NA	NA	NA	NA	NA	1.0	S	agar dilution method	NA	NA	NA	8.0	S	agar dilution method	NA	NA	NA	NA	NA	NA	NA	NA	NA	NA	NA	NA	NA	NA	NA	NA	NA
SAMEA2148121	ID_3471272	SAMEA2148121	Homo sapiens	raven2016a	NA	NA	NA	NA	NA	NA	NA	NA	NA	NA	NA	NA	NA	NA	NA	NA	NA	NA	NA	NA	NA	NA	NA	NA	NA	NA	NA	NA	NA	NA	NA	NA	NA	NA	NA	NA	NA	NA	NA	NA	NA	NA	NA	NA	NA	NA	NA	NA	NA	NA	NA	NA	NA	NA	NA	NA	NA	NA	NA	NA	NA	NA	NA	NA	NA	NA	NA	NA	NA	NA	NA	NA	NA	NA	NA	NA	NA	NA	NA	NA	NA	NA	NA	NA	NA	NA	NA	NA	NA	NA	NA	NA	NA	NA	NA	NA	NA	NA	NA	NA	NA	NA	NA	NA	NA	NA	NA	NA	NA	NA	NA	NA	NA	NA	NA	NA	NA	NA	NA	NA	NA	NA	NA	NA	NA	NA	NA	NA	NA	NA	NA	NA	NA	NA	NA	NA	NA	NA	NA
SAMEA2148159	ID_5112119	SAMEA2148159	Homo sapiens	raven2016a	NA	Vitek2_AST-P607_card	NA	NA	Vitek2_AST-P607_card	NA	NA	Vitek2_AST-P607_card	NA	NA	Vitek2_AST-P607_card	NA	NA	Vitek2_AST-P607_card	NA	NA	Vitek2_AST-P607_card	NA	NA	Vitek2_AST-P607_card	NA	NA	Vitek2_AST-P607_card	NA	NA	NA	NA	NA	Vitek2_AST-P607_card	NA	NA	NA	NA	NA	NA	NA	NA	Vitek2_AST-P607_card	NA	NA	NA	NA	NA	NA	NA	Vitek2_AST-P607_card	NA	NA	Vitek2_AST-P607_card	NA	NA	NA	NA	NA	NA	NA	NA	Vitek2_AST-P607_card	NA	NA	NA	NA	NA	NA	NA	NA	NA	NA	NA	NA	NA	NA	NA	NA	NA	NA	NA	NA	NA	NA	NA	NA	NA	NA	NA	NA	NA	NA	NA	NA	NA	NA	NA	NA	NA	NA	NA	NA	NA	NA	NA	NA	NA	NA	NA	NA	NA	NA	NA	NA	NA	NA	NA	NA	NA	NA	NA	NA	NA	NA	NA	NA	NA	NA	NA	NA	NA	NA	NA	NA	NA	NA	NA	NA	NA	NA	NA	NA	NA
SAMEA2148333	ID_3337677	SAMEA2148333	Homo sapiens	raven2016a	S	agar dilution method	1.0	S	agar dilution method	1.0	S	agar dilution method	4.0	S	agar dilution method	2.0	S	agar dilution method	NA	NA	NA	0.25	S	agar dilution method	NA	NA	NA	2.0	S	agar dilution method	NA	NA	NA	2.0	S	agar dilution method	NA	NA	NA	NA	NA	NA	NA	NA	NA	NA	NA	NA	NA	NA	NA	NA	NA	NA	NA	NA	NA	NA	NA	NA	NA	NA	NA	NA	NA	NA	NA	NA	NA	NA	NA	NA	NA	NA	NA	NA	NA	NA	NA	NA	NA	NA	NA	NA	NA	NA	NA	NA	NA	NA	NA	NA	NA	NA	NA	NA	NA	NA	NA	NA	NA	NA	NA	NA	NA	NA	NA	NA	NA	NA	NA	NA	NA	NA	NA	NA	NA	0.25	S	agar dilution method	NA	NA	NA	1.0	S	agar dilution method	NA	NA	NA	NA	NA	NA	NA	NA	NA	NA	NA	NA	NA	NA	NA	NA	NA
SAMEA2148498	ID_8758489	SAMEA2148498	Homo sapiens	raven2016a	R	agar dilution method	256.0	R	agar dilution method	1.0	S	agar dilution method	512.0	R	agar dilution method	1.0	S	agar dilution method	NA	NA	NA	128.0	R	agar dilution method	NA	NA	NA	128.0	R	agar dilution method	NA	NA	NA	4.0	S	agar dilution method	NA	NA	NA	NA	NA	NA	NA	NA	NA	NA	NA	NA	NA	NA	NA	NA	NA	NA	NA	NA	NA	NA	NA	NA	NA	NA	NA	NA	NA	NA	NA	NA	NA	NA	NA	NA	NA	NA	NA	NA	NA	NA	NA	NA	NA	NA	NA	NA	NA	NA	NA	NA	NA	NA	NA	NA	NA	NA	NA	NA	NA	NA	NA	NA	NA	NA	NA	NA	NA	NA	NA	NA	NA	NA	NA	NA	NA	NA	NA	NA	NA	1.0	S	agar dilution method	NA	NA	NA	16.0	S	agar dilution method	NA	NA	NA	NA	NA	NA	NA	NA	NA	NA	NA	NA	NA	NA	NA	NA	NA
SAMEA2148831	ID_7258349	SAMEA2148831	Homo sapiens	raven2016a	S	agar dilution method	1.0	S	agar dilution method	1.0	S	agar dilution method	512.0	R	agar dilution method	1.0	S	agar dilution method	NA	NA	NA	0.5	S	agar dilution method	NA	NA	NA	128.0	R	agar dilution method	NA	NA	NA	2.0	S	agar dilution method	NA	NA	NA	NA	NA	NA	NA	NA	NA	NA	NA	NA	NA	NA	NA	NA	NA	NA	NA	NA	NA	NA	NA	NA	NA	NA	NA	NA	NA	NA	NA	NA	NA	NA	NA	NA	NA	NA	NA	NA	NA	NA	NA	NA	NA	NA	NA	NA	NA	NA	NA	NA	NA	NA	NA	NA	NA	NA	NA	NA	NA	NA	NA	NA	NA	NA	NA	NA	NA	NA	NA	NA	NA	NA	NA	NA	NA	NA	NA	NA	NA	1.0	S	agar dilution method	NA	NA	NA	4.0	S	agar dilution method	NA	NA	NA	NA	NA	NA	NA	NA	NA	NA	NA	NA	NA	NA	NA	NA	NA
SAMEA2149331	ID_6875925	SAMEA2149331	Homo sapiens	raven2016a	NA	agar dilution method	NA	NA	agar dilution method	NA	NA	agar dilution method	NA	NA	agar dilution method	NA	NA	agar dilution method	NA	NA	NA	NA	NA	agar dilution method	NA	NA	NA	NA	NA	agar dilution method	NA	NA	NA	NA	NA	agar dilution method	NA	NA	NA	NA	NA	NA	NA	NA	NA	NA	NA	NA	NA	NA	NA	NA	NA	NA	NA	NA	NA	NA	NA	NA	NA	NA	NA	NA	NA	NA	NA	NA	NA	NA	NA	NA	NA	NA	NA	NA	NA	NA	NA	NA	NA	NA	NA	NA	NA	NA	NA	NA	NA	NA	NA	NA	NA	NA	NA	NA	NA	NA	NA	NA	NA	NA	NA	NA	NA	NA	NA	NA	NA	NA	NA	NA	NA	NA	NA	NA	NA	NA	NA	agar dilution method	NA	NA	NA	NA	NA	agar dilution method	NA	NA	NA	NA	NA	NA	NA	NA	NA	NA	NA	NA	NA	NA	NA	NA	NA
SAMEA2149473	ID_5369429	SAMEA2149473	Homo sapiens	raven2016a	R	agar dilution method	256.0	R	agar dilution method	0.5	S	agar dilution method	512.0	R	agar dilution method	2.0	S	agar dilution method	NA	NA	NA	8.0	R	agar dilution method	NA	NA	NA	128.0	R	agar dilution method	NA	NA	NA	2.0	S	agar dilution method	NA	NA	NA	NA	NA	NA	NA	NA	NA	NA	NA	NA	NA	NA	NA	NA	NA	NA	NA	NA	NA	NA	NA	NA	NA	NA	NA	NA	NA	NA	NA	NA	NA	NA	NA	NA	NA	NA	NA	NA	NA	NA	NA	NA	NA	NA	NA	NA	NA	NA	NA	NA	NA	NA	NA	NA	NA	NA	NA	NA	NA	NA	NA	NA	NA	NA	NA	NA	NA	NA	NA	NA	NA	NA	NA	NA	NA	NA	NA	NA	NA	0.5	S	agar dilution method	NA	NA	NA	4.0	S	agar dilution method	NA	NA	NA	NA	NA	NA	NA	NA	NA	NA	NA	NA	NA	NA	NA	NA	NA
SAMEA2149601	ID_2775913	SAMEA2149601	Homo sapiens	raven2016a	NA	Vitek2_AST-P607_card	NA	NA	Vitek2_AST-P607_card	NA	NA	Vitek2_AST-P607_card	NA	NA	Vitek2_AST-P607_card	NA	NA	Vitek2_AST-P607_card	NA	NA	Vitek2_AST-P607_card	NA	NA	Vitek2_AST-P607_card	NA	NA	Vitek2_AST-P607_card	NA	NA	disc_diffusion	NA	NA	Vitek2_AST-P607_card	NA	NA	disc_diffusion	NA	NA	NA	NA	NA	Vitek2_AST-P607_card	NA	NA	disc_diffusion	NA	R	disc_diffusion	NA	Vitek2_AST-P607_card	NA	NA	Vitek2_AST-P607_card	NA	NA	NA	NA	S	disc_diffusion	NA	NA	Vitek2_AST-P607_card	NA	NA	NA	NA	NA	NA	NA	NA	NA	NA	NA	NA	NA	NA	NA	NA	NA	NA	NA	NA	NA	NA	NA	NA	NA	NA	NA	NA	NA	NA	NA	NA	NA	NA	NA	NA	NA	NA	NA	NA	NA	NA	NA	NA	NA	NA	NA	NA	NA	NA	NA	NA	NA	NA	disc_diffusion	NA	NA	NA	NA	R	disc_diffusion	NA	NA	NA	NA	NA	NA	NA	NA	NA	NA	NA	NA	NA	NA	NA	NA	NA	NA	NA	NA
SAMEA2149907	ID_5902322	SAMEA2149907	Homo sapiens	raven2016a	R	agar dilution method	256.0	R	agar dilution method	0.25	S	agar dilution method	512.0	R	agar dilution method	2.0	S	agar dilution method	NA	NA	NA	64.0	R	agar dilution method	NA	NA	NA	128.0	R	agar dilution method	NA	NA	NA	2.0	S	agar dilution method	NA	NA	NA	NA	NA	NA	NA	NA	NA	NA	NA	NA	NA	NA	NA	NA	NA	NA	NA	NA	NA	NA	NA	NA	NA	NA	NA	NA	NA	NA	NA	NA	NA	NA	NA	NA	NA	NA	NA	NA	NA	NA	NA	NA	NA	NA	NA	NA	NA	NA	NA	NA	NA	NA	NA	NA	NA	NA	NA	NA	NA	NA	NA	NA	NA	NA	NA	NA	NA	NA	NA	NA	NA	NA	NA	NA	NA	NA	NA	NA	NA	0.5	S	agar dilution method	NA	NA	NA	2.0	S	agar dilution method	NA	NA	NA	NA	NA	NA	NA	NA	NA	NA	NA	NA	NA	NA	NA	NA	NA
SAMEA2149920	ID_8119439	SAMEA2149920	Homo sapiens	raven2016a	NA	Vitek2_AST-P607_card	NA	NA	Vitek2_AST-P607_card	NA	NA	Vitek2_AST-P607_card	NA	NA	Vitek2_AST-P607_card	NA	NA	Vitek2_AST-P607_card	NA	NA	Vitek2_AST-P607_card	NA	NA	Vitek2_AST-P607_card	NA	NA	Vitek2_AST-P607_card	NA	NA	disc_diffusion	NA	NA	Vitek2_AST-P607_card	NA	NA	disc_diffusion	NA	NA	NA	NA	NA	Vitek2_AST-P607_card	NA	S	disc_diffusion	NA	S	disc_diffusion	NA	Vitek2_AST-P607_card	NA	NA	Vitek2_AST-P607_card	NA	NA	NA	NA	S	disc_diffusion	NA	NA	Vitek2_AST-P607_card	NA	NA	NA	NA	NA	NA	NA	NA	NA	NA	NA	NA	NA	NA	NA	NA	NA	NA	NA	NA	NA	NA	NA	NA	NA	NA	NA	NA	NA	NA	NA	NA	NA	NA	NA	NA	NA	NA	NA	NA	NA	NA	NA	NA	NA	NA	NA	NA	NA	NA	NA	NA	NA	S	disc_diffusion	NA	NA	NA	NA	R	disc_diffusion	NA	NA	NA	NA	NA	NA	NA	NA	NA	NA	NA	NA	NA	NA	NA	NA	NA	NA	NA	NA
SAMEA2149965	ID_3298718	SAMEA2149965	Homo sapiens	raven2016a	NA	Vitek2_AST-P607_card	NA	NA	Vitek2_AST-P607_card	NA	NA	Vitek2_AST-P607_card	NA	NA	Vitek2_AST-P607_card	NA	NA	Vitek2_AST-P607_card	NA	NA	Vitek2_AST-P607_card	NA	NA	Vitek2_AST-P607_card	NA	NA	Vitek2_AST-P607_card	NA	NA	NA	NA	NA	Vitek2_AST-P607_card	NA	NA	NA	NA	NA	NA	NA	NA	Vitek2_AST-P607_card	NA	NA	NA	NA	NA	NA	NA	Vitek2_AST-P607_card	NA	NA	Vitek2_AST-P607_card	NA	NA	NA	NA	NA	NA	NA	NA	Vitek2_AST-P607_card	NA	NA	NA	NA	NA	NA	NA	NA	NA	NA	NA	NA	NA	NA	NA	NA	NA	NA	NA	NA	NA	NA	NA	NA	NA	NA	NA	NA	NA	NA	NA	NA	NA	NA	NA	NA	NA	NA	NA	NA	NA	NA	NA	NA	NA	NA	NA	NA	NA	NA	NA	NA	NA	NA	NA	NA	NA	NA	NA	NA	NA	NA	NA	NA	NA	NA	NA	NA	NA	NA	NA	NA	NA	NA	NA	NA	NA	NA	NA	NA	NA
SAMEA2149966	ID_1788918	SAMEA2149966	Homo sapiens	raven2016a	S	agar dilution method	2.0	S	agar dilution method	1.0	S	agar dilution method	2.0	S	agar dilution method	2.0	S	agar dilution method	NA	NA	NA	0.5	S	agar dilution method	NA	NA	NA	2.0	S	agar dilution method	NA	NA	NA	2.0	S	agar dilution method	NA	NA	NA	NA	NA	NA	NA	NA	NA	NA	NA	NA	NA	NA	NA	NA	NA	NA	NA	NA	NA	NA	NA	NA	NA	NA	NA	NA	NA	NA	NA	NA	NA	NA	NA	NA	NA	NA	NA	NA	NA	NA	NA	NA	NA	NA	NA	NA	NA	NA	NA	NA	NA	NA	NA	NA	NA	NA	NA	NA	NA	NA	NA	NA	NA	NA	NA	NA	NA	NA	NA	NA	NA	NA	NA	NA	NA	NA	NA	NA	NA	0.5	S	agar dilution method	NA	NA	NA	2.0	S	agar dilution method	NA	NA	NA	NA	NA	NA	NA	NA	NA	NA	NA	NA	NA	NA	NA	NA	NA
SAMEA2150155	ID_4573871	SAMEA2150155	Homo sapiens	raven2016a	R	agar dilution method	8.0	R	agar dilution method	1.0	S	agar dilution method	2.0	S	agar dilution method	2.0	S	agar dilution method	NA	NA	NA	1.0	S	agar dilution method	NA	NA	NA	32.0	R	agar dilution method	NA	NA	NA	4.0	S	agar dilution method	NA	NA	NA	NA	NA	NA	NA	NA	NA	NA	NA	NA	NA	NA	NA	NA	NA	NA	NA	NA	NA	NA	NA	NA	NA	NA	NA	NA	NA	NA	NA	NA	NA	NA	NA	NA	NA	NA	NA	NA	NA	NA	NA	NA	NA	NA	NA	NA	NA	NA	NA	NA	NA	NA	NA	NA	NA	NA	NA	NA	NA	NA	NA	NA	NA	NA	NA	NA	NA	NA	NA	NA	NA	NA	NA	NA	NA	NA	NA	NA	NA	2.0	S	agar dilution method	NA	NA	NA	8.0	S	agar dilution method	NA	NA	NA	NA	NA	NA	NA	NA	NA	NA	NA	NA	NA	NA	NA	NA	NA
SAMEA2150184	ID_1955848	SAMEA2150184	Homo sapiens	raven2016a	R	agar dilution method	256.0	R	agar dilution method	0.5	S	agar dilution method	512.0	R	agar dilution method	2.0	S	agar dilution method	NA	NA	NA	32.0	R	agar dilution method	NA	NA	NA	128.0	R	agar dilution method	NA	NA	NA	2.0	S	agar dilution method	NA	NA	NA	NA	NA	NA	NA	NA	NA	NA	NA	NA	NA	NA	NA	NA	NA	NA	NA	NA	NA	NA	NA	NA	NA	NA	NA	NA	NA	NA	NA	NA	NA	NA	NA	NA	NA	NA	NA	NA	NA	NA	NA	NA	NA	NA	NA	NA	NA	NA	NA	NA	NA	NA	NA	NA	NA	NA	NA	NA	NA	NA	NA	NA	NA	NA	NA	NA	NA	NA	NA	NA	NA	NA	NA	NA	NA	NA	NA	NA	NA	0.5	S	agar dilution method	NA	NA	NA	4.0	S	agar dilution method	NA	NA	NA	NA	NA	NA	NA	NA	NA	NA	NA	NA	NA	NA	NA	NA	NA
SAMEA2150251	ID_1541243	SAMEA2150251	Homo sapiens	raven2016a	NA	Vitek2_AST-P607_card	NA	NA	Vitek2_AST-P607_card	NA	NA	Vitek2_AST-P607_card	NA	NA	Vitek2_AST-P607_card	NA	NA	Vitek2_AST-P607_card	NA	NA	Vitek2_AST-P607_card	NA	NA	Vitek2_AST-P607_card	NA	NA	Vitek2_AST-P607_card	NA	NA	NA	NA	NA	Vitek2_AST-P607_card	NA	NA	NA	NA	NA	NA	NA	NA	Vitek2_AST-P607_card	NA	NA	NA	NA	NA	NA	NA	Vitek2_AST-P607_card	NA	NA	Vitek2_AST-P607_card	NA	NA	NA	NA	NA	NA	NA	NA	Vitek2_AST-P607_card	NA	NA	NA	NA	NA	NA	NA	NA	NA	NA	NA	NA	NA	NA	NA	NA	NA	NA	NA	NA	NA	NA	NA	NA	NA	NA	NA	NA	NA	NA	NA	NA	NA	NA	NA	NA	NA	NA	NA	NA	NA	NA	NA	NA	NA	NA	NA	NA	NA	NA	NA	NA	NA	NA	NA	NA	NA	NA	NA	NA	NA	NA	NA	NA	NA	NA	NA	NA	NA	NA	NA	NA	NA	NA	NA	NA	NA	NA	NA	NA	NA
SAMEA2150858	ID_7687545	SAMEA2150858	Homo sapiens	raven2016a	NA	NA	NA	NA	NA	NA	NA	NA	NA	NA	NA	NA	NA	NA	NA	NA	NA	NA	NA	NA	NA	NA	NA	NA	NA	NA	NA	NA	NA	NA	NA	NA	NA	NA	NA	NA	NA	NA	NA	NA	NA	NA	NA	NA	NA	NA	NA	NA	NA	NA	NA	NA	NA	NA	NA	NA	NA	NA	NA	NA	NA	NA	NA	NA	NA	NA	NA	NA	NA	NA	NA	NA	NA	NA	NA	NA	NA	NA	NA	NA	NA	NA	NA	NA	NA	NA	NA	NA	NA	NA	NA	NA	NA	NA	NA	NA	NA	NA	NA	NA	NA	NA	NA	NA	NA	NA	NA	NA	NA	NA	NA	NA	NA	NA	NA	NA	NA	NA	NA	NA	NA	NA	NA	NA	NA	NA	NA	NA	NA	NA	NA	NA	NA	NA	NA	NA	NA	NA	NA
SAMEA2151355	ID_3910917	SAMEA2151355	Homo sapiens	raven2016a	NA	agar dilution method	NA	NA	agar dilution method	NA	NA	agar dilution method	NA	NA	agar dilution method	NA	NA	agar dilution method	NA	NA	NA	NA	NA	agar dilution method	NA	NA	NA	NA	NA	agar dilution method	NA	NA	NA	NA	NA	agar dilution method	NA	NA	NA	NA	NA	NA	NA	NA	NA	NA	NA	NA	NA	NA	NA	NA	NA	NA	NA	NA	NA	NA	NA	NA	NA	NA	NA	NA	NA	NA	NA	NA	NA	NA	NA	NA	NA	NA	NA	NA	NA	NA	NA	NA	NA	NA	NA	NA	NA	NA	NA	NA	NA	NA	NA	NA	NA	NA	NA	NA	NA	NA	NA	NA	NA	NA	NA	NA	NA	NA	NA	NA	NA	NA	NA	NA	NA	NA	NA	NA	NA	NA	NA	agar dilution method	NA	NA	NA	NA	NA	agar dilution method	NA	NA	NA	NA	NA	NA	NA	NA	NA	NA	NA	NA	NA	NA	NA	NA	NA
SAMEA2151382	ID_1016865	SAMEA2151382	Homo sapiens	raven2016a	S	agar dilution method	2.0	S	agar dilution method	0.5	S	agar dilution method	512.0	R	agar dilution method	2.0	S	agar dilution method	NA	NA	NA	0.5	S	agar dilution method	NA	NA	NA	1.0	S	agar dilution method	NA	NA	NA	2.0	S	agar dilution method	NA	NA	NA	NA	NA	NA	NA	NA	NA	NA	NA	NA	NA	NA	NA	NA	NA	NA	NA	NA	NA	NA	NA	NA	NA	NA	NA	NA	NA	NA	NA	NA	NA	NA	NA	NA	NA	NA	NA	NA	NA	NA	NA	NA	NA	NA	NA	NA	NA	NA	NA	NA	NA	NA	NA	NA	NA	NA	NA	NA	NA	NA	NA	NA	NA	NA	NA	NA	NA	NA	NA	NA	NA	NA	NA	NA	NA	NA	NA	NA	NA	0.5	S	agar dilution method	NA	NA	NA	4.0	S	agar dilution method	NA	NA	NA	NA	NA	NA	NA	NA	NA	NA	NA	NA	NA	NA	NA	NA	NA
SAMEA2151525	ID_4927910	SAMEA2151525	Homo sapiens	raven2016a	S	Vitek2_AST-P607_card	>=32.0	R	Vitek2_AST-P607_card	<=2.0	S	Vitek2_AST-P607_card	>=8.0	R	Vitek2_AST-P607_card	2.0	S	Vitek2_AST-P607_card	<=0.12	S	Vitek2_AST-P607_card	>=32.0	R	Vitek2_AST-P607_card	NA	R	Vitek2_AST-P607_card	NA	NA	disc_diffusion	<=1.0	S	Vitek2_AST-P607_card	NA	NA	disc_diffusion	NA	NA	NA	8.0	R	Vitek2_AST-P607_card	NA	NA	disc_diffusion	NA	S	disc_diffusion	S	Vitek2_AST-P607_card	<=16.0	S	Vitek2_AST-P607_card	NA	NA	NA	NA	S	disc_diffusion	>=8.0	R	Vitek2_AST-P607_card	NA	NA	NA	NA	NA	NA	NA	NA	NA	NA	NA	NA	NA	NA	NA	NA	NA	NA	NA	NA	NA	NA	NA	NA	NA	NA	NA	NA	NA	NA	NA	NA	NA	NA	NA	NA	NA	NA	NA	NA	NA	NA	NA	NA	NA	NA	NA	NA	NA	NA	NA	NA	NA	NA	disc_diffusion	NA	NA	NA	NA	R	disc_diffusion	NA	NA	NA	NA	NA	NA	NA	NA	NA	NA	NA	NA	NA	NA	NA	NA	NA	NA	NA	NA
SAMEA2151529	ID_5605229	SAMEA2151529	Homo sapiens	raven2016a	S	agar dilution method	1.0	S	agar dilution method	0.5	S	agar dilution method	512.0	R	agar dilution method	1.0	S	agar dilution method	NA	NA	NA	0.5	S	agar dilution method	NA	NA	NA	64.0	R	agar dilution method	NA	NA	NA	2.0	S	agar dilution method	NA	NA	NA	NA	NA	NA	NA	NA	NA	NA	NA	NA	NA	NA	NA	NA	NA	NA	NA	NA	NA	NA	NA	NA	NA	NA	NA	NA	NA	NA	NA	NA	NA	NA	NA	NA	NA	NA	NA	NA	NA	NA	NA	NA	NA	NA	NA	NA	NA	NA	NA	NA	NA	NA	NA	NA	NA	NA	NA	NA	NA	NA	NA	NA	NA	NA	NA	NA	NA	NA	NA	NA	NA	NA	NA	NA	NA	NA	NA	NA	NA	0.5	S	agar dilution method	NA	NA	NA	4.0	S	agar dilution method	NA	NA	NA	NA	NA	NA	NA	NA	NA	NA	NA	NA	NA	NA	NA	NA	NA
SAMEA2151637	ID_1893204	SAMEA2151637	Homo sapiens	raven2016a	NA	NA	NA	NA	NA	NA	NA	NA	NA	NA	NA	NA	NA	NA	NA	NA	NA	NA	NA	NA	NA	NA	NA	NA	NA	NA	NA	NA	NA	NA	NA	NA	NA	NA	NA	NA	NA	NA	NA	NA	NA	NA	NA	NA	NA	NA	NA	NA	NA	NA	NA	NA	NA	NA	NA	NA	NA	NA	NA	NA	NA	NA	NA	NA	NA	NA	NA	NA	NA	NA	NA	NA	NA	NA	NA	NA	NA	NA	NA	NA	NA	NA	NA	NA	NA	NA	NA	NA	NA	NA	NA	NA	NA	NA	NA	NA	NA	NA	NA	NA	NA	NA	NA	NA	NA	NA	NA	NA	NA	NA	NA	NA	NA	NA	NA	NA	NA	NA	NA	NA	NA	NA	NA	NA	NA	NA	NA	NA	NA	NA	NA	NA	NA	NA	NA	NA	NA	NA	NA
SAMEA2151754	ID_4911231	SAMEA2151754	Homo sapiens	raven2016a	S	agar dilution method	1.0	S	agar dilution method	0.5	S	agar dilution method	1.0	S	agar dilution method	2.0	S	agar dilution method	NA	NA	NA	0.25	S	agar dilution method	NA	NA	NA	1.0	S	agar dilution method	NA	NA	NA	2.0	S	agar dilution method	NA	NA	NA	NA	NA	NA	NA	NA	NA	NA	NA	NA	NA	NA	NA	NA	NA	NA	NA	NA	NA	NA	NA	NA	NA	NA	NA	NA	NA	NA	NA	NA	NA	NA	NA	NA	NA	NA	NA	NA	NA	NA	NA	NA	NA	NA	NA	NA	NA	NA	NA	NA	NA	NA	NA	NA	NA	NA	NA	NA	NA	NA	NA	NA	NA	NA	NA	NA	NA	NA	NA	NA	NA	NA	NA	NA	NA	NA	NA	NA	NA	0.5	S	agar dilution method	NA	NA	NA	4.0	S	agar dilution method	NA	NA	NA	NA	NA	NA	NA	NA	NA	NA	NA	NA	NA	NA	NA	NA	NA
SAMEA2151841	ID_7633877	SAMEA2151841	Homo sapiens	raven2016a	S	Vitek2_AST-P607_card	8.0	R	Vitek2_AST-P607_card	<=2.0	S	Vitek2_AST-P607_card	>=8.0	R	Vitek2_AST-P607_card	1.0	S	Vitek2_AST-P607_card	<=0.12	S	Vitek2_AST-P607_card	<=0.5	S	Vitek2_AST-P607_card	NA	NA	Vitek2_AST-P607_card	NA	NA	NA	<=1.0	S	Vitek2_AST-P607_card	NA	NA	NA	NA	NA	NA	>=16.0	R	Vitek2_AST-P607_card	NA	NA	NA	NA	NA	NA	R	Vitek2_AST-P607_card	<=16.0	S	Vitek2_AST-P607_card	NA	NA	NA	NA	NA	NA	>=8.0	R	Vitek2_AST-P607_card	NA	NA	NA	NA	NA	NA	NA	NA	NA	NA	NA	NA	NA	NA	NA	NA	NA	NA	NA	NA	NA	NA	NA	NA	NA	NA	NA	NA	NA	NA	NA	NA	NA	NA	NA	NA	NA	NA	NA	NA	NA	NA	NA	NA	NA	NA	NA	NA	NA	NA	NA	NA	NA	NA	NA	NA	NA	NA	NA	NA	NA	NA	NA	NA	NA	NA	NA	NA	NA	NA	NA	NA	NA	NA	NA	NA	NA	NA	NA	NA	NA
SAMEA2151877	ID_2436547	SAMEA2151877	Homo sapiens	raven2016a	R	Vitek2_AST-P607_card	>=32.0	R	Vitek2_AST-P607_card	<=2.0	S	Vitek2_AST-P607_card	>=8.0	R	Vitek2_AST-P607_card	4.0	S	Vitek2_AST-P607_card	<=0.12	S	Vitek2_AST-P607_card	>=32.0	R	Vitek2_AST-P607_card	NA	R	Vitek2_AST-P607_card	NA	NA	disc_diffusion	>=16.0	R	Vitek2_AST-P607_card	NA	NA	disc_diffusion	NA	NA	NA	4.0	I	Vitek2_AST-P607_card	NA	NA	disc_diffusion	NA	R	disc_diffusion	R	Vitek2_AST-P607_card	<=16.0	S	Vitek2_AST-P607_card	NA	NA	NA	NA	R	disc_diffusion	>=8.0	R	Vitek2_AST-P607_card	NA	NA	NA	NA	NA	NA	NA	NA	NA	NA	NA	NA	NA	NA	NA	NA	NA	NA	NA	NA	NA	NA	NA	NA	NA	NA	NA	NA	NA	NA	NA	NA	NA	NA	NA	NA	NA	NA	NA	NA	NA	NA	NA	NA	NA	NA	NA	NA	NA	NA	NA	NA	NA	NA	disc_diffusion	NA	NA	agar dilution method	NA	R	disc_diffusion	NA	NA	agar dilution method	NA	NA	NA	NA	NA	NA	NA	NA	NA	NA	NA	NA	NA	NA	NA	NA	NA
SAMEA2151920	ID_1753165	SAMEA2151920	Homo sapiens	raven2016a	NA	agar dilution method	NA	NA	agar dilution method	NA	NA	agar dilution method	NA	NA	agar dilution method	NA	NA	agar dilution method	NA	NA	NA	NA	NA	agar dilution method	NA	NA	NA	NA	NA	agar dilution method	NA	NA	NA	NA	NA	agar dilution method	NA	NA	NA	NA	NA	NA	NA	NA	NA	NA	NA	NA	NA	NA	NA	NA	NA	NA	NA	NA	NA	NA	NA	NA	NA	NA	NA	NA	NA	NA	NA	NA	NA	NA	NA	NA	NA	NA	NA	NA	NA	NA	NA	NA	NA	NA	NA	NA	NA	NA	NA	NA	NA	NA	NA	NA	NA	NA	NA	NA	NA	NA	NA	NA	NA	NA	NA	NA	NA	NA	NA	NA	NA	NA	NA	NA	NA	NA	NA	NA	NA	NA	NA	agar dilution method	NA	NA	NA	NA	NA	agar dilution method	NA	NA	NA	NA	NA	NA	NA	NA	NA	NA	NA	NA	NA	NA	NA	NA	NA
SAMEA2151932	ID_4304248	SAMEA2151932	Homo sapiens	raven2016a	NA	NA	NA	NA	NA	NA	NA	NA	NA	NA	NA	NA	NA	NA	NA	NA	NA	NA	NA	NA	NA	NA	NA	NA	NA	NA	NA	NA	NA	NA	NA	NA	NA	NA	NA	NA	NA	NA	NA	NA	NA	NA	NA	NA	NA	NA	NA	NA	NA	NA	NA	NA	NA	NA	NA	NA	NA	NA	NA	NA	NA	NA	NA	NA	NA	NA	NA	NA	NA	NA	NA	NA	NA	NA	NA	NA	NA	NA	NA	NA	NA	NA	NA	NA	NA	NA	NA	NA	NA	NA	NA	NA	NA	NA	NA	NA	NA	NA	NA	NA	NA	NA	NA	NA	NA	NA	NA	NA	NA	NA	NA	NA	NA	NA	NA	NA	NA	NA	NA	NA	NA	NA	NA	NA	NA	NA	NA	NA	NA	NA	NA	NA	NA	NA	NA	NA	NA	NA	NA
SAMEA2152018	ID_7003831	SAMEA2152018	Homo sapiens	raven2016a	NA	agar dilution method	NA	NA	agar dilution method	NA	NA	agar dilution method	NA	NA	agar dilution method	NA	NA	agar dilution method	NA	NA	NA	NA	NA	agar dilution method	NA	NA	NA	NA	NA	agar dilution method	NA	NA	NA	NA	NA	agar dilution method	NA	NA	NA	NA	NA	NA	NA	NA	NA	NA	NA	NA	NA	NA	NA	NA	NA	NA	NA	NA	NA	NA	NA	NA	NA	NA	NA	NA	NA	NA	NA	NA	NA	NA	NA	NA	NA	NA	NA	NA	NA	NA	NA	NA	NA	NA	NA	NA	NA	NA	NA	NA	NA	NA	NA	NA	NA	NA	NA	NA	NA	NA	NA	NA	NA	NA	NA	NA	NA	NA	NA	NA	NA	NA	NA	NA	NA	NA	NA	NA	NA	NA	NA	agar dilution method	NA	NA	NA	NA	NA	agar dilution method	NA	NA	NA	NA	NA	NA	NA	NA	NA	NA	NA	NA	NA	NA	NA	NA	NA
SAMEA2152069	ID_6816214	SAMEA2152069	Homo sapiens	raven2016a	NA	NA	NA	NA	NA	NA	NA	NA	NA	NA	NA	NA	NA	NA	NA	NA	NA	NA	NA	NA	NA	NA	NA	NA	NA	NA	NA	NA	NA	NA	NA	NA	NA	NA	NA	NA	NA	NA	NA	NA	NA	NA	NA	NA	NA	NA	NA	NA	NA	NA	NA	NA	NA	NA	NA	NA	NA	NA	NA	NA	NA	NA	NA	NA	NA	NA	NA	NA	NA	NA	NA	NA	NA	NA	NA	NA	NA	NA	NA	NA	NA	NA	NA	NA	NA	NA	NA	NA	NA	NA	NA	NA	NA	NA	NA	NA	NA	NA	NA	NA	NA	NA	NA	NA	NA	NA	NA	NA	NA	NA	NA	NA	NA	NA	NA	NA	NA	NA	NA	NA	NA	NA	NA	NA	NA	NA	NA	NA	NA	NA	NA	NA	NA	NA	NA	NA	NA	NA	NA
SAMEA2152135	ID_1133649	SAMEA2152135	Homo sapiens	raven2016a	NA	agar dilution method	NA	NA	agar dilution method	NA	NA	agar dilution method	NA	NA	agar dilution method	NA	NA	agar dilution method	NA	NA	NA	NA	NA	agar dilution method	NA	NA	NA	NA	NA	agar dilution method	NA	NA	NA	NA	NA	agar dilution method	NA	NA	NA	NA	NA	NA	NA	NA	NA	NA	NA	NA	NA	NA	NA	NA	NA	NA	NA	NA	NA	NA	NA	NA	NA	NA	NA	NA	NA	NA	NA	NA	NA	NA	NA	NA	NA	NA	NA	NA	NA	NA	NA	NA	NA	NA	NA	NA	NA	NA	NA	NA	NA	NA	NA	NA	NA	NA	NA	NA	NA	NA	NA	NA	NA	NA	NA	NA	NA	NA	NA	NA	NA	NA	NA	NA	NA	NA	NA	NA	NA	NA	NA	agar dilution method	NA	NA	NA	NA	NA	agar dilution method	NA	NA	NA	NA	NA	NA	NA	NA	NA	NA	NA	NA	NA	NA	NA	NA	NA
SAMEA2152355	ID_5164234	SAMEA2152355	Homo sapiens	raven2016a	NA	NA	NA	NA	NA	NA	NA	NA	NA	NA	NA	NA	NA	NA	NA	NA	NA	NA	NA	NA	NA	NA	NA	NA	NA	NA	NA	NA	NA	NA	NA	NA	NA	NA	NA	NA	NA	NA	NA	NA	NA	NA	NA	NA	NA	NA	NA	NA	NA	NA	NA	NA	NA	NA	NA	NA	NA	NA	NA	NA	NA	NA	NA	NA	NA	NA	NA	NA	NA	NA	NA	NA	NA	NA	NA	NA	NA	NA	NA	NA	NA	NA	NA	NA	NA	NA	NA	NA	NA	NA	NA	NA	NA	NA	NA	NA	NA	NA	NA	NA	NA	NA	NA	NA	NA	NA	NA	NA	NA	NA	NA	NA	NA	NA	NA	NA	NA	NA	NA	NA	NA	NA	NA	NA	NA	NA	NA	NA	NA	NA	NA	NA	NA	NA	NA	NA	NA	NA	NA
SAMEA2152810	ID_8821765	SAMEA2152810	Homo sapiens	raven2016a	NA	NA	NA	NA	NA	NA	NA	NA	NA	NA	NA	NA	NA	NA	NA	NA	NA	NA	NA	NA	NA	NA	NA	NA	NA	NA	NA	NA	NA	NA	NA	NA	NA	NA	NA	NA	NA	NA	NA	NA	NA	NA	NA	NA	NA	NA	NA	NA	NA	NA	NA	NA	NA	NA	NA	NA	NA	NA	NA	NA	NA	NA	NA	NA	NA	NA	NA	NA	NA	NA	NA	NA	NA	NA	NA	NA	NA	NA	NA	NA	NA	NA	NA	NA	NA	NA	NA	NA	NA	NA	NA	NA	NA	NA	NA	NA	NA	NA	NA	NA	NA	NA	NA	NA	NA	NA	NA	NA	NA	NA	NA	NA	NA	NA	NA	NA	NA	NA	NA	NA	NA	NA	NA	NA	NA	NA	NA	NA	NA	NA	NA	NA	NA	NA	NA	NA	NA	NA	NA
SAMEA2152825	ID_5037363	SAMEA2152825	Homo sapiens	raven2016a	R	agar dilution method	256.0	R	agar dilution method	1.0	S	agar dilution method	512.0	R	agar dilution method	2.0	S	agar dilution method	NA	NA	NA	32.0	R	agar dilution method	NA	NA	NA	128.0	R	agar dilution method	NA	NA	NA	2.0	S	agar dilution method	NA	NA	NA	NA	NA	NA	NA	NA	NA	NA	NA	NA	NA	NA	NA	NA	NA	NA	NA	NA	NA	NA	NA	NA	NA	NA	NA	NA	NA	NA	NA	NA	NA	NA	NA	NA	NA	NA	NA	NA	NA	NA	NA	NA	NA	NA	NA	NA	NA	NA	NA	NA	NA	NA	NA	NA	NA	NA	NA	NA	NA	NA	NA	NA	NA	NA	NA	NA	NA	NA	NA	NA	NA	NA	NA	NA	NA	NA	NA	NA	NA	0.5	S	agar dilution method	NA	NA	NA	4.0	S	agar dilution method	NA	NA	NA	NA	NA	NA	NA	NA	NA	NA	NA	NA	NA	NA	NA	NA	NA
SAMEA2152955	ID_4079514	SAMEA2152955	Homo sapiens	raven2016a	NA	Vitek2_AST-P607_card	NA	NA	Vitek2_AST-P607_card	NA	NA	Vitek2_AST-P607_card	NA	NA	Vitek2_AST-P607_card	NA	NA	Vitek2_AST-P607_card	NA	NA	Vitek2_AST-P607_card	NA	NA	Vitek2_AST-P607_card	NA	NA	Vitek2_AST-P607_card	NA	NA	NA	NA	NA	Vitek2_AST-P607_card	NA	NA	NA	NA	NA	NA	NA	NA	Vitek2_AST-P607_card	NA	NA	NA	NA	NA	NA	NA	Vitek2_AST-P607_card	NA	NA	Vitek2_AST-P607_card	NA	NA	NA	NA	NA	NA	NA	NA	Vitek2_AST-P607_card	NA	NA	NA	NA	NA	NA	NA	NA	NA	NA	NA	NA	NA	NA	NA	NA	NA	NA	NA	NA	NA	NA	NA	NA	NA	NA	NA	NA	NA	NA	NA	NA	NA	NA	NA	NA	NA	NA	NA	NA	NA	NA	NA	NA	NA	NA	NA	NA	NA	NA	NA	NA	NA	NA	NA	NA	NA	NA	NA	NA	NA	NA	NA	NA	NA	NA	NA	NA	NA	NA	NA	NA	NA	NA	NA	NA	NA	NA	NA	NA	NA
SAMEA2152965	ID_7051066	SAMEA2152965	Homo sapiens	raven2016a	R	agar dilution method	1.0	S	agar dilution method	0.25	S	agar dilution method	4.0	S	agar dilution method	2.0	S	agar dilution method	NA	NA	NA	0.12	S	agar dilution method	NA	NA	NA	128.0	R	agar dilution method	NA	NA	NA	2.0	S	agar dilution method	NA	NA	NA	NA	NA	NA	NA	NA	NA	NA	NA	NA	NA	NA	NA	NA	NA	NA	NA	NA	NA	NA	NA	NA	NA	NA	NA	NA	NA	NA	NA	NA	NA	NA	NA	NA	NA	NA	NA	NA	NA	NA	NA	NA	NA	NA	NA	NA	NA	NA	NA	NA	NA	NA	NA	NA	NA	NA	NA	NA	NA	NA	NA	NA	NA	NA	NA	NA	NA	NA	NA	NA	NA	NA	NA	NA	NA	NA	NA	NA	NA	0.25	S	agar dilution method	NA	NA	NA	2.0	S	agar dilution method	NA	NA	NA	NA	NA	NA	NA	NA	NA	NA	NA	NA	NA	NA	NA	NA	NA
SAMEA2152995	ID_7512774	SAMEA2152995	Homo sapiens	raven2016a	NA	NA	NA	NA	NA	NA	NA	NA	NA	NA	NA	NA	NA	NA	NA	NA	NA	NA	NA	NA	NA	NA	NA	NA	NA	NA	NA	NA	NA	NA	NA	NA	NA	NA	NA	NA	NA	NA	NA	NA	NA	NA	NA	NA	NA	NA	NA	NA	NA	NA	NA	NA	NA	NA	NA	NA	NA	NA	NA	NA	NA	NA	NA	NA	NA	NA	NA	NA	NA	NA	NA	NA	NA	NA	NA	NA	NA	NA	NA	NA	NA	NA	NA	NA	NA	NA	NA	NA	NA	NA	NA	NA	NA	NA	NA	NA	NA	NA	NA	NA	NA	NA	NA	NA	NA	NA	NA	NA	NA	NA	NA	NA	NA	NA	NA	NA	NA	NA	NA	NA	NA	NA	NA	NA	NA	NA	NA	NA	NA	NA	NA	NA	NA	NA	NA	NA	NA	NA	NA
SAMEA2153271	ID_3361828	SAMEA2153271	Homo sapiens	raven2016a	NA	NA	NA	NA	NA	NA	NA	NA	NA	NA	NA	NA	NA	NA	NA	NA	NA	NA	NA	NA	NA	NA	NA	NA	NA	NA	NA	NA	NA	NA	NA	NA	NA	NA	NA	NA	NA	NA	NA	NA	NA	NA	NA	NA	NA	NA	NA	NA	NA	NA	NA	NA	NA	NA	NA	NA	NA	NA	NA	NA	NA	NA	NA	NA	NA	NA	NA	NA	NA	NA	NA	NA	NA	NA	NA	NA	NA	NA	NA	NA	NA	NA	NA	NA	NA	NA	NA	NA	NA	NA	NA	NA	NA	NA	NA	NA	NA	NA	NA	NA	NA	NA	NA	NA	NA	NA	NA	NA	NA	NA	NA	NA	NA	NA	NA	NA	NA	NA	NA	NA	NA	NA	NA	NA	NA	NA	NA	NA	NA	NA	NA	NA	NA	NA	NA	NA	NA	NA	NA
SAMEA2153282	ID_7208508	SAMEA2153282	Homo sapiens	raven2016a	NA	NA	NA	NA	NA	NA	NA	NA	NA	NA	NA	NA	NA	NA	NA	NA	NA	NA	NA	NA	NA	NA	NA	NA	NA	NA	NA	NA	NA	NA	NA	NA	NA	NA	NA	NA	NA	NA	NA	NA	NA	NA	NA	NA	NA	NA	NA	NA	NA	NA	NA	NA	NA	NA	NA	NA	NA	NA	NA	NA	NA	NA	NA	NA	NA	NA	NA	NA	NA	NA	NA	NA	NA	NA	NA	NA	NA	NA	NA	NA	NA	NA	NA	NA	NA	NA	NA	NA	NA	NA	NA	NA	NA	NA	NA	NA	NA	NA	NA	NA	NA	NA	NA	NA	NA	NA	NA	NA	NA	NA	NA	NA	NA	NA	NA	NA	NA	NA	NA	NA	NA	NA	NA	NA	NA	NA	NA	NA	NA	NA	NA	NA	NA	NA	NA	NA	NA	NA	NA
SAMEA2153296	ID_5051470	SAMEA2153296	Homo sapiens	raven2016a	S	agar dilution method	2.0	S	agar dilution method	0.5	S	agar dilution method	512.0	R	agar dilution method	1.0	S	agar dilution method	NA	NA	NA	0.25	S	agar dilution method	NA	NA	NA	64.0	R	agar dilution method	NA	NA	NA	1.0	S	agar dilution method	NA	NA	NA	NA	NA	NA	NA	NA	NA	NA	NA	NA	NA	NA	NA	NA	NA	NA	NA	NA	NA	NA	NA	NA	NA	NA	NA	NA	NA	NA	NA	NA	NA	NA	NA	NA	NA	NA	NA	NA	NA	NA	NA	NA	NA	NA	NA	NA	NA	NA	NA	NA	NA	NA	NA	NA	NA	NA	NA	NA	NA	NA	NA	NA	NA	NA	NA	NA	NA	NA	NA	NA	NA	NA	NA	NA	NA	NA	NA	NA	NA	1.0	S	agar dilution method	NA	NA	NA	2.0	S	agar dilution method	NA	NA	NA	NA	NA	NA	NA	NA	NA	NA	NA	NA	NA	NA	NA	NA	NA
SAMEA2153428	ID_3369566	SAMEA2153428	Homo sapiens	raven2016a	NA	NA	NA	NA	NA	NA	NA	NA	NA	NA	NA	NA	NA	NA	NA	NA	NA	NA	NA	NA	NA	NA	NA	NA	NA	NA	NA	NA	NA	NA	NA	NA	NA	NA	NA	NA	NA	NA	NA	NA	NA	NA	NA	NA	NA	NA	NA	NA	NA	NA	NA	NA	NA	NA	NA	NA	NA	NA	NA	NA	NA	NA	NA	NA	NA	NA	NA	NA	NA	NA	NA	NA	NA	NA	NA	NA	NA	NA	NA	NA	NA	NA	NA	NA	NA	NA	NA	NA	NA	NA	NA	NA	NA	NA	NA	NA	NA	NA	NA	NA	NA	NA	NA	NA	NA	NA	NA	NA	NA	NA	NA	NA	NA	NA	NA	NA	NA	NA	NA	NA	NA	NA	NA	NA	NA	NA	NA	NA	NA	NA	NA	NA	NA	NA	NA	NA	NA	NA	NA
SAMEA2153602	ID_8850301	SAMEA2153602	Homo sapiens	raven2016a	S	disc_diffusion	NA	R	disc_diffusion	NA	S	disc_diffusion	NA	R	disc_diffusion	NA	S	disc_diffusion	NA	NA	disc_diffusion	NA	R	disc_diffusion	NA	NA	NA	NA	NA	disc_diffusion	NA	R	disc_diffusion	NA	NA	disc_diffusion	NA	NA	NA	NA	R	disc_diffusion	NA	R	disc_diffusion	NA	S	disc_diffusion	NA	NA	NA	S	disc_diffusion	NA	NA	NA	NA	S	disc_diffusion	NA	NA	disc_diffusion	NA	NA	NA	NA	NA	NA	NA	NA	NA	NA	NA	NA	NA	NA	NA	NA	NA	NA	NA	NA	NA	NA	NA	NA	NA	NA	NA	NA	NA	NA	NA	NA	NA	NA	NA	NA	NA	NA	NA	NA	NA	NA	NA	NA	NA	NA	NA	NA	NA	NA	NA	NA	NA	S	disc_diffusion	NA	NA	agar dilution method	NA	R	disc_diffusion	NA	NA	agar dilution method	NA	NA	NA	NA	NA	NA	NA	NA	NA	NA	NA	NA	NA	NA	NA	NA	NA
SAMEA2153619	ID_5695158	SAMEA2153619	Homo sapiens	raven2016a	R	agar dilution method	256.0	R	agar dilution method	0.5	S	agar dilution method	512.0	R	agar dilution method	2.0	S	agar dilution method	NA	NA	NA	64.0	R	agar dilution method	NA	NA	NA	128.0	R	agar dilution method	NA	NA	NA	4.0	S	agar dilution method	NA	NA	NA	NA	NA	NA	NA	NA	NA	NA	NA	NA	NA	NA	NA	NA	NA	NA	NA	NA	NA	NA	NA	NA	NA	NA	NA	NA	NA	NA	NA	NA	NA	NA	NA	NA	NA	NA	NA	NA	NA	NA	NA	NA	NA	NA	NA	NA	NA	NA	NA	NA	NA	NA	NA	NA	NA	NA	NA	NA	NA	NA	NA	NA	NA	NA	NA	NA	NA	NA	NA	NA	NA	NA	NA	NA	NA	NA	NA	NA	NA	1.0	S	agar dilution method	NA	NA	NA	4.0	S	agar dilution method	NA	NA	NA	NA	NA	NA	NA	NA	NA	NA	NA	NA	NA	NA	NA	NA	NA
SAMEA2153664	ID_7594030	SAMEA2153664	Homo sapiens	raven2016a	NA	NA	NA	NA	NA	NA	NA	NA	NA	NA	NA	NA	NA	NA	NA	NA	NA	NA	NA	NA	NA	NA	NA	NA	NA	NA	NA	NA	NA	NA	NA	NA	NA	NA	NA	NA	NA	NA	NA	NA	NA	NA	NA	NA	NA	NA	NA	NA	NA	NA	NA	NA	NA	NA	NA	NA	NA	NA	NA	NA	NA	NA	NA	NA	NA	NA	NA	NA	NA	NA	NA	NA	NA	NA	NA	NA	NA	NA	NA	NA	NA	NA	NA	NA	NA	NA	NA	NA	NA	NA	NA	NA	NA	NA	NA	NA	NA	NA	NA	NA	NA	NA	NA	NA	NA	NA	NA	NA	NA	NA	NA	NA	NA	NA	NA	NA	NA	NA	NA	NA	NA	NA	NA	NA	NA	NA	NA	NA	NA	NA	NA	NA	NA	NA	NA	NA	NA	NA	NA
SAMEA2153742	ID_5025404	SAMEA2153742	Homo sapiens	raven2016a	NA	NA	NA	NA	NA	NA	NA	NA	NA	NA	NA	NA	NA	NA	NA	NA	NA	NA	NA	NA	NA	NA	NA	NA	NA	NA	NA	NA	NA	NA	NA	NA	NA	NA	NA	NA	NA	NA	NA	NA	NA	NA	NA	NA	NA	NA	NA	NA	NA	NA	NA	NA	NA	NA	NA	NA	NA	NA	NA	NA	NA	NA	NA	NA	NA	NA	NA	NA	NA	NA	NA	NA	NA	NA	NA	NA	NA	NA	NA	NA	NA	NA	NA	NA	NA	NA	NA	NA	NA	NA	NA	NA	NA	NA	NA	NA	NA	NA	NA	NA	NA	NA	NA	NA	NA	NA	NA	NA	NA	NA	NA	NA	NA	NA	NA	NA	NA	NA	NA	NA	NA	NA	NA	NA	NA	NA	NA	NA	NA	NA	NA	NA	NA	NA	NA	NA	NA	NA	NA
SAMEA2154070	ID_3280185	SAMEA2154070	Homo sapiens	raven2016a	S	agar dilution method	1.0	S	agar dilution method	0.5	S	agar dilution method	0.25	S	agar dilution method	2.0	S	agar dilution method	NA	NA	NA	0.5	S	agar dilution method	NA	NA	NA	4.0	S	agar dilution method	NA	NA	NA	0.5	S	agar dilution method	NA	NA	NA	NA	NA	NA	NA	NA	NA	NA	NA	NA	NA	NA	NA	NA	NA	NA	NA	NA	NA	NA	NA	NA	NA	NA	NA	NA	NA	NA	NA	NA	NA	NA	NA	NA	NA	NA	NA	NA	NA	NA	NA	NA	NA	NA	NA	NA	NA	NA	NA	NA	NA	NA	NA	NA	NA	NA	NA	NA	NA	NA	NA	NA	NA	NA	NA	NA	NA	NA	NA	NA	NA	NA	NA	NA	NA	NA	NA	NA	NA	0.25	S	agar dilution method	NA	NA	NA	2.0	S	agar dilution method	NA	NA	NA	NA	NA	NA	NA	NA	NA	NA	NA	NA	NA	NA	NA	NA	NA
SAMEA2154390	ID_7211033	SAMEA2154390	Homo sapiens	raven2016a	R	agar dilution method	256.0	R	agar dilution method	2.0	S	agar dilution method	512.0	R	agar dilution method	2.0	S	agar dilution method	NA	NA	NA	64.0	R	agar dilution method	NA	NA	NA	1.0	S	agar dilution method	NA	NA	NA	4.0	S	agar dilution method	NA	NA	NA	NA	NA	NA	NA	NA	NA	NA	NA	NA	NA	NA	NA	NA	NA	NA	NA	NA	NA	NA	NA	NA	NA	NA	NA	NA	NA	NA	NA	NA	NA	NA	NA	NA	NA	NA	NA	NA	NA	NA	NA	NA	NA	NA	NA	NA	NA	NA	NA	NA	NA	NA	NA	NA	NA	NA	NA	NA	NA	NA	NA	NA	NA	NA	NA	NA	NA	NA	NA	NA	NA	NA	NA	NA	NA	NA	NA	NA	NA	1.0	S	agar dilution method	NA	NA	NA	4.0	S	agar dilution method	NA	NA	NA	NA	NA	NA	NA	NA	NA	NA	NA	NA	NA	NA	NA	NA	NA
SAMEA2154566	ID_5874491	SAMEA2154566	Homo sapiens	raven2016a	S	agar dilution method	4.0	S	agar dilution method	0.5	S	agar dilution method	2.0	S	agar dilution method	2.0	S	agar dilution method	NA	NA	NA	0.25	S	agar dilution method	NA	NA	NA	2.0	S	agar dilution method	NA	NA	NA	1.0	S	agar dilution method	NA	NA	NA	NA	NA	NA	NA	NA	NA	NA	NA	NA	NA	NA	NA	NA	NA	NA	NA	NA	NA	NA	NA	NA	NA	NA	NA	NA	NA	NA	NA	NA	NA	NA	NA	NA	NA	NA	NA	NA	NA	NA	NA	NA	NA	NA	NA	NA	NA	NA	NA	NA	NA	NA	NA	NA	NA	NA	NA	NA	NA	NA	NA	NA	NA	NA	NA	NA	NA	NA	NA	NA	NA	NA	NA	NA	NA	NA	NA	NA	NA	0.5	S	agar dilution method	NA	NA	NA	2.0	S	agar dilution method	NA	NA	NA	NA	NA	NA	NA	NA	NA	NA	NA	NA	NA	NA	NA	NA	NA
SAMEA2154682	ID_8441337	SAMEA2154682	Homo sapiens	raven2016a	NA	NA	NA	NA	NA	NA	NA	NA	NA	NA	NA	NA	NA	NA	NA	NA	NA	NA	NA	NA	NA	NA	NA	NA	NA	NA	NA	NA	NA	NA	NA	NA	NA	NA	NA	NA	NA	NA	NA	NA	NA	NA	NA	NA	NA	NA	NA	NA	NA	NA	NA	NA	NA	NA	NA	NA	NA	NA	NA	NA	NA	NA	NA	NA	NA	NA	NA	NA	NA	NA	NA	NA	NA	NA	NA	NA	NA	NA	NA	NA	NA	NA	NA	NA	NA	NA	NA	NA	NA	NA	NA	NA	NA	NA	NA	NA	NA	NA	NA	NA	NA	NA	NA	NA	NA	NA	NA	NA	NA	NA	NA	NA	NA	NA	NA	NA	NA	NA	NA	NA	NA	NA	NA	NA	NA	NA	NA	NA	NA	NA	NA	NA	NA	NA	NA	NA	NA	NA	NA
SAMEA2154745	ID_1665131	SAMEA2154745	Homo sapiens	raven2016a	NA	NA	NA	NA	NA	NA	NA	NA	NA	NA	NA	NA	NA	NA	NA	NA	NA	NA	NA	NA	NA	NA	NA	NA	NA	NA	NA	NA	NA	NA	NA	NA	NA	NA	NA	NA	NA	NA	NA	NA	NA	NA	NA	NA	NA	NA	NA	NA	NA	NA	NA	NA	NA	NA	NA	NA	NA	NA	NA	NA	NA	NA	NA	NA	NA	NA	NA	NA	NA	NA	NA	NA	NA	NA	NA	NA	NA	NA	NA	NA	NA	NA	NA	NA	NA	NA	NA	NA	NA	NA	NA	NA	NA	NA	NA	NA	NA	NA	NA	NA	NA	NA	NA	NA	NA	NA	NA	NA	NA	NA	NA	NA	NA	NA	NA	NA	NA	NA	NA	NA	NA	NA	NA	NA	NA	NA	NA	NA	NA	NA	NA	NA	NA	NA	NA	NA	NA	NA	NA
SAMEA2154746	ID_7048802	SAMEA2154746	Homo sapiens	raven2016a	R	Vitek2_AST-P607_card	>=32.0	R	Vitek2_AST-P607_card	<=2.0	S	Vitek2_AST-P607_card	>=8.0	R	Vitek2_AST-P607_card	2.0	S	Vitek2_AST-P607_card	<=0.12	S	Vitek2_AST-P607_card	>=32.0	R	Vitek2_AST-P607_card	NA	R	Vitek2_AST-P607_card	NA	NA	disc_diffusion	>=16.0	R	Vitek2_AST-P607_card	NA	NA	disc_diffusion	NA	NA	NA	8.0	R	Vitek2_AST-P607_card	NA	NA	disc_diffusion	NA	R	disc_diffusion	R	Vitek2_AST-P607_card	<=16.0	S	Vitek2_AST-P607_card	NA	NA	NA	NA	R	disc_diffusion	>=8.0	R	Vitek2_AST-P607_card	NA	NA	NA	NA	NA	NA	NA	NA	NA	NA	NA	NA	NA	NA	NA	NA	NA	NA	NA	NA	NA	NA	NA	NA	NA	NA	NA	NA	NA	NA	NA	NA	NA	NA	NA	NA	NA	NA	NA	NA	NA	NA	NA	NA	NA	NA	NA	NA	NA	NA	NA	NA	NA	NA	disc_diffusion	NA	NA	agar dilution method	NA	NA	disc_diffusion	NA	NA	agar dilution method	NA	NA	NA	NA	NA	NA	NA	NA	NA	NA	NA	NA	NA	NA	NA	NA	NA
SAMEA2154800	ID_3913063	SAMEA2154800	Homo sapiens	raven2016a	S	agar dilution method	1.0	S	agar dilution method	0.5	S	agar dilution method	0.5	S	agar dilution method	2.0	S	agar dilution method	NA	NA	NA	0.12	S	agar dilution method	NA	NA	NA	1.0	S	agar dilution method	NA	NA	NA	1.0	S	agar dilution method	NA	NA	NA	NA	NA	NA	NA	NA	NA	NA	NA	NA	NA	NA	NA	NA	NA	NA	NA	NA	NA	NA	NA	NA	NA	NA	NA	NA	NA	NA	NA	NA	NA	NA	NA	NA	NA	NA	NA	NA	NA	NA	NA	NA	NA	NA	NA	NA	NA	NA	NA	NA	NA	NA	NA	NA	NA	NA	NA	NA	NA	NA	NA	NA	NA	NA	NA	NA	NA	NA	NA	NA	NA	NA	NA	NA	NA	NA	NA	NA	NA	0.5	S	agar dilution method	NA	NA	NA	1.0	S	agar dilution method	NA	NA	NA	NA	NA	NA	NA	NA	NA	NA	NA	NA	NA	NA	NA	NA	NA
SAMEA2154847	ID_4950279	SAMEA2154847	Homo sapiens	raven2016a	S	Vitek2_AST-P607_card	>=32.0	R	Vitek2_AST-P607_card	<=2.0	S	Vitek2_AST-P607_card	>=8.0	R	Vitek2_AST-P607_card	2.0	S	Vitek2_AST-P607_card	<=0.12	S	Vitek2_AST-P607_card	>=32.0	R	Vitek2_AST-P607_card	NA	S	Vitek2_AST-P607_card	NA	NA	disc_diffusion	>=16.0	R	Vitek2_AST-P607_card	NA	NA	disc_diffusion	NA	NA	NA	8.0	R	Vitek2_AST-P607_card	NA	S	disc_diffusion	NA	S	disc_diffusion	S	Vitek2_AST-P607_card	<=16.0	S	Vitek2_AST-P607_card	NA	NA	NA	NA	R	disc_diffusion	>=8.0	R	Vitek2_AST-P607_card	NA	NA	NA	NA	NA	NA	NA	NA	NA	NA	NA	NA	NA	NA	NA	NA	NA	NA	NA	NA	NA	NA	NA	NA	NA	NA	NA	NA	NA	NA	NA	NA	NA	NA	NA	NA	NA	NA	NA	NA	NA	NA	NA	NA	NA	NA	NA	NA	NA	NA	NA	NA	NA	S	disc_diffusion	NA	NA	NA	NA	R	disc_diffusion	NA	NA	NA	NA	NA	NA	NA	NA	NA	NA	NA	NA	NA	NA	NA	NA	NA	NA	NA	NA
SAMEA2154936	ID_5584658	SAMEA2154936	Homo sapiens	raven2016a	R	agar dilution method	256.0	R	agar dilution method	4.0	S	agar dilution method	512.0	R	agar dilution method	2.0	S	agar dilution method	NA	NA	NA	64.0	R	agar dilution method	NA	NA	NA	128.0	R	agar dilution method	NA	NA	NA	8.0	S	agar dilution method	NA	NA	NA	NA	NA	NA	NA	NA	NA	NA	NA	NA	NA	NA	NA	NA	NA	NA	NA	NA	NA	NA	NA	NA	NA	NA	NA	NA	NA	NA	NA	NA	NA	NA	NA	NA	NA	NA	NA	NA	NA	NA	NA	NA	NA	NA	NA	NA	NA	NA	NA	NA	NA	NA	NA	NA	NA	NA	NA	NA	NA	NA	NA	NA	NA	NA	NA	NA	NA	NA	NA	NA	NA	NA	NA	NA	NA	NA	NA	NA	NA	2.0	S	agar dilution method	NA	NA	NA	16.0	S	agar dilution method	NA	NA	NA	NA	NA	NA	NA	NA	NA	NA	NA	NA	NA	NA	NA	NA	NA
SAMEA2155127	ID_3573636	SAMEA2155127	Homo sapiens	raven2016a	NA	NA	NA	NA	NA	NA	NA	NA	NA	NA	NA	NA	NA	NA	NA	NA	NA	NA	NA	NA	NA	NA	NA	NA	NA	NA	NA	NA	NA	NA	NA	NA	NA	NA	NA	NA	NA	NA	NA	NA	NA	NA	NA	NA	NA	NA	NA	NA	NA	NA	NA	NA	NA	NA	NA	NA	NA	NA	NA	NA	NA	NA	NA	NA	NA	NA	NA	NA	NA	NA	NA	NA	NA	NA	NA	NA	NA	NA	NA	NA	NA	NA	NA	NA	NA	NA	NA	NA	NA	NA	NA	NA	NA	NA	NA	NA	NA	NA	NA	NA	NA	NA	NA	NA	NA	NA	NA	NA	NA	NA	NA	NA	NA	NA	NA	NA	NA	NA	NA	NA	NA	NA	NA	NA	NA	NA	NA	NA	NA	NA	NA	NA	NA	NA	NA	NA	NA	NA	NA
SAMEA2155448	ID_5231555	SAMEA2155448	Homo sapiens	raven2016a	R	Vitek2_AST-P607_card	>=32.0	R	Vitek2_AST-P607_card	4.0	S	Vitek2_AST-P607_card	>=8.0	R	Vitek2_AST-P607_card	2.0	S	Vitek2_AST-P607_card	<=0.12	S	Vitek2_AST-P607_card	>=32.0	R	Vitek2_AST-P607_card	NA	R	Vitek2_AST-P607_card	NA	NA	disc_diffusion	>=16.0	R	Vitek2_AST-P607_card	NA	NA	disc_diffusion	NA	NA	NA	4.0	I	Vitek2_AST-P607_card	NA	NA	disc_diffusion	NA	S	disc_diffusion	R	Vitek2_AST-P607_card	<=16.0	S	Vitek2_AST-P607_card	NA	NA	NA	NA	R	disc_diffusion	>=8.0	R	Vitek2_AST-P607_card	NA	NA	NA	NA	NA	NA	NA	NA	NA	NA	NA	NA	NA	NA	NA	NA	NA	NA	NA	NA	NA	NA	NA	NA	NA	NA	NA	NA	NA	NA	NA	NA	NA	NA	NA	NA	NA	NA	NA	NA	NA	NA	NA	NA	NA	NA	NA	NA	NA	NA	NA	NA	NA	NA	disc_diffusion	NA	NA	NA	NA	R	disc_diffusion	NA	NA	NA	NA	NA	NA	NA	NA	NA	NA	NA	NA	NA	NA	NA	NA	NA	NA	NA	NA
SAMEA2155814	ID_5114272	SAMEA2155814	Homo sapiens	raven2016a	NA	NA	NA	NA	NA	NA	NA	NA	NA	NA	NA	NA	NA	NA	NA	NA	NA	NA	NA	NA	NA	NA	NA	NA	NA	NA	NA	NA	NA	NA	NA	NA	NA	NA	NA	NA	NA	NA	NA	NA	NA	NA	NA	NA	NA	NA	NA	NA	NA	NA	NA	NA	NA	NA	NA	NA	NA	NA	NA	NA	NA	NA	NA	NA	NA	NA	NA	NA	NA	NA	NA	NA	NA	NA	NA	NA	NA	NA	NA	NA	NA	NA	NA	NA	NA	NA	NA	NA	NA	NA	NA	NA	NA	NA	NA	NA	NA	NA	NA	NA	NA	NA	NA	NA	NA	NA	NA	NA	NA	NA	NA	NA	NA	NA	NA	NA	NA	NA	NA	NA	NA	NA	NA	NA	NA	NA	NA	NA	NA	NA	NA	NA	NA	NA	NA	NA	NA	NA	NA
SAMEA2156125	ID_4580881	SAMEA2156125	Homo sapiens	raven2016a	R	Vitek2_AST-P607_card	>=32.0	R	Vitek2_AST-P607_card	<=2.0	S	Vitek2_AST-P607_card	>=8.0	R	Vitek2_AST-P607_card	2.0	S	Vitek2_AST-P607_card	<=0.12	S	Vitek2_AST-P607_card	<=0.5	S	Vitek2_AST-P607_card	NA	S	Vitek2_AST-P607_card	NA	NA	disc_diffusion	>=16.0	R	Vitek2_AST-P607_card	NA	NA	disc_diffusion	NA	NA	NA	4.0	I	Vitek2_AST-P607_card	NA	R	disc_diffusion	NA	R	disc_diffusion	R	Vitek2_AST-P607_card	<=16.0	S	Vitek2_AST-P607_card	NA	NA	NA	NA	R	disc_diffusion	>=8.0	R	Vitek2_AST-P607_card	NA	NA	NA	NA	NA	NA	NA	NA	NA	NA	NA	NA	NA	NA	NA	NA	NA	NA	NA	NA	NA	NA	NA	NA	NA	NA	NA	NA	NA	NA	NA	NA	NA	NA	NA	NA	NA	NA	NA	NA	NA	NA	NA	NA	NA	NA	NA	NA	NA	NA	NA	NA	NA	S	disc_diffusion	NA	NA	agar dilution method	NA	R	disc_diffusion	NA	NA	agar dilution method	NA	NA	NA	NA	NA	NA	NA	NA	NA	NA	NA	NA	NA	NA	NA	NA	NA
SAMEA2156623	ID_6767562	SAMEA2156623	Homo sapiens	raven2016a	NA	agar dilution method	NA	NA	agar dilution method	NA	NA	agar dilution method	NA	NA	agar dilution method	NA	NA	agar dilution method	NA	NA	NA	NA	NA	agar dilution method	NA	NA	NA	NA	NA	agar dilution method	NA	NA	NA	NA	NA	agar dilution method	NA	NA	NA	NA	NA	NA	NA	NA	NA	NA	NA	NA	NA	NA	NA	NA	NA	NA	NA	NA	NA	NA	NA	NA	NA	NA	NA	NA	NA	NA	NA	NA	NA	NA	NA	NA	NA	NA	NA	NA	NA	NA	NA	NA	NA	NA	NA	NA	NA	NA	NA	NA	NA	NA	NA	NA	NA	NA	NA	NA	NA	NA	NA	NA	NA	NA	NA	NA	NA	NA	NA	NA	NA	NA	NA	NA	NA	NA	NA	NA	NA	NA	NA	agar dilution method	NA	NA	NA	NA	NA	agar dilution method	NA	NA	NA	NA	NA	NA	NA	NA	NA	NA	NA	NA	NA	NA	NA	NA	NA
SAMEA2156716	ID_1954250	SAMEA2156716	Homo sapiens	raven2016a	S	agar dilution method	256.0	R	agar dilution method	0.25	S	agar dilution method	512.0	R	agar dilution method	2.0	S	agar dilution method	NA	NA	NA	64.0	R	agar dilution method	NA	NA	NA	128.0	R	agar dilution method	NA	NA	NA	2.0	S	agar dilution method	NA	NA	NA	NA	NA	NA	NA	NA	NA	NA	NA	NA	NA	NA	NA	NA	NA	NA	NA	NA	NA	NA	NA	NA	NA	NA	NA	NA	NA	NA	NA	NA	NA	NA	NA	NA	NA	NA	NA	NA	NA	NA	NA	NA	NA	NA	NA	NA	NA	NA	NA	NA	NA	NA	NA	NA	NA	NA	NA	NA	NA	NA	NA	NA	NA	NA	NA	NA	NA	NA	NA	NA	NA	NA	NA	NA	NA	NA	NA	NA	NA	2.0	S	agar dilution method	NA	NA	NA	4.0	S	agar dilution method	NA	NA	NA	NA	NA	NA	NA	NA	NA	NA	NA	NA	NA	NA	NA	NA	NA
SAMEA2156772	ID_7617840	SAMEA2156772	Homo sapiens	raven2016a	NA	NA	NA	NA	NA	NA	NA	NA	NA	NA	NA	NA	NA	NA	NA	NA	NA	NA	NA	NA	NA	NA	NA	NA	NA	NA	NA	NA	NA	NA	NA	NA	NA	NA	NA	NA	NA	NA	NA	NA	NA	NA	NA	NA	NA	NA	NA	NA	NA	NA	NA	NA	NA	NA	NA	NA	NA	NA	NA	NA	NA	NA	NA	NA	NA	NA	NA	NA	NA	NA	NA	NA	NA	NA	NA	NA	NA	NA	NA	NA	NA	NA	NA	NA	NA	NA	NA	NA	NA	NA	NA	NA	NA	NA	NA	NA	NA	NA	NA	NA	NA	NA	NA	NA	NA	NA	NA	NA	NA	NA	NA	NA	NA	NA	NA	NA	NA	NA	NA	NA	NA	NA	NA	NA	NA	NA	NA	NA	NA	NA	NA	NA	NA	NA	NA	NA	NA	NA	NA
SAMEA2156874	ID_6709297	SAMEA2156874	Homo sapiens	raven2016a	S	agar dilution method	1.0	S	agar dilution method	0.5	S	agar dilution method	512.0	R	agar dilution method	2.0	S	agar dilution method	NA	NA	NA	0.12	S	agar dilution method	NA	NA	NA	128.0	R	agar dilution method	NA	NA	NA	2.0	S	agar dilution method	NA	NA	NA	NA	NA	NA	NA	NA	NA	NA	NA	NA	NA	NA	NA	NA	NA	NA	NA	NA	NA	NA	NA	NA	NA	NA	NA	NA	NA	NA	NA	NA	NA	NA	NA	NA	NA	NA	NA	NA	NA	NA	NA	NA	NA	NA	NA	NA	NA	NA	NA	NA	NA	NA	NA	NA	NA	NA	NA	NA	NA	NA	NA	NA	NA	NA	NA	NA	NA	NA	NA	NA	NA	NA	NA	NA	NA	NA	NA	NA	NA	0.5	S	agar dilution method	NA	NA	NA	4.0	S	agar dilution method	NA	NA	NA	NA	NA	NA	NA	NA	NA	NA	NA	NA	NA	NA	NA	NA	NA
SAMEA2157091	ID_3599715	SAMEA2157091	Homo sapiens	raven2016a	NA	NA	NA	NA	NA	NA	NA	NA	NA	NA	NA	NA	NA	NA	NA	NA	NA	NA	NA	NA	NA	NA	NA	NA	NA	NA	NA	NA	NA	NA	NA	NA	NA	NA	NA	NA	NA	NA	NA	NA	NA	NA	NA	NA	NA	NA	NA	NA	NA	NA	NA	NA	NA	NA	NA	NA	NA	NA	NA	NA	NA	NA	NA	NA	NA	NA	NA	NA	NA	NA	NA	NA	NA	NA	NA	NA	NA	NA	NA	NA	NA	NA	NA	NA	NA	NA	NA	NA	NA	NA	NA	NA	NA	NA	NA	NA	NA	NA	NA	NA	NA	NA	NA	NA	NA	NA	NA	NA	NA	NA	NA	NA	NA	NA	NA	NA	NA	NA	NA	NA	NA	NA	NA	NA	NA	NA	NA	NA	NA	NA	NA	NA	NA	NA	NA	NA	NA	NA	NA
SAMEA2157173	ID_4097936	SAMEA2157173	Homo sapiens	raven2016a	R	Vitek2_AST-P607_card	>=32.0	R	Vitek2_AST-P607_card	4.0	S	Vitek2_AST-P607_card	>=8.0	R	Vitek2_AST-P607_card	2.0	S	Vitek2_AST-P607_card	<=0.12	S	Vitek2_AST-P607_card	>=32.0	R	Vitek2_AST-P607_card	NA	R	Vitek2_AST-P607_card	NA	NA	disc_diffusion	>=16.0	R	Vitek2_AST-P607_card	NA	NA	disc_diffusion	NA	NA	NA	8.0	R	Vitek2_AST-P607_card	NA	NA	disc_diffusion	NA	R	disc_diffusion	R	Vitek2_AST-P607_card	<=16.0	S	Vitek2_AST-P607_card	NA	NA	NA	NA	R	disc_diffusion	>=8.0	R	Vitek2_AST-P607_card	NA	NA	NA	NA	NA	NA	NA	NA	NA	NA	NA	NA	NA	NA	NA	NA	NA	NA	NA	NA	NA	NA	NA	NA	NA	NA	NA	NA	NA	NA	NA	NA	NA	NA	NA	NA	NA	NA	NA	NA	NA	NA	NA	NA	NA	NA	NA	NA	NA	NA	NA	NA	NA	NA	disc_diffusion	NA	NA	agar dilution method	NA	NA	disc_diffusion	NA	NA	agar dilution method	NA	NA	NA	NA	NA	NA	NA	NA	NA	NA	NA	NA	NA	NA	NA	NA	NA
SAMEA2157324	ID_1008795	SAMEA2157324	Homo sapiens	raven2016a	NA	NA	NA	NA	NA	NA	NA	NA	NA	NA	NA	NA	NA	NA	NA	NA	NA	NA	NA	NA	NA	NA	NA	NA	NA	NA	NA	NA	NA	NA	NA	NA	NA	NA	NA	NA	NA	NA	NA	NA	NA	NA	NA	NA	NA	NA	NA	NA	NA	NA	NA	NA	NA	NA	NA	NA	NA	NA	NA	NA	NA	NA	NA	NA	NA	NA	NA	NA	NA	NA	NA	NA	NA	NA	NA	NA	NA	NA	NA	NA	NA	NA	NA	NA	NA	NA	NA	NA	NA	NA	NA	NA	NA	NA	NA	NA	NA	NA	NA	NA	NA	NA	NA	NA	NA	NA	NA	NA	NA	NA	NA	NA	NA	NA	NA	NA	NA	NA	NA	NA	NA	NA	NA	NA	NA	NA	NA	NA	NA	NA	NA	NA	NA	NA	NA	NA	NA	NA	NA
SAMEA2157625	ID_6930966	SAMEA2157625	Homo sapiens	raven2016a	S	disc_diffusion	NA	R	disc_diffusion	NA	S	disc_diffusion	NA	NA	disc_diffusion	NA	S	disc_diffusion	NA	S	disc_diffusion	NA	R	disc_diffusion	NA	NA	NA	NA	NA	disc_diffusion	NA	NA	disc_diffusion	NA	NA	disc_diffusion	NA	NA	NA	NA	R	disc_diffusion	NA	NA	disc_diffusion	NA	S	disc_diffusion	NA	NA	NA	S	disc_diffusion	NA	NA	NA	NA	S	disc_diffusion	NA	NA	disc_diffusion	NA	NA	NA	NA	NA	NA	NA	NA	NA	NA	NA	NA	NA	NA	NA	NA	NA	NA	NA	NA	NA	NA	NA	NA	NA	NA	NA	NA	NA	NA	NA	NA	NA	NA	NA	NA	NA	NA	NA	NA	NA	NA	NA	NA	NA	NA	NA	NA	NA	NA	NA	NA	NA	NA	disc_diffusion	NA	NA	NA	NA	R	disc_diffusion	NA	NA	NA	NA	NA	NA	NA	NA	NA	NA	NA	NA	NA	NA	NA	NA	NA	NA	NA	NA
SAMEA2157682	ID_5182162	SAMEA2157682	Homo sapiens	raven2016a	NA	NA	NA	NA	NA	NA	NA	NA	NA	NA	NA	NA	NA	NA	NA	NA	NA	NA	NA	NA	NA	NA	NA	NA	NA	NA	NA	NA	NA	NA	NA	NA	NA	NA	NA	NA	NA	NA	NA	NA	NA	NA	NA	NA	NA	NA	NA	NA	NA	NA	NA	NA	NA	NA	NA	NA	NA	NA	NA	NA	NA	NA	NA	NA	NA	NA	NA	NA	NA	NA	NA	NA	NA	NA	NA	NA	NA	NA	NA	NA	NA	NA	NA	NA	NA	NA	NA	NA	NA	NA	NA	NA	NA	NA	NA	NA	NA	NA	NA	NA	NA	NA	NA	NA	NA	NA	NA	NA	NA	NA	NA	NA	NA	NA	NA	NA	NA	NA	NA	NA	NA	NA	NA	NA	NA	NA	NA	NA	NA	NA	NA	NA	NA	NA	NA	NA	NA	NA	NA
SAMEA2157717	ID_4293916	SAMEA2157717	Homo sapiens	raven2016a	S	agar dilution method	4.0	S	agar dilution method	1.0	S	agar dilution method	2.0	S	agar dilution method	2.0	S	agar dilution method	NA	NA	NA	0.25	S	agar dilution method	NA	NA	NA	2.0	S	agar dilution method	NA	NA	NA	2.0	S	agar dilution method	NA	NA	NA	NA	NA	NA	NA	NA	NA	NA	NA	NA	NA	NA	NA	NA	NA	NA	NA	NA	NA	NA	NA	NA	NA	NA	NA	NA	NA	NA	NA	NA	NA	NA	NA	NA	NA	NA	NA	NA	NA	NA	NA	NA	NA	NA	NA	NA	NA	NA	NA	NA	NA	NA	NA	NA	NA	NA	NA	NA	NA	NA	NA	NA	NA	NA	NA	NA	NA	NA	NA	NA	NA	NA	NA	NA	NA	NA	NA	NA	NA	0.5	S	agar dilution method	NA	NA	NA	2.0	S	agar dilution method	NA	NA	NA	NA	NA	NA	NA	NA	NA	NA	NA	NA	NA	NA	NA	NA	NA
SAMEA2157840	ID_4292759	SAMEA2157840	Homo sapiens	raven2016a	S	agar dilution method	1.0	S	agar dilution method	0.5	S	agar dilution method	1.0	S	agar dilution method	2.0	S	agar dilution method	NA	NA	NA	0.12	S	agar dilution method	NA	NA	NA	1.0	S	agar dilution method	NA	NA	NA	2.0	S	agar dilution method	NA	NA	NA	NA	NA	NA	NA	NA	NA	NA	NA	NA	NA	NA	NA	NA	NA	NA	NA	NA	NA	NA	NA	NA	NA	NA	NA	NA	NA	NA	NA	NA	NA	NA	NA	NA	NA	NA	NA	NA	NA	NA	NA	NA	NA	NA	NA	NA	NA	NA	NA	NA	NA	NA	NA	NA	NA	NA	NA	NA	NA	NA	NA	NA	NA	NA	NA	NA	NA	NA	NA	NA	NA	NA	NA	NA	NA	NA	NA	NA	NA	0.5	S	agar dilution method	NA	NA	NA	2.0	S	agar dilution method	NA	NA	NA	NA	NA	NA	NA	NA	NA	NA	NA	NA	NA	NA	NA	NA	NA
SAMEA2157999	ID_7498143	SAMEA2157999	Homo sapiens	raven2016a	NA	NA	NA	NA	NA	NA	NA	NA	NA	NA	NA	NA	NA	NA	NA	NA	NA	NA	NA	NA	NA	NA	NA	NA	NA	NA	NA	NA	NA	NA	NA	NA	NA	NA	NA	NA	NA	NA	NA	NA	NA	NA	NA	NA	NA	NA	NA	NA	NA	NA	NA	NA	NA	NA	NA	NA	NA	NA	NA	NA	NA	NA	NA	NA	NA	NA	NA	NA	NA	NA	NA	NA	NA	NA	NA	NA	NA	NA	NA	NA	NA	NA	NA	NA	NA	NA	NA	NA	NA	NA	NA	NA	NA	NA	NA	NA	NA	NA	NA	NA	NA	NA	NA	NA	NA	NA	NA	NA	NA	NA	NA	NA	NA	NA	NA	NA	NA	NA	NA	NA	NA	NA	NA	NA	NA	NA	NA	NA	NA	NA	NA	NA	NA	NA	NA	NA	NA	NA	NA
SAMEA2158089	ID_2114102	SAMEA2158089	Homo sapiens	raven2016a	NA	NA	NA	NA	NA	NA	NA	NA	NA	NA	NA	NA	NA	NA	NA	NA	NA	NA	NA	NA	NA	NA	NA	NA	NA	NA	NA	NA	NA	NA	NA	NA	NA	NA	NA	NA	NA	NA	NA	NA	NA	NA	NA	NA	NA	NA	NA	NA	NA	NA	NA	NA	NA	NA	NA	NA	NA	NA	NA	NA	NA	NA	NA	NA	NA	NA	NA	NA	NA	NA	NA	NA	NA	NA	NA	NA	NA	NA	NA	NA	NA	NA	NA	NA	NA	NA	NA	NA	NA	NA	NA	NA	NA	NA	NA	NA	NA	NA	NA	NA	NA	NA	NA	NA	NA	NA	NA	NA	NA	NA	NA	NA	NA	NA	NA	NA	NA	NA	NA	NA	NA	NA	NA	NA	NA	NA	NA	NA	NA	NA	NA	NA	NA	NA	NA	NA	NA	NA	NA
SAMEA2158180	ID_8082565	SAMEA2158180	Homo sapiens	raven2016a	NA	agar dilution method	NA	NA	agar dilution method	NA	NA	agar dilution method	NA	NA	agar dilution method	NA	NA	agar dilution method	NA	NA	NA	NA	NA	agar dilution method	NA	NA	NA	NA	NA	agar dilution method	NA	NA	NA	NA	NA	agar dilution method	NA	NA	NA	NA	NA	NA	NA	NA	NA	NA	NA	NA	NA	NA	NA	NA	NA	NA	NA	NA	NA	NA	NA	NA	NA	NA	NA	NA	NA	NA	NA	NA	NA	NA	NA	NA	NA	NA	NA	NA	NA	NA	NA	NA	NA	NA	NA	NA	NA	NA	NA	NA	NA	NA	NA	NA	NA	NA	NA	NA	NA	NA	NA	NA	NA	NA	NA	NA	NA	NA	NA	NA	NA	NA	NA	NA	NA	NA	NA	NA	NA	NA	NA	agar dilution method	NA	NA	NA	NA	NA	agar dilution method	NA	NA	NA	NA	NA	NA	NA	NA	NA	NA	NA	NA	NA	NA	NA	NA	NA
SAMEA2158235	ID_3911977	SAMEA2158235	Homo sapiens	raven2016a	NA	Vitek2_AST-P607_card	NA	NA	Vitek2_AST-P607_card	NA	NA	Vitek2_AST-P607_card	NA	NA	Vitek2_AST-P607_card	NA	NA	Vitek2_AST-P607_card	NA	NA	Vitek2_AST-P607_card	NA	NA	Vitek2_AST-P607_card	NA	NA	Vitek2_AST-P607_card	NA	NA	NA	NA	NA	Vitek2_AST-P607_card	NA	NA	NA	NA	NA	NA	NA	NA	Vitek2_AST-P607_card	NA	NA	NA	NA	NA	NA	NA	Vitek2_AST-P607_card	NA	NA	Vitek2_AST-P607_card	NA	NA	NA	NA	NA	NA	NA	NA	Vitek2_AST-P607_card	NA	NA	NA	NA	NA	NA	NA	NA	NA	NA	NA	NA	NA	NA	NA	NA	NA	NA	NA	NA	NA	NA	NA	NA	NA	NA	NA	NA	NA	NA	NA	NA	NA	NA	NA	NA	NA	NA	NA	NA	NA	NA	NA	NA	NA	NA	NA	NA	NA	NA	NA	NA	NA	NA	NA	NA	NA	NA	NA	NA	NA	NA	NA	NA	NA	NA	NA	NA	NA	NA	NA	NA	NA	NA	NA	NA	NA	NA	NA	NA	NA
SAMEA2158337	ID_8820525	SAMEA2158337	Homo sapiens	raven2016a	R	agar dilution method	256.0	R	agar dilution method	0.5	S	agar dilution method	512.0	R	agar dilution method	2.0	S	agar dilution method	NA	NA	NA	128.0	R	agar dilution method	NA	NA	NA	128.0	R	agar dilution method	NA	NA	NA	4.0	S	agar dilution method	NA	NA	NA	NA	NA	NA	NA	NA	NA	NA	NA	NA	NA	NA	NA	NA	NA	NA	NA	NA	NA	NA	NA	NA	NA	NA	NA	NA	NA	NA	NA	NA	NA	NA	NA	NA	NA	NA	NA	NA	NA	NA	NA	NA	NA	NA	NA	NA	NA	NA	NA	NA	NA	NA	NA	NA	NA	NA	NA	NA	NA	NA	NA	NA	NA	NA	NA	NA	NA	NA	NA	NA	NA	NA	NA	NA	NA	NA	NA	NA	NA	1.0	S	agar dilution method	NA	NA	NA	8.0	S	agar dilution method	NA	NA	NA	NA	NA	NA	NA	NA	NA	NA	NA	NA	NA	NA	NA	NA	NA
SAMEA2158365	ID_1404752	SAMEA2158365	Homo sapiens	raven2016a	NA	agar dilution method	NA	NA	agar dilution method	NA	NA	agar dilution method	NA	NA	agar dilution method	NA	NA	agar dilution method	NA	NA	NA	NA	NA	agar dilution method	NA	NA	NA	NA	NA	agar dilution method	NA	NA	NA	NA	NA	agar dilution method	NA	NA	NA	NA	NA	NA	NA	NA	NA	NA	NA	NA	NA	NA	NA	NA	NA	NA	NA	NA	NA	NA	NA	NA	NA	NA	NA	NA	NA	NA	NA	NA	NA	NA	NA	NA	NA	NA	NA	NA	NA	NA	NA	NA	NA	NA	NA	NA	NA	NA	NA	NA	NA	NA	NA	NA	NA	NA	NA	NA	NA	NA	NA	NA	NA	NA	NA	NA	NA	NA	NA	NA	NA	NA	NA	NA	NA	NA	NA	NA	NA	NA	NA	agar dilution method	NA	NA	NA	NA	NA	agar dilution method	NA	NA	NA	NA	NA	NA	NA	NA	NA	NA	NA	NA	NA	NA	NA	NA	NA
SAMEA2158548	ID_7371534	SAMEA2158548	Homo sapiens	raven2016a	S	agar dilution method	256.0	R	agar dilution method	0.5	S	agar dilution method	512.0	R	agar dilution method	2.0	S	agar dilution method	NA	NA	NA	8.0	R	agar dilution method	NA	NA	NA	64.0	R	agar dilution method	NA	NA	NA	1.0	S	agar dilution method	NA	NA	NA	NA	NA	NA	NA	NA	NA	NA	NA	NA	NA	NA	NA	NA	NA	NA	NA	NA	NA	NA	NA	NA	NA	NA	NA	NA	NA	NA	NA	NA	NA	NA	NA	NA	NA	NA	NA	NA	NA	NA	NA	NA	NA	NA	NA	NA	NA	NA	NA	NA	NA	NA	NA	NA	NA	NA	NA	NA	NA	NA	NA	NA	NA	NA	NA	NA	NA	NA	NA	NA	NA	NA	NA	NA	NA	NA	NA	NA	NA	0.5	S	agar dilution method	NA	NA	NA	4.0	S	agar dilution method	NA	NA	NA	NA	NA	NA	NA	NA	NA	NA	NA	NA	NA	NA	NA	NA	NA
SAMEA2158865	ID_7761413	SAMEA2158865	Homo sapiens	raven2016a	NA	agar dilution method	NA	NA	agar dilution method	NA	NA	agar dilution method	NA	NA	agar dilution method	NA	NA	agar dilution method	NA	NA	NA	NA	NA	agar dilution method	NA	NA	NA	NA	NA	agar dilution method	NA	NA	NA	NA	NA	agar dilution method	NA	NA	NA	NA	NA	NA	NA	NA	NA	NA	NA	NA	NA	NA	NA	NA	NA	NA	NA	NA	NA	NA	NA	NA	NA	NA	NA	NA	NA	NA	NA	NA	NA	NA	NA	NA	NA	NA	NA	NA	NA	NA	NA	NA	NA	NA	NA	NA	NA	NA	NA	NA	NA	NA	NA	NA	NA	NA	NA	NA	NA	NA	NA	NA	NA	NA	NA	NA	NA	NA	NA	NA	NA	NA	NA	NA	NA	NA	NA	NA	NA	NA	NA	agar dilution method	NA	NA	NA	NA	NA	agar dilution method	NA	NA	NA	NA	NA	NA	NA	NA	NA	NA	NA	NA	NA	NA	NA	NA	NA
SAMEA2158883	ID_5949572	SAMEA2158883	Homo sapiens	raven2016a	NA	agar dilution method	NA	NA	agar dilution method	NA	NA	agar dilution method	NA	NA	agar dilution method	NA	NA	agar dilution method	NA	NA	NA	NA	NA	agar dilution method	NA	NA	NA	NA	NA	agar dilution method	NA	NA	NA	NA	NA	agar dilution method	NA	NA	NA	NA	NA	NA	NA	NA	NA	NA	NA	NA	NA	NA	NA	NA	NA	NA	NA	NA	NA	NA	NA	NA	NA	NA	NA	NA	NA	NA	NA	NA	NA	NA	NA	NA	NA	NA	NA	NA	NA	NA	NA	NA	NA	NA	NA	NA	NA	NA	NA	NA	NA	NA	NA	NA	NA	NA	NA	NA	NA	NA	NA	NA	NA	NA	NA	NA	NA	NA	NA	NA	NA	NA	NA	NA	NA	NA	NA	NA	NA	NA	NA	agar dilution method	NA	NA	NA	NA	NA	agar dilution method	NA	NA	NA	NA	NA	NA	NA	NA	NA	NA	NA	NA	NA	NA	NA	NA	NA
SAMEA2159149	ID_5400266	SAMEA2159149	Homo sapiens	raven2016a	S	agar dilution method	4.0	S	agar dilution method	1.0	S	agar dilution method	512.0	R	agar dilution method	1.0	S	agar dilution method	NA	NA	NA	0.25	S	agar dilution method	NA	NA	NA	2.0	S	agar dilution method	NA	NA	NA	1.0	S	agar dilution method	NA	NA	NA	NA	NA	NA	NA	NA	NA	NA	NA	NA	NA	NA	NA	NA	NA	NA	NA	NA	NA	NA	NA	NA	NA	NA	NA	NA	NA	NA	NA	NA	NA	NA	NA	NA	NA	NA	NA	NA	NA	NA	NA	NA	NA	NA	NA	NA	NA	NA	NA	NA	NA	NA	NA	NA	NA	NA	NA	NA	NA	NA	NA	NA	NA	NA	NA	NA	NA	NA	NA	NA	NA	NA	NA	NA	NA	NA	NA	NA	NA	0.5	S	agar dilution method	NA	NA	NA	2.0	S	agar dilution method	NA	NA	NA	NA	NA	NA	NA	NA	NA	NA	NA	NA	NA	NA	NA	NA	NA
SAMEA2159221	ID_5608735	SAMEA2159221	Homo sapiens	raven2016a	NA	agar dilution method	NA	NA	agar dilution method	NA	NA	agar dilution method	NA	NA	agar dilution method	NA	NA	agar dilution method	NA	NA	NA	NA	NA	agar dilution method	NA	NA	NA	NA	NA	agar dilution method	NA	NA	NA	NA	NA	agar dilution method	NA	NA	NA	NA	NA	NA	NA	NA	NA	NA	NA	NA	NA	NA	NA	NA	NA	NA	NA	NA	NA	NA	NA	NA	NA	NA	NA	NA	NA	NA	NA	NA	NA	NA	NA	NA	NA	NA	NA	NA	NA	NA	NA	NA	NA	NA	NA	NA	NA	NA	NA	NA	NA	NA	NA	NA	NA	NA	NA	NA	NA	NA	NA	NA	NA	NA	NA	NA	NA	NA	NA	NA	NA	NA	NA	NA	NA	NA	NA	NA	NA	NA	NA	agar dilution method	NA	NA	NA	NA	NA	agar dilution method	NA	NA	NA	NA	NA	NA	NA	NA	NA	NA	NA	NA	NA	NA	NA	NA	NA
SAMEA2159643	ID_7825658	SAMEA2159643	Homo sapiens	raven2016a	R	agar dilution method	256.0	R	agar dilution method	0.5	S	agar dilution method	512.0	R	agar dilution method	2.0	S	agar dilution method	NA	NA	NA	16.0	R	agar dilution method	NA	NA	NA	128.0	R	agar dilution method	NA	NA	NA	2.0	S	agar dilution method	NA	NA	NA	NA	NA	NA	NA	NA	NA	NA	NA	NA	NA	NA	NA	NA	NA	NA	NA	NA	NA	NA	NA	NA	NA	NA	NA	NA	NA	NA	NA	NA	NA	NA	NA	NA	NA	NA	NA	NA	NA	NA	NA	NA	NA	NA	NA	NA	NA	NA	NA	NA	NA	NA	NA	NA	NA	NA	NA	NA	NA	NA	NA	NA	NA	NA	NA	NA	NA	NA	NA	NA	NA	NA	NA	NA	NA	NA	NA	NA	NA	0.5	S	agar dilution method	NA	NA	NA	4.0	S	agar dilution method	NA	NA	NA	NA	NA	NA	NA	NA	NA	NA	NA	NA	NA	NA	NA	NA	NA
SAMEA2159754	ID_1757361	SAMEA2159754	Homo sapiens	raven2016a	NA	agar dilution method	NA	NA	agar dilution method	NA	NA	agar dilution method	NA	NA	agar dilution method	NA	NA	agar dilution method	NA	NA	NA	NA	NA	agar dilution method	NA	NA	NA	NA	NA	agar dilution method	NA	NA	NA	NA	NA	agar dilution method	NA	NA	NA	NA	NA	NA	NA	NA	NA	NA	NA	NA	NA	NA	NA	NA	NA	NA	NA	NA	NA	NA	NA	NA	NA	NA	NA	NA	NA	NA	NA	NA	NA	NA	NA	NA	NA	NA	NA	NA	NA	NA	NA	NA	NA	NA	NA	NA	NA	NA	NA	NA	NA	NA	NA	NA	NA	NA	NA	NA	NA	NA	NA	NA	NA	NA	NA	NA	NA	NA	NA	NA	NA	NA	NA	NA	NA	NA	NA	NA	NA	NA	NA	agar dilution method	NA	NA	NA	NA	NA	agar dilution method	NA	NA	NA	NA	NA	NA	NA	NA	NA	NA	NA	NA	NA	NA	NA	NA	NA
SAMEA2159861	ID_4687993	SAMEA2159861	Homo sapiens	raven2016a	NA	NA	NA	NA	NA	NA	NA	NA	NA	NA	NA	NA	NA	NA	NA	NA	NA	NA	NA	NA	NA	NA	NA	NA	NA	NA	NA	NA	NA	NA	NA	NA	NA	NA	NA	NA	NA	NA	NA	NA	NA	NA	NA	NA	NA	NA	NA	NA	NA	NA	NA	NA	NA	NA	NA	NA	NA	NA	NA	NA	NA	NA	NA	NA	NA	NA	NA	NA	NA	NA	NA	NA	NA	NA	NA	NA	NA	NA	NA	NA	NA	NA	NA	NA	NA	NA	NA	NA	NA	NA	NA	NA	NA	NA	NA	NA	NA	NA	NA	NA	NA	NA	NA	NA	NA	NA	NA	NA	NA	NA	NA	NA	NA	NA	NA	NA	NA	NA	NA	NA	NA	NA	NA	NA	NA	NA	NA	NA	NA	NA	NA	NA	NA	NA	NA	NA	NA	NA	NA
SAMEA2159988	ID_8777518	SAMEA2159988	Homo sapiens	raven2016a	S	agar dilution method	256.0	R	agar dilution method	1.0	S	agar dilution method	512.0	R	agar dilution method	2.0	S	agar dilution method	NA	NA	NA	32.0	R	agar dilution method	NA	NA	NA	2.0	S	agar dilution method	NA	NA	NA	2.0	S	agar dilution method	NA	NA	NA	NA	NA	NA	NA	NA	NA	NA	NA	NA	NA	NA	NA	NA	NA	NA	NA	NA	NA	NA	NA	NA	NA	NA	NA	NA	NA	NA	NA	NA	NA	NA	NA	NA	NA	NA	NA	NA	NA	NA	NA	NA	NA	NA	NA	NA	NA	NA	NA	NA	NA	NA	NA	NA	NA	NA	NA	NA	NA	NA	NA	NA	NA	NA	NA	NA	NA	NA	NA	NA	NA	NA	NA	NA	NA	NA	NA	NA	NA	0.25	S	agar dilution method	NA	NA	NA	4.0	S	agar dilution method	NA	NA	NA	NA	NA	NA	NA	NA	NA	NA	NA	NA	NA	NA	NA	NA	NA
SAMEA2160011	ID_4088958	SAMEA2160011	Homo sapiens	raven2016a	NA	NA	NA	NA	NA	NA	NA	NA	NA	NA	NA	NA	NA	NA	NA	NA	NA	NA	NA	NA	NA	NA	NA	NA	NA	NA	NA	NA	NA	NA	NA	NA	NA	NA	NA	NA	NA	NA	NA	NA	NA	NA	NA	NA	NA	NA	NA	NA	NA	NA	NA	NA	NA	NA	NA	NA	NA	NA	NA	NA	NA	NA	NA	NA	NA	NA	NA	NA	NA	NA	NA	NA	NA	NA	NA	NA	NA	NA	NA	NA	NA	NA	NA	NA	NA	NA	NA	NA	NA	NA	NA	NA	NA	NA	NA	NA	NA	NA	NA	NA	NA	NA	NA	NA	NA	NA	NA	NA	NA	NA	NA	NA	NA	NA	NA	NA	NA	NA	NA	NA	NA	NA	NA	NA	NA	NA	NA	NA	NA	NA	NA	NA	NA	NA	NA	NA	NA	NA	NA
SAMEA2160037	ID_8204156	SAMEA2160037	Homo sapiens	raven2016a	NA	NA	NA	NA	NA	NA	NA	NA	NA	NA	NA	NA	NA	NA	NA	NA	NA	NA	NA	NA	NA	NA	NA	NA	NA	NA	NA	NA	NA	NA	NA	NA	NA	NA	NA	NA	NA	NA	NA	NA	NA	NA	NA	NA	NA	NA	NA	NA	NA	NA	NA	NA	NA	NA	NA	NA	NA	NA	NA	NA	NA	NA	NA	NA	NA	NA	NA	NA	NA	NA	NA	NA	NA	NA	NA	NA	NA	NA	NA	NA	NA	NA	NA	NA	NA	NA	NA	NA	NA	NA	NA	NA	NA	NA	NA	NA	NA	NA	NA	NA	NA	NA	NA	NA	NA	NA	NA	NA	NA	NA	NA	NA	NA	NA	NA	NA	NA	NA	NA	NA	NA	NA	NA	NA	NA	NA	NA	NA	NA	NA	NA	NA	NA	NA	NA	NA	NA	NA	NA
SAMEA2160223	ID_2848016	SAMEA2160223	Homo sapiens	raven2016a	S	Vitek2_AST-P607_card	>=32.0	R	Vitek2_AST-P607_card	<=2.0	S	Vitek2_AST-P607_card	>=8.0	R	Vitek2_AST-P607_card	1.0	S	Vitek2_AST-P607_card	<=0.12	S	Vitek2_AST-P607_card	>=32.0	R	Vitek2_AST-P607_card	NA	NA	Vitek2_AST-P607_card	NA	NA	NA	>=16.0	R	Vitek2_AST-P607_card	NA	NA	NA	NA	NA	NA	8.0	R	Vitek2_AST-P607_card	NA	NA	NA	NA	NA	NA	R	Vitek2_AST-P607_card	<=16.0	S	Vitek2_AST-P607_card	NA	NA	NA	NA	NA	NA	>=8.0	R	Vitek2_AST-P607_card	NA	NA	NA	NA	NA	NA	NA	NA	NA	NA	NA	NA	NA	NA	NA	NA	NA	NA	NA	NA	NA	NA	NA	NA	NA	NA	NA	NA	NA	NA	NA	NA	NA	NA	NA	NA	NA	NA	NA	NA	NA	NA	NA	NA	NA	NA	NA	NA	NA	NA	NA	NA	NA	NA	NA	NA	NA	NA	NA	NA	NA	NA	NA	NA	NA	NA	NA	NA	NA	NA	NA	NA	NA	NA	NA	NA	NA	NA	NA	NA	NA
SAMEA2160386	ID_5202570	SAMEA2160386	Homo sapiens	raven2016a	NA	NA	NA	NA	NA	NA	NA	NA	NA	NA	NA	NA	NA	NA	NA	NA	NA	NA	NA	NA	NA	NA	NA	NA	NA	NA	NA	NA	NA	NA	NA	NA	NA	NA	NA	NA	NA	NA	NA	NA	NA	NA	NA	NA	NA	NA	NA	NA	NA	NA	NA	NA	NA	NA	NA	NA	NA	NA	NA	NA	NA	NA	NA	NA	NA	NA	NA	NA	NA	NA	NA	NA	NA	NA	NA	NA	NA	NA	NA	NA	NA	NA	NA	NA	NA	NA	NA	NA	NA	NA	NA	NA	NA	NA	NA	NA	NA	NA	NA	NA	NA	NA	NA	NA	NA	NA	NA	NA	NA	NA	NA	NA	NA	NA	NA	NA	NA	NA	NA	NA	NA	NA	NA	NA	NA	NA	NA	NA	NA	NA	NA	NA	NA	NA	NA	NA	NA	NA	NA
SAMEA2160540	ID_3145893	SAMEA2160540	Homo sapiens	raven2016a	R	Vitek2_AST-P607_card	>=32.0	R	Vitek2_AST-P607_card	<=2.0	S	Vitek2_AST-P607_card	>=8.0	R	Vitek2_AST-P607_card	4.0	S	Vitek2_AST-P607_card	<=0.12	S	Vitek2_AST-P607_card	>=32.0	R	Vitek2_AST-P607_card	NA	R	Vitek2_AST-P607_card	NA	NA	disc_diffusion	>=16.0	R	Vitek2_AST-P607_card	NA	NA	disc_diffusion	NA	NA	NA	4.0	I	Vitek2_AST-P607_card	NA	NA	disc_diffusion	NA	R	disc_diffusion	R	Vitek2_AST-P607_card	<=16.0	S	Vitek2_AST-P607_card	NA	NA	NA	NA	R	disc_diffusion	>=8.0	R	Vitek2_AST-P607_card	NA	NA	NA	NA	NA	NA	NA	NA	NA	NA	NA	NA	NA	NA	NA	NA	NA	NA	NA	NA	NA	NA	NA	NA	NA	NA	NA	NA	NA	NA	NA	NA	NA	NA	NA	NA	NA	NA	NA	NA	NA	NA	NA	NA	NA	NA	NA	NA	NA	NA	NA	NA	NA	NA	disc_diffusion	NA	NA	agar dilution method	NA	R	disc_diffusion	NA	NA	agar dilution method	NA	NA	NA	NA	NA	NA	NA	NA	NA	NA	NA	NA	NA	NA	NA	NA	NA
SAMEA2160663	ID_3410504	SAMEA2160663	Homo sapiens	raven2016a	NA	Vitek2_AST-P607_card	NA	NA	Vitek2_AST-P607_card	NA	NA	Vitek2_AST-P607_card	NA	NA	Vitek2_AST-P607_card	NA	NA	Vitek2_AST-P607_card	NA	NA	Vitek2_AST-P607_card	NA	NA	Vitek2_AST-P607_card	NA	NA	Vitek2_AST-P607_card	NA	R	disc_diffusion	NA	NA	Vitek2_AST-P607_card	NA	NA	disc_diffusion	NA	NA	NA	NA	NA	Vitek2_AST-P607_card	NA	NA	disc_diffusion	NA	S	disc_diffusion	NA	Vitek2_AST-P607_card	NA	NA	Vitek2_AST-P607_card	NA	NA	NA	NA	S	disc_diffusion	NA	NA	Vitek2_AST-P607_card	NA	NA	NA	NA	NA	NA	NA	NA	NA	NA	NA	NA	NA	NA	NA	NA	NA	NA	NA	NA	NA	NA	NA	NA	NA	NA	NA	NA	NA	NA	NA	NA	NA	NA	NA	NA	NA	NA	NA	NA	NA	NA	NA	NA	NA	NA	NA	NA	NA	NA	NA	NA	NA	R	disc_diffusion	NA	NA	NA	NA	R	disc_diffusion	NA	NA	NA	NA	NA	NA	NA	NA	NA	NA	NA	NA	NA	NA	NA	NA	NA	NA	NA	NA
SAMEA2160742	ID_2725212	SAMEA2160742	Homo sapiens	raven2016a	NA	agar dilution method	NA	NA	agar dilution method	NA	NA	agar dilution method	NA	NA	agar dilution method	NA	NA	agar dilution method	NA	NA	NA	NA	NA	agar dilution method	NA	NA	NA	NA	NA	agar dilution method	NA	NA	NA	NA	NA	agar dilution method	NA	NA	NA	NA	NA	NA	NA	NA	NA	NA	NA	NA	NA	NA	NA	NA	NA	NA	NA	NA	NA	NA	NA	NA	NA	NA	NA	NA	NA	NA	NA	NA	NA	NA	NA	NA	NA	NA	NA	NA	NA	NA	NA	NA	NA	NA	NA	NA	NA	NA	NA	NA	NA	NA	NA	NA	NA	NA	NA	NA	NA	NA	NA	NA	NA	NA	NA	NA	NA	NA	NA	NA	NA	NA	NA	NA	NA	NA	NA	NA	NA	NA	NA	agar dilution method	NA	NA	NA	NA	NA	agar dilution method	NA	NA	NA	NA	NA	NA	NA	NA	NA	NA	NA	NA	NA	NA	NA	NA	NA
SAMEA2160837	ID_6772814	SAMEA2160837	Homo sapiens	raven2016a	NA	NA	NA	NA	NA	NA	NA	NA	NA	NA	NA	NA	NA	NA	NA	NA	NA	NA	NA	NA	NA	NA	NA	NA	NA	NA	NA	NA	NA	NA	NA	NA	NA	NA	NA	NA	NA	NA	NA	NA	NA	NA	NA	NA	NA	NA	NA	NA	NA	NA	NA	NA	NA	NA	NA	NA	NA	NA	NA	NA	NA	NA	NA	NA	NA	NA	NA	NA	NA	NA	NA	NA	NA	NA	NA	NA	NA	NA	NA	NA	NA	NA	NA	NA	NA	NA	NA	NA	NA	NA	NA	NA	NA	NA	NA	NA	NA	NA	NA	NA	NA	NA	NA	NA	NA	NA	NA	NA	NA	NA	NA	NA	NA	NA	NA	NA	NA	NA	NA	NA	NA	NA	NA	NA	NA	NA	NA	NA	NA	NA	NA	NA	NA	NA	NA	NA	NA	NA	NA
SAMEA2161102	ID_8225652	SAMEA2161102	Homo sapiens	raven2016a	NA	agar dilution method	NA	NA	agar dilution method	NA	NA	agar dilution method	NA	NA	agar dilution method	NA	NA	agar dilution method	NA	NA	NA	NA	NA	agar dilution method	NA	NA	NA	NA	NA	agar dilution method	NA	NA	NA	NA	NA	agar dilution method	NA	NA	NA	NA	NA	NA	NA	NA	NA	NA	NA	NA	NA	NA	NA	NA	NA	NA	NA	NA	NA	NA	NA	NA	NA	NA	NA	NA	NA	NA	NA	NA	NA	NA	NA	NA	NA	NA	NA	NA	NA	NA	NA	NA	NA	NA	NA	NA	NA	NA	NA	NA	NA	NA	NA	NA	NA	NA	NA	NA	NA	NA	NA	NA	NA	NA	NA	NA	NA	NA	NA	NA	NA	NA	NA	NA	NA	NA	NA	NA	NA	NA	NA	agar dilution method	NA	NA	NA	NA	NA	agar dilution method	NA	NA	NA	NA	NA	NA	NA	NA	NA	NA	NA	NA	NA	NA	NA	NA	NA
SAMEA2161137	ID_3420183	SAMEA2161137	Homo sapiens	raven2016a	R	Vitek2_AST-P607_card	>=32.0	R	Vitek2_AST-P607_card	<=2.0	S	Vitek2_AST-P607_card	>=8.0	R	Vitek2_AST-P607_card	2.0	S	Vitek2_AST-P607_card	<=0.12	S	Vitek2_AST-P607_card	>=32.0	R	Vitek2_AST-P607_card	NA	R	Vitek2_AST-P607_card	NA	NA	disc_diffusion	>=16.0	R	Vitek2_AST-P607_card	NA	S	disc_diffusion	NA	NA	NA	8.0	R	Vitek2_AST-P607_card	NA	S	disc_diffusion	NA	S	disc_diffusion	R	Vitek2_AST-P607_card	<=16.0	S	Vitek2_AST-P607_card	NA	NA	NA	NA	S	disc_diffusion	>=8.0	R	Vitek2_AST-P607_card	NA	NA	NA	NA	NA	NA	NA	NA	NA	NA	NA	NA	NA	NA	NA	NA	NA	NA	NA	NA	NA	NA	NA	NA	NA	NA	NA	NA	NA	NA	NA	NA	NA	NA	NA	NA	NA	NA	NA	NA	NA	NA	NA	NA	NA	NA	NA	NA	NA	NA	NA	NA	NA	S	disc_diffusion	NA	NA	NA	NA	R	disc_diffusion	NA	NA	NA	NA	NA	NA	NA	NA	NA	NA	NA	NA	NA	NA	NA	NA	NA	NA	NA	NA
SAMEA2161362	ID_5148040	SAMEA2161362	Homo sapiens	raven2016a	NA	agar dilution method	NA	NA	agar dilution method	NA	NA	agar dilution method	NA	NA	agar dilution method	NA	NA	agar dilution method	NA	NA	NA	NA	NA	agar dilution method	NA	NA	NA	NA	NA	agar dilution method	NA	NA	NA	NA	NA	agar dilution method	NA	NA	NA	NA	NA	NA	NA	NA	NA	NA	NA	NA	NA	NA	NA	NA	NA	NA	NA	NA	NA	NA	NA	NA	NA	NA	NA	NA	NA	NA	NA	NA	NA	NA	NA	NA	NA	NA	NA	NA	NA	NA	NA	NA	NA	NA	NA	NA	NA	NA	NA	NA	NA	NA	NA	NA	NA	NA	NA	NA	NA	NA	NA	NA	NA	NA	NA	NA	NA	NA	NA	NA	NA	NA	NA	NA	NA	NA	NA	NA	NA	NA	NA	agar dilution method	NA	NA	NA	NA	NA	agar dilution method	NA	NA	NA	NA	NA	NA	NA	NA	NA	NA	NA	NA	NA	NA	NA	NA	NA
SAMEA2161428	ID_8137061	SAMEA2161428	Homo sapiens	raven2016a	S	Vitek2_AST-P607_card	1.0	S	Vitek2_AST-P607_card	<=2.0	S	Vitek2_AST-P607_card	4.0	I	Vitek2_AST-P607_card	2.0	S	Vitek2_AST-P607_card	<=0.12	S	Vitek2_AST-P607_card	<=0.5	S	Vitek2_AST-P607_card	NA	NA	Vitek2_AST-P607_card	NA	NA	NA	<=1.0	S	Vitek2_AST-P607_card	NA	NA	NA	NA	NA	NA	8.0	R	Vitek2_AST-P607_card	NA	NA	NA	NA	NA	NA	S	Vitek2_AST-P607_card	<=16.0	S	Vitek2_AST-P607_card	NA	NA	NA	NA	NA	NA	>=8.0	R	Vitek2_AST-P607_card	NA	NA	NA	NA	NA	NA	NA	NA	NA	NA	NA	NA	NA	NA	NA	NA	NA	NA	NA	NA	NA	NA	NA	NA	NA	NA	NA	NA	NA	NA	NA	NA	NA	NA	NA	NA	NA	NA	NA	NA	NA	NA	NA	NA	NA	NA	NA	NA	NA	NA	NA	NA	NA	NA	NA	NA	NA	NA	NA	NA	NA	NA	NA	NA	NA	NA	NA	NA	NA	NA	NA	NA	NA	NA	NA	NA	NA	NA	NA	NA	NA
SAMEA2161444	ID_7348738	SAMEA2161444	Homo sapiens	raven2016a	NA	NA	NA	NA	NA	NA	NA	NA	NA	NA	NA	NA	NA	NA	NA	NA	NA	NA	NA	NA	NA	NA	NA	NA	NA	NA	NA	NA	NA	NA	NA	NA	NA	NA	NA	NA	NA	NA	NA	NA	NA	NA	NA	NA	NA	NA	NA	NA	NA	NA	NA	NA	NA	NA	NA	NA	NA	NA	NA	NA	NA	NA	NA	NA	NA	NA	NA	NA	NA	NA	NA	NA	NA	NA	NA	NA	NA	NA	NA	NA	NA	NA	NA	NA	NA	NA	NA	NA	NA	NA	NA	NA	NA	NA	NA	NA	NA	NA	NA	NA	NA	NA	NA	NA	NA	NA	NA	NA	NA	NA	NA	NA	NA	NA	NA	NA	NA	NA	NA	NA	NA	NA	NA	NA	NA	NA	NA	NA	NA	NA	NA	NA	NA	NA	NA	NA	NA	NA	NA
SAMEA2161723	ID_4977816	SAMEA2161723	Homo sapiens	raven2016a	NA	agar dilution method	NA	NA	agar dilution method	NA	NA	agar dilution method	NA	NA	agar dilution method	NA	NA	agar dilution method	NA	NA	NA	NA	NA	agar dilution method	NA	NA	NA	NA	NA	agar dilution method	NA	NA	NA	NA	NA	agar dilution method	NA	NA	NA	NA	NA	NA	NA	NA	NA	NA	NA	NA	NA	NA	NA	NA	NA	NA	NA	NA	NA	NA	NA	NA	NA	NA	NA	NA	NA	NA	NA	NA	NA	NA	NA	NA	NA	NA	NA	NA	NA	NA	NA	NA	NA	NA	NA	NA	NA	NA	NA	NA	NA	NA	NA	NA	NA	NA	NA	NA	NA	NA	NA	NA	NA	NA	NA	NA	NA	NA	NA	NA	NA	NA	NA	NA	NA	NA	NA	NA	NA	NA	NA	agar dilution method	NA	NA	NA	NA	NA	agar dilution method	NA	NA	NA	NA	NA	NA	NA	NA	NA	NA	NA	NA	NA	NA	NA	NA	NA
SAMEA2161769	ID_4733973	SAMEA2161769	Homo sapiens	raven2016a	NA	NA	NA	NA	NA	NA	NA	NA	NA	NA	NA	NA	NA	NA	NA	NA	NA	NA	NA	NA	NA	NA	NA	NA	NA	NA	NA	NA	NA	NA	NA	NA	NA	NA	NA	NA	NA	NA	NA	NA	NA	NA	NA	NA	NA	NA	NA	NA	NA	NA	NA	NA	NA	NA	NA	NA	NA	NA	NA	NA	NA	NA	NA	NA	NA	NA	NA	NA	NA	NA	NA	NA	NA	NA	NA	NA	NA	NA	NA	NA	NA	NA	NA	NA	NA	NA	NA	NA	NA	NA	NA	NA	NA	NA	NA	NA	NA	NA	NA	NA	NA	NA	NA	NA	NA	NA	NA	NA	NA	NA	NA	NA	NA	NA	NA	NA	NA	NA	NA	NA	NA	NA	NA	NA	NA	NA	NA	NA	NA	NA	NA	NA	NA	NA	NA	NA	NA	NA	NA
SAMEA2162207	ID_8025838	SAMEA2162207	Homo sapiens	raven2016a	S	agar dilution method	256.0	R	agar dilution method	128.0	R	agar dilution method	512.0	R	agar dilution method	2.0	S	agar dilution method	NA	NA	NA	32.0	R	agar dilution method	NA	NA	NA	256.0	R	agar dilution method	NA	NA	NA	128.0	R	agar dilution method	NA	NA	NA	NA	NA	NA	NA	NA	NA	NA	NA	NA	NA	NA	NA	NA	NA	NA	NA	NA	NA	NA	NA	NA	NA	NA	NA	NA	NA	NA	NA	NA	NA	NA	NA	NA	NA	NA	NA	NA	NA	NA	NA	NA	NA	NA	NA	NA	NA	NA	NA	NA	NA	NA	NA	NA	NA	NA	NA	NA	NA	NA	NA	NA	NA	NA	NA	NA	NA	NA	NA	NA	NA	NA	NA	NA	NA	NA	NA	NA	NA	128.0	R	agar dilution method	NA	NA	NA	256.0	R	agar dilution method	NA	NA	NA	NA	NA	NA	NA	NA	NA	NA	NA	NA	NA	NA	NA	NA	NA
SAMEA2162491	ID_2914798	SAMEA2162491	Homo sapiens	raven2016a	R	agar dilution method	2.0	S	agar dilution method	0.5	S	agar dilution method	0.25	S	agar dilution method	2.0	S	agar dilution method	NA	NA	NA	0.059999999	S	agar dilution method	NA	NA	NA	128.0	R	agar dilution method	NA	NA	NA	1.0	S	agar dilution method	NA	NA	NA	NA	NA	NA	NA	NA	NA	NA	NA	NA	NA	NA	NA	NA	NA	NA	NA	NA	NA	NA	NA	NA	NA	NA	NA	NA	NA	NA	NA	NA	NA	NA	NA	NA	NA	NA	NA	NA	NA	NA	NA	NA	NA	NA	NA	NA	NA	NA	NA	NA	NA	NA	NA	NA	NA	NA	NA	NA	NA	NA	NA	NA	NA	NA	NA	NA	NA	NA	NA	NA	NA	NA	NA	NA	NA	NA	NA	NA	NA	0.25	S	agar dilution method	NA	NA	NA	2.0	S	agar dilution method	NA	NA	NA	NA	NA	NA	NA	NA	NA	NA	NA	NA	NA	NA	NA	NA	NA
SAMEA2162605	ID_3017972	SAMEA2162605	Homo sapiens	raven2016a	NA	NA	NA	NA	NA	NA	NA	NA	NA	NA	NA	NA	NA	NA	NA	NA	NA	NA	NA	NA	NA	NA	NA	NA	NA	NA	NA	NA	NA	NA	NA	NA	NA	NA	NA	NA	NA	NA	NA	NA	NA	NA	NA	NA	NA	NA	NA	NA	NA	NA	NA	NA	NA	NA	NA	NA	NA	NA	NA	NA	NA	NA	NA	NA	NA	NA	NA	NA	NA	NA	NA	NA	NA	NA	NA	NA	NA	NA	NA	NA	NA	NA	NA	NA	NA	NA	NA	NA	NA	NA	NA	NA	NA	NA	NA	NA	NA	NA	NA	NA	NA	NA	NA	NA	NA	NA	NA	NA	NA	NA	NA	NA	NA	NA	NA	NA	NA	NA	NA	NA	NA	NA	NA	NA	NA	NA	NA	NA	NA	NA	NA	NA	NA	NA	NA	NA	NA	NA	NA
SAMEA2162816	ID_8134042	SAMEA2162816	Homo sapiens	raven2016a	NA	NA	NA	NA	NA	NA	NA	NA	NA	NA	NA	NA	NA	NA	NA	NA	NA	NA	NA	NA	NA	NA	NA	NA	NA	NA	NA	NA	NA	NA	NA	NA	NA	NA	NA	NA	NA	NA	NA	NA	NA	NA	NA	NA	NA	NA	NA	NA	NA	NA	NA	NA	NA	NA	NA	NA	NA	NA	NA	NA	NA	NA	NA	NA	NA	NA	NA	NA	NA	NA	NA	NA	NA	NA	NA	NA	NA	NA	NA	NA	NA	NA	NA	NA	NA	NA	NA	NA	NA	NA	NA	NA	NA	NA	NA	NA	NA	NA	NA	NA	NA	NA	NA	NA	NA	NA	NA	NA	NA	NA	NA	NA	NA	NA	NA	NA	NA	NA	NA	NA	NA	NA	NA	NA	NA	NA	NA	NA	NA	NA	NA	NA	NA	NA	NA	NA	NA	NA	NA
SAMEA2163072	ID_3459260	SAMEA2163072	Homo sapiens	raven2016a	NA	agar dilution method	NA	NA	agar dilution method	NA	NA	agar dilution method	NA	NA	agar dilution method	NA	NA	agar dilution method	NA	NA	NA	NA	NA	agar dilution method	NA	NA	NA	NA	NA	agar dilution method	NA	NA	NA	NA	NA	agar dilution method	NA	NA	NA	NA	NA	NA	NA	NA	NA	NA	NA	NA	NA	NA	NA	NA	NA	NA	NA	NA	NA	NA	NA	NA	NA	NA	NA	NA	NA	NA	NA	NA	NA	NA	NA	NA	NA	NA	NA	NA	NA	NA	NA	NA	NA	NA	NA	NA	NA	NA	NA	NA	NA	NA	NA	NA	NA	NA	NA	NA	NA	NA	NA	NA	NA	NA	NA	NA	NA	NA	NA	NA	NA	NA	NA	NA	NA	NA	NA	NA	NA	NA	NA	agar dilution method	NA	NA	NA	NA	NA	agar dilution method	NA	NA	NA	NA	NA	NA	NA	NA	NA	NA	NA	NA	NA	NA	NA	NA	NA
SAMEA2163523	ID_1282654	SAMEA2163523	Homo sapiens	raven2016a	NA	NA	NA	NA	NA	NA	NA	NA	NA	NA	NA	NA	NA	NA	NA	NA	NA	NA	NA	NA	NA	NA	NA	NA	NA	NA	NA	NA	NA	NA	NA	NA	NA	NA	NA	NA	NA	NA	NA	NA	NA	NA	NA	NA	NA	NA	NA	NA	NA	NA	NA	NA	NA	NA	NA	NA	NA	NA	NA	NA	NA	NA	NA	NA	NA	NA	NA	NA	NA	NA	NA	NA	NA	NA	NA	NA	NA	NA	NA	NA	NA	NA	NA	NA	NA	NA	NA	NA	NA	NA	NA	NA	NA	NA	NA	NA	NA	NA	NA	NA	NA	NA	NA	NA	NA	NA	NA	NA	NA	NA	NA	NA	NA	NA	NA	NA	NA	NA	NA	NA	NA	NA	NA	NA	NA	NA	NA	NA	NA	NA	NA	NA	NA	NA	NA	NA	NA	NA	NA
SAMEA2163627	ID_1213676	SAMEA2163627	Homo sapiens	raven2016a	NA	agar dilution method	NA	NA	agar dilution method	NA	NA	agar dilution method	NA	NA	agar dilution method	NA	NA	agar dilution method	NA	NA	NA	NA	NA	agar dilution method	NA	NA	NA	NA	NA	agar dilution method	NA	NA	NA	NA	NA	agar dilution method	NA	NA	NA	NA	NA	NA	NA	NA	NA	NA	NA	NA	NA	NA	NA	NA	NA	NA	NA	NA	NA	NA	NA	NA	NA	NA	NA	NA	NA	NA	NA	NA	NA	NA	NA	NA	NA	NA	NA	NA	NA	NA	NA	NA	NA	NA	NA	NA	NA	NA	NA	NA	NA	NA	NA	NA	NA	NA	NA	NA	NA	NA	NA	NA	NA	NA	NA	NA	NA	NA	NA	NA	NA	NA	NA	NA	NA	NA	NA	NA	NA	NA	NA	agar dilution method	NA	NA	NA	NA	NA	agar dilution method	NA	NA	NA	NA	NA	NA	NA	NA	NA	NA	NA	NA	NA	NA	NA	NA	NA
SAMEA2170849	ID_7132215	SAMEA2170849	Homo sapiens	raven2016a	R	agar dilution method	2.0	S	agar dilution method	0.5	S	agar dilution method	512.0	R	agar dilution method	2.0	S	agar dilution method	NA	NA	NA	0.5	S	agar dilution method	NA	NA	NA	1.0	S	agar dilution method	NA	NA	NA	1.0	S	agar dilution method	NA	NA	NA	NA	NA	NA	NA	NA	NA	NA	NA	NA	NA	NA	NA	NA	NA	NA	NA	NA	NA	NA	NA	NA	NA	NA	NA	NA	NA	NA	NA	NA	NA	NA	NA	NA	NA	NA	NA	NA	NA	NA	NA	NA	NA	NA	NA	NA	NA	NA	NA	NA	NA	NA	NA	NA	NA	NA	NA	NA	NA	NA	NA	NA	NA	NA	NA	NA	NA	NA	NA	NA	NA	NA	NA	NA	NA	NA	NA	NA	NA	1.0	S	agar dilution method	NA	NA	NA	4.0	S	agar dilution method	NA	NA	NA	NA	NA	NA	NA	NA	NA	NA	NA	NA	NA	NA	NA	NA	NA
SAMEA3268912	ID_8145492	SAMEA3268912	Sus scrofa	zankari2013	R	broth_microdilution	2.0	S	broth_microdilution	<=2.0	S	broth_microdilution	>32.0	R	broth_microdilution	1.0	S	broth_microdilution	0.12	S	broth_microdilution	<=0.25	S	broth_microdilution	>2048	R	broth_microdilution	NA	NA	broth_microdilution	>32.0	R	broth_microdilution	4.0	S	broth_microdilution	NA	NA	NA	16.0	R	broth_microdilution	>64.0	R	broth_microdilution	NA	NA	NA	R	broth_microdilution	NA	NA	NA	NA	NA	NA	NA	NA	NA	NA	NA	NA	NA	NA	NA	NA	NA	NA	NA	NA	NA	NA	NA	NA	NA	NA	NA	NA	NA	NA	NA	NA	NA	NA	NA	NA	NA	NA	NA	NA	NA	NA	NA	NA	NA	NA	NA	NA	NA	NA	NA	NA	NA	NA	NA	NA	NA	NA	NA	NA	NA	NA	NA	NA	NA	NA	NA	NA	NA	NA	NA	NA	NA	NA	NA	NA	NA	NA	NA	NA	NA	NA	NA	NA	NA	NA	NA	NA	NA	NA	NA	NA	NA
SAMEA3268913	ID_7432492	SAMEA3268913	Sus scrofa	zankari2013	S	broth_microdilution	2.0	S	broth_microdilution	<=2.0	S	broth_microdilution	2.0	S	broth_microdilution	2.0	S	broth_microdilution	0.12	S	broth_microdilution	<=0.25	S	broth_microdilution	256	S	broth_microdilution	NA	NA	broth_microdilution	>32.0	R	broth_microdilution	<=2.0	S	broth_microdilution	NA	NA	NA	8.0	R	broth_microdilution	8.0	S	broth_microdilution	NA	NA	NA	S	broth_microdilution	NA	NA	NA	NA	NA	NA	NA	NA	NA	NA	NA	NA	NA	NA	NA	NA	NA	NA	NA	NA	NA	NA	NA	NA	NA	NA	NA	NA	NA	NA	NA	NA	NA	NA	NA	NA	NA	NA	NA	NA	NA	NA	NA	NA	NA	NA	NA	NA	NA	NA	NA	NA	NA	NA	NA	NA	NA	NA	NA	NA	NA	NA	NA	NA	NA	NA	NA	NA	NA	NA	NA	NA	NA	NA	NA	NA	NA	NA	NA	NA	NA	NA	NA	NA	NA	NA	NA	NA	NA	NA	NA	NA	NA
SAMEA3268914	ID_6924629	SAMEA3268914	Sus scrofa	zankari2013	S	broth_microdilution	2.0	S	broth_microdilution	<=2.0	S	broth_microdilution	>32.0	R	broth_microdilution	1.0	S	broth_microdilution	0.12	S	broth_microdilution	<=0.25	S	broth_microdilution	>2048	R	broth_microdilution	NA	NA	broth_microdilution	>32.0	R	broth_microdilution	<=2.0	S	broth_microdilution	NA	NA	NA	8.0	R	broth_microdilution	>64.0	R	broth_microdilution	NA	NA	NA	R	broth_microdilution	NA	NA	NA	NA	NA	NA	NA	NA	NA	NA	NA	NA	NA	NA	NA	NA	NA	NA	NA	NA	NA	NA	NA	NA	NA	NA	NA	NA	NA	NA	NA	NA	NA	NA	NA	NA	NA	NA	NA	NA	NA	NA	NA	NA	NA	NA	NA	NA	NA	NA	NA	NA	NA	NA	NA	NA	NA	NA	NA	NA	NA	NA	NA	NA	NA	NA	NA	NA	NA	NA	NA	NA	NA	NA	NA	NA	NA	NA	NA	NA	NA	NA	NA	NA	NA	NA	NA	NA	NA	NA	NA	NA	NA
SAMEA3268915	ID_2541893	SAMEA3268915	Sus scrofa	zankari2013	S	broth_microdilution	2.0	S	broth_microdilution	<=2.0	S	broth_microdilution	2.0	S	broth_microdilution	4.0	S	broth_microdilution	0.12	S	broth_microdilution	<=0.25	S	broth_microdilution	1024	R	broth_microdilution	NA	NA	broth_microdilution	>32.0	R	broth_microdilution	4.0	S	broth_microdilution	NA	NA	NA	8.0	R	broth_microdilution	16.0	S	broth_microdilution	NA	NA	NA	S	broth_microdilution	NA	NA	NA	NA	NA	NA	NA	NA	NA	NA	NA	NA	NA	NA	NA	NA	NA	NA	NA	NA	NA	NA	NA	NA	NA	NA	NA	NA	NA	NA	NA	NA	NA	NA	NA	NA	NA	NA	NA	NA	NA	NA	NA	NA	NA	NA	NA	NA	NA	NA	NA	NA	NA	NA	NA	NA	NA	NA	NA	NA	NA	NA	NA	NA	NA	NA	NA	NA	NA	NA	NA	NA	NA	NA	NA	NA	NA	NA	NA	NA	NA	NA	NA	NA	NA	NA	NA	NA	NA	NA	NA	NA	NA
SAMEA3268916	ID_7304918	SAMEA3268916	Sus scrofa	zankari2013	S	broth_microdilution	2.0	S	broth_microdilution	<=2.0	S	broth_microdilution	>32.0	R	broth_microdilution	2.0	S	broth_microdilution	0.06	S	broth_microdilution	<=0.25	S	broth_microdilution	>2048	R	broth_microdilution	NA	NA	broth_microdilution	>32.0	R	broth_microdilution	4.0	S	broth_microdilution	NA	NA	NA	16.0	R	broth_microdilution	8.0	S	broth_microdilution	NA	NA	NA	R	broth_microdilution	NA	NA	NA	NA	NA	NA	NA	NA	NA	NA	NA	NA	NA	NA	NA	NA	NA	NA	NA	NA	NA	NA	NA	NA	NA	NA	NA	NA	NA	NA	NA	NA	NA	NA	NA	NA	NA	NA	NA	NA	NA	NA	NA	NA	NA	NA	NA	NA	NA	NA	NA	NA	NA	NA	NA	NA	NA	NA	NA	NA	NA	NA	NA	NA	NA	NA	NA	NA	NA	NA	NA	NA	NA	NA	NA	NA	NA	NA	NA	NA	NA	NA	NA	NA	NA	NA	NA	NA	NA	NA	NA	NA	NA
SAMEA3268917	ID_6838179	SAMEA3268917	Sus scrofa	zankari2013	S	broth_microdilution	2.0	S	broth_microdilution	<=2.0	S	broth_microdilution	>32.0	R	broth_microdilution	2.0	S	broth_microdilution	0.12	S	broth_microdilution	<=0.25	S	broth_microdilution	256	S	broth_microdilution	NA	NA	broth_microdilution	>32.0	R	broth_microdilution	4.0	S	broth_microdilution	NA	NA	NA	8.0	R	broth_microdilution	>64.0	R	broth_microdilution	NA	NA	NA	S	broth_microdilution	NA	NA	NA	NA	NA	NA	NA	NA	NA	NA	NA	NA	NA	NA	NA	NA	NA	NA	NA	NA	NA	NA	NA	NA	NA	NA	NA	NA	NA	NA	NA	NA	NA	NA	NA	NA	NA	NA	NA	NA	NA	NA	NA	NA	NA	NA	NA	NA	NA	NA	NA	NA	NA	NA	NA	NA	NA	NA	NA	NA	NA	NA	NA	NA	NA	NA	NA	NA	NA	NA	NA	NA	NA	NA	NA	NA	NA	NA	NA	NA	NA	NA	NA	NA	NA	NA	NA	NA	NA	NA	NA	NA	NA
SAMEA3268918	ID_3435619	SAMEA3268918	Sus scrofa	zankari2013	S	broth_microdilution	<=1.0	S	broth_microdilution	<=2.0	S	broth_microdilution	>32.0	R	broth_microdilution	1.0	S	broth_microdilution	0.12	S	broth_microdilution	<=0.25	S	broth_microdilution	>2048	R	broth_microdilution	NA	NA	broth_microdilution	>32.0	R	broth_microdilution	4.0	S	broth_microdilution	NA	NA	NA	8.0	R	broth_microdilution	4.0	S	broth_microdilution	NA	NA	NA	S	broth_microdilution	NA	NA	NA	NA	NA	NA	NA	NA	NA	NA	NA	NA	NA	NA	NA	NA	NA	NA	NA	NA	NA	NA	NA	NA	NA	NA	NA	NA	NA	NA	NA	NA	NA	NA	NA	NA	NA	NA	NA	NA	NA	NA	NA	NA	NA	NA	NA	NA	NA	NA	NA	NA	NA	NA	NA	NA	NA	NA	NA	NA	NA	NA	NA	NA	NA	NA	NA	NA	NA	NA	NA	NA	NA	NA	NA	NA	NA	NA	NA	NA	NA	NA	NA	NA	NA	NA	NA	NA	NA	NA	NA	NA	NA
SAMEA3268919	ID_8630849	SAMEA3268919	Sus scrofa	zankari2013	S	broth_microdilution	2.0	S	broth_microdilution	<=2.0	S	broth_microdilution	>32.0	R	broth_microdilution	1.0	S	broth_microdilution	0.06	S	broth_microdilution	<=0.25	S	broth_microdilution	256	S	broth_microdilution	NA	NA	broth_microdilution	>32.0	R	broth_microdilution	4.0	S	broth_microdilution	NA	NA	NA	8.0	R	broth_microdilution	8.0	S	broth_microdilution	NA	NA	NA	S	broth_microdilution	NA	NA	NA	NA	NA	NA	NA	NA	NA	NA	NA	NA	NA	NA	NA	NA	NA	NA	NA	NA	NA	NA	NA	NA	NA	NA	NA	NA	NA	NA	NA	NA	NA	NA	NA	NA	NA	NA	NA	NA	NA	NA	NA	NA	NA	NA	NA	NA	NA	NA	NA	NA	NA	NA	NA	NA	NA	NA	NA	NA	NA	NA	NA	NA	NA	NA	NA	NA	NA	NA	NA	NA	NA	NA	NA	NA	NA	NA	NA	NA	NA	NA	NA	NA	NA	NA	NA	NA	NA	NA	NA	NA	NA
SAMEA3268920	ID_7568178	SAMEA3268920	Sus scrofa	zankari2013	S	broth_microdilution	4.0	S	broth_microdilution	<=2.0	S	broth_microdilution	<=0.5	S	broth_microdilution	2.0	S	broth_microdilution	0.06	S	broth_microdilution	<=0.25	S	broth_microdilution	256	S	broth_microdilution	NA	NA	broth_microdilution	<=1.0	S	broth_microdilution	<=2.0	S	broth_microdilution	NA	NA	NA	8.0	R	broth_microdilution	8.0	S	broth_microdilution	NA	NA	NA	S	broth_microdilution	NA	NA	NA	NA	NA	NA	NA	NA	NA	NA	NA	NA	NA	NA	NA	NA	NA	NA	NA	NA	NA	NA	NA	NA	NA	NA	NA	NA	NA	NA	NA	NA	NA	NA	NA	NA	NA	NA	NA	NA	NA	NA	NA	NA	NA	NA	NA	NA	NA	NA	NA	NA	NA	NA	NA	NA	NA	NA	NA	NA	NA	NA	NA	NA	NA	NA	NA	NA	NA	NA	NA	NA	NA	NA	NA	NA	NA	NA	NA	NA	NA	NA	NA	NA	NA	NA	NA	NA	NA	NA	NA	NA	NA
SAMEA3268921	ID_1653524	SAMEA3268921	Sus scrofa	zankari2013	R	broth_microdilution	4.0	S	broth_microdilution	<=2.0	S	broth_microdilution	>32.0	R	broth_microdilution	1.0	S	broth_microdilution	0.12	S	broth_microdilution	<=0.25	S	broth_microdilution	>2048	R	broth_microdilution	NA	NA	broth_microdilution	>32.0	R	broth_microdilution	<=2.0	S	broth_microdilution	NA	NA	NA	16.0	R	broth_microdilution	>64.0	R	broth_microdilution	NA	NA	NA	R	broth_microdilution	NA	NA	NA	NA	NA	NA	NA	NA	NA	NA	NA	NA	NA	NA	NA	NA	NA	NA	NA	NA	NA	NA	NA	NA	NA	NA	NA	NA	NA	NA	NA	NA	NA	NA	NA	NA	NA	NA	NA	NA	NA	NA	NA	NA	NA	NA	NA	NA	NA	NA	NA	NA	NA	NA	NA	NA	NA	NA	NA	NA	NA	NA	NA	NA	NA	NA	NA	NA	NA	NA	NA	NA	NA	NA	NA	NA	NA	NA	NA	NA	NA	NA	NA	NA	NA	NA	NA	NA	NA	NA	NA	NA	NA
SAMEA3268922	ID_2493181	SAMEA3268922	Sus scrofa	zankari2013	S	broth_microdilution	<=1.0	S	broth_microdilution	<=2.0	S	broth_microdilution	2.0	S	broth_microdilution	2.0	S	broth_microdilution	0.06	S	broth_microdilution	<=0.25	S	broth_microdilution	128	S	broth_microdilution	NA	NA	broth_microdilution	<=1.0	S	broth_microdilution	<=2.0	S	broth_microdilution	NA	NA	NA	8.0	R	broth_microdilution	8.0	S	broth_microdilution	NA	NA	NA	S	broth_microdilution	NA	NA	NA	NA	NA	NA	NA	NA	NA	NA	NA	NA	NA	NA	NA	NA	NA	NA	NA	NA	NA	NA	NA	NA	NA	NA	NA	NA	NA	NA	NA	NA	NA	NA	NA	NA	NA	NA	NA	NA	NA	NA	NA	NA	NA	NA	NA	NA	NA	NA	NA	NA	NA	NA	NA	NA	NA	NA	NA	NA	NA	NA	NA	NA	NA	NA	NA	NA	NA	NA	NA	NA	NA	NA	NA	NA	NA	NA	NA	NA	NA	NA	NA	NA	NA	NA	NA	NA	NA	NA	NA	NA	NA
SAMEA3268923	ID_8994101	SAMEA3268923	Sus scrofa	zankari2013	S	broth_microdilution	<=1.0	S	broth_microdilution	<=2.0	S	broth_microdilution	<=0.5	S	broth_microdilution	2.0	S	broth_microdilution	0.06	S	broth_microdilution	<=0.25	S	broth_microdilution	256	S	broth_microdilution	NA	NA	broth_microdilution	<=1.0	S	broth_microdilution	<=2.0	S	broth_microdilution	NA	NA	NA	8.0	R	broth_microdilution	8.0	S	broth_microdilution	NA	NA	NA	S	broth_microdilution	NA	NA	NA	NA	NA	NA	NA	NA	NA	NA	NA	NA	NA	NA	NA	NA	NA	NA	NA	NA	NA	NA	NA	NA	NA	NA	NA	NA	NA	NA	NA	NA	NA	NA	NA	NA	NA	NA	NA	NA	NA	NA	NA	NA	NA	NA	NA	NA	NA	NA	NA	NA	NA	NA	NA	NA	NA	NA	NA	NA	NA	NA	NA	NA	NA	NA	NA	NA	NA	NA	NA	NA	NA	NA	NA	NA	NA	NA	NA	NA	NA	NA	NA	NA	NA	NA	NA	NA	NA	NA	NA	NA	NA
SAMEA3268924	ID_1441980	SAMEA3268924	Sus scrofa	zankari2013	S	broth_microdilution	2.0	S	broth_microdilution	<=2.0	S	broth_microdilution	>32.0	R	broth_microdilution	2.0	S	broth_microdilution	0.12	S	broth_microdilution	<=0.25	S	broth_microdilution	128	S	broth_microdilution	NA	NA	broth_microdilution	>32.0	R	broth_microdilution	4.0	S	broth_microdilution	NA	NA	NA	16.0	R	broth_microdilution	8.0	S	broth_microdilution	NA	NA	NA	S	broth_microdilution	NA	NA	NA	NA	NA	NA	NA	NA	NA	NA	NA	NA	NA	NA	NA	NA	NA	NA	NA	NA	NA	NA	NA	NA	NA	NA	NA	NA	NA	NA	NA	NA	NA	NA	NA	NA	NA	NA	NA	NA	NA	NA	NA	NA	NA	NA	NA	NA	NA	NA	NA	NA	NA	NA	NA	NA	NA	NA	NA	NA	NA	NA	NA	NA	NA	NA	NA	NA	NA	NA	NA	NA	NA	NA	NA	NA	NA	NA	NA	NA	NA	NA	NA	NA	NA	NA	NA	NA	NA	NA	NA	NA	NA
SAMEA3268925	ID_1250287	SAMEA3268925	Sus scrofa	zankari2013	R	broth_microdilution	<=1.0	S	broth_microdilution	<=2.0	S	broth_microdilution	>32.0	R	broth_microdilution	1.0	S	broth_microdilution	0.06	S	broth_microdilution	<=0.25	S	broth_microdilution	>2048	R	broth_microdilution	NA	NA	broth_microdilution	>32.0	R	broth_microdilution	<=2.0	S	broth_microdilution	NA	NA	NA	16.0	R	broth_microdilution	8.0	S	broth_microdilution	NA	NA	NA	R	broth_microdilution	NA	NA	NA	NA	NA	NA	NA	NA	NA	NA	NA	NA	NA	NA	NA	NA	NA	NA	NA	NA	NA	NA	NA	NA	NA	NA	NA	NA	NA	NA	NA	NA	NA	NA	NA	NA	NA	NA	NA	NA	NA	NA	NA	NA	NA	NA	NA	NA	NA	NA	NA	NA	NA	NA	NA	NA	NA	NA	NA	NA	NA	NA	NA	NA	NA	NA	NA	NA	NA	NA	NA	NA	NA	NA	NA	NA	NA	NA	NA	NA	NA	NA	NA	NA	NA	NA	NA	NA	NA	NA	NA	NA	NA
SAMEA3268926	ID_7850493	SAMEA3268926	Sus scrofa	zankari2013	S	broth_microdilution	2.0	S	broth_microdilution	<=2.0	S	broth_microdilution	2.0	S	broth_microdilution	2.0	S	broth_microdilution	0.06	S	broth_microdilution	<=0.25	S	broth_microdilution	128	S	broth_microdilution	NA	NA	broth_microdilution	<=1.0	S	broth_microdilution	4.0	S	broth_microdilution	NA	NA	NA	8.0	R	broth_microdilution	4.0	S	broth_microdilution	NA	NA	NA	S	broth_microdilution	NA	NA	NA	NA	NA	NA	NA	NA	NA	NA	NA	NA	NA	NA	NA	NA	NA	NA	NA	NA	NA	NA	NA	NA	NA	NA	NA	NA	NA	NA	NA	NA	NA	NA	NA	NA	NA	NA	NA	NA	NA	NA	NA	NA	NA	NA	NA	NA	NA	NA	NA	NA	NA	NA	NA	NA	NA	NA	NA	NA	NA	NA	NA	NA	NA	NA	NA	NA	NA	NA	NA	NA	NA	NA	NA	NA	NA	NA	NA	NA	NA	NA	NA	NA	NA	NA	NA	NA	NA	NA	NA	NA	NA
SAMEA3268927	ID_5925495	SAMEA3268927	Sus scrofa	zankari2013	S	broth_microdilution	2.0	S	broth_microdilution	<=2.0	S	broth_microdilution	<=0.5	S	broth_microdilution	1.0	S	broth_microdilution	0.06	S	broth_microdilution	<=0.25	S	broth_microdilution	128	S	broth_microdilution	NA	NA	broth_microdilution	<=1.0	S	broth_microdilution	<=2.0	S	broth_microdilution	NA	NA	NA	8.0	R	broth_microdilution	4.0	S	broth_microdilution	NA	NA	NA	S	broth_microdilution	NA	NA	NA	NA	NA	NA	NA	NA	NA	NA	NA	NA	NA	NA	NA	NA	NA	NA	NA	NA	NA	NA	NA	NA	NA	NA	NA	NA	NA	NA	NA	NA	NA	NA	NA	NA	NA	NA	NA	NA	NA	NA	NA	NA	NA	NA	NA	NA	NA	NA	NA	NA	NA	NA	NA	NA	NA	NA	NA	NA	NA	NA	NA	NA	NA	NA	NA	NA	NA	NA	NA	NA	NA	NA	NA	NA	NA	NA	NA	NA	NA	NA	NA	NA	NA	NA	NA	NA	NA	NA	NA	NA	NA
SAMEA3268928	ID_3997922	SAMEA3268928	Sus scrofa	zankari2013	S	broth_microdilution	2.0	S	broth_microdilution	<=2.0	S	broth_microdilution	<=0.5	S	broth_microdilution	2.0	S	broth_microdilution	0.12	S	broth_microdilution	<=0.25	S	broth_microdilution	128	S	broth_microdilution	NA	NA	broth_microdilution	<=1.0	S	broth_microdilution	<=2.0	S	broth_microdilution	NA	NA	NA	8.0	R	broth_microdilution	8.0	S	broth_microdilution	NA	NA	NA	S	broth_microdilution	NA	NA	NA	NA	NA	NA	NA	NA	NA	NA	NA	NA	NA	NA	NA	NA	NA	NA	NA	NA	NA	NA	NA	NA	NA	NA	NA	NA	NA	NA	NA	NA	NA	NA	NA	NA	NA	NA	NA	NA	NA	NA	NA	NA	NA	NA	NA	NA	NA	NA	NA	NA	NA	NA	NA	NA	NA	NA	NA	NA	NA	NA	NA	NA	NA	NA	NA	NA	NA	NA	NA	NA	NA	NA	NA	NA	NA	NA	NA	NA	NA	NA	NA	NA	NA	NA	NA	NA	NA	NA	NA	NA	NA
SAMEA3268929	ID_7546302	SAMEA3268929	Sus scrofa	zankari2013	R	broth_microdilution	2.0	S	broth_microdilution	<=2.0	S	broth_microdilution	>32.0	R	broth_microdilution	1.0	S	broth_microdilution	0.06	S	broth_microdilution	<=0.25	S	broth_microdilution	>2048	R	broth_microdilution	NA	NA	broth_microdilution	>32.0	R	broth_microdilution	<=2.0	S	broth_microdilution	NA	NA	NA	16.0	R	broth_microdilution	4.0	S	broth_microdilution	NA	NA	NA	R	broth_microdilution	NA	NA	NA	NA	NA	NA	NA	NA	NA	NA	NA	NA	NA	NA	NA	NA	NA	NA	NA	NA	NA	NA	NA	NA	NA	NA	NA	NA	NA	NA	NA	NA	NA	NA	NA	NA	NA	NA	NA	NA	NA	NA	NA	NA	NA	NA	NA	NA	NA	NA	NA	NA	NA	NA	NA	NA	NA	NA	NA	NA	NA	NA	NA	NA	NA	NA	NA	NA	NA	NA	NA	NA	NA	NA	NA	NA	NA	NA	NA	NA	NA	NA	NA	NA	NA	NA	NA	NA	NA	NA	NA	NA	NA
SAMEA3268930	ID_5656287	SAMEA3268930	Sus scrofa	zankari2013	S	broth_microdilution	2.0	S	broth_microdilution	<=2.0	S	broth_microdilution	1.0	S	broth_microdilution	2.0	S	broth_microdilution	0.12	S	broth_microdilution	<=0.25	S	broth_microdilution	256	S	broth_microdilution	NA	NA	broth_microdilution	>32.0	R	broth_microdilution	<=2.0	S	broth_microdilution	NA	NA	NA	8.0	R	broth_microdilution	4.0	S	broth_microdilution	NA	NA	NA	S	broth_microdilution	NA	NA	NA	NA	NA	NA	NA	NA	NA	NA	NA	NA	NA	NA	NA	NA	NA	NA	NA	NA	NA	NA	NA	NA	NA	NA	NA	NA	NA	NA	NA	NA	NA	NA	NA	NA	NA	NA	NA	NA	NA	NA	NA	NA	NA	NA	NA	NA	NA	NA	NA	NA	NA	NA	NA	NA	NA	NA	NA	NA	NA	NA	NA	NA	NA	NA	NA	NA	NA	NA	NA	NA	NA	NA	NA	NA	NA	NA	NA	NA	NA	NA	NA	NA	NA	NA	NA	NA	NA	NA	NA	NA	NA
SAMEA3268931	ID_1034714	SAMEA3268931	Sus scrofa	zankari2013	S	broth_microdilution	2.0	S	broth_microdilution	<=2.0	S	broth_microdilution	1.0	S	broth_microdilution	2.0	S	broth_microdilution	0.12	S	broth_microdilution	<=0.25	S	broth_microdilution	128	S	broth_microdilution	NA	NA	broth_microdilution	>32.0	R	broth_microdilution	<=2.0	S	broth_microdilution	NA	NA	NA	8.0	R	broth_microdilution	8.0	S	broth_microdilution	NA	NA	NA	S	broth_microdilution	NA	NA	NA	NA	NA	NA	NA	NA	NA	NA	NA	NA	NA	NA	NA	NA	NA	NA	NA	NA	NA	NA	NA	NA	NA	NA	NA	NA	NA	NA	NA	NA	NA	NA	NA	NA	NA	NA	NA	NA	NA	NA	NA	NA	NA	NA	NA	NA	NA	NA	NA	NA	NA	NA	NA	NA	NA	NA	NA	NA	NA	NA	NA	NA	NA	NA	NA	NA	NA	NA	NA	NA	NA	NA	NA	NA	NA	NA	NA	NA	NA	NA	NA	NA	NA	NA	NA	NA	NA	NA	NA	NA	NA
SAMEA3268932	ID_1306201	SAMEA3268932	Sus scrofa	zankari2013	S	broth_microdilution	4.0	S	broth_microdilution	<=2.0	S	broth_microdilution	>32.0	R	broth_microdilution	2.0	S	broth_microdilution	0.12	S	broth_microdilution	<=0.25	S	broth_microdilution	>2048	R	broth_microdilution	NA	NA	broth_microdilution	<=1.0	S	broth_microdilution	<=2.0	S	broth_microdilution	NA	NA	NA	8.0	R	broth_microdilution	8.0	S	broth_microdilution	NA	NA	NA	R	broth_microdilution	NA	NA	NA	NA	NA	NA	NA	NA	NA	NA	NA	NA	NA	NA	NA	NA	NA	NA	NA	NA	NA	NA	NA	NA	NA	NA	NA	NA	NA	NA	NA	NA	NA	NA	NA	NA	NA	NA	NA	NA	NA	NA	NA	NA	NA	NA	NA	NA	NA	NA	NA	NA	NA	NA	NA	NA	NA	NA	NA	NA	NA	NA	NA	NA	NA	NA	NA	NA	NA	NA	NA	NA	NA	NA	NA	NA	NA	NA	NA	NA	NA	NA	NA	NA	NA	NA	NA	NA	NA	NA	NA	NA	NA
SAMEA3268933	ID_8227536	SAMEA3268933	Sus scrofa	zankari2013	S	broth_microdilution	2.0	S	broth_microdilution	<=2.0	S	broth_microdilution	>32.0	R	broth_microdilution	2.0	S	broth_microdilution	0.25	S	broth_microdilution	<=0.25	S	broth_microdilution	128	S	broth_microdilution	NA	NA	broth_microdilution	>32.0	R	broth_microdilution	4.0	S	broth_microdilution	NA	NA	NA	8.0	R	broth_microdilution	8.0	S	broth_microdilution	NA	NA	NA	S	broth_microdilution	NA	NA	NA	NA	NA	NA	NA	NA	NA	NA	NA	NA	NA	NA	NA	NA	NA	NA	NA	NA	NA	NA	NA	NA	NA	NA	NA	NA	NA	NA	NA	NA	NA	NA	NA	NA	NA	NA	NA	NA	NA	NA	NA	NA	NA	NA	NA	NA	NA	NA	NA	NA	NA	NA	NA	NA	NA	NA	NA	NA	NA	NA	NA	NA	NA	NA	NA	NA	NA	NA	NA	NA	NA	NA	NA	NA	NA	NA	NA	NA	NA	NA	NA	NA	NA	NA	NA	NA	NA	NA	NA	NA	NA
SAMEA3268934	ID_8620488	SAMEA3268934	Sus scrofa	zankari2013	S	broth_microdilution	2.0	S	broth_microdilution	<=2.0	S	broth_microdilution	>32.0	R	broth_microdilution	2.0	S	broth_microdilution	0.06	S	broth_microdilution	<=0.25	S	broth_microdilution	256	S	broth_microdilution	NA	NA	broth_microdilution	>32.0	R	broth_microdilution	4.0	S	broth_microdilution	NA	NA	NA	8.0	R	broth_microdilution	8.0	S	broth_microdilution	NA	NA	NA	S	broth_microdilution	NA	NA	NA	NA	NA	NA	NA	NA	NA	NA	NA	NA	NA	NA	NA	NA	NA	NA	NA	NA	NA	NA	NA	NA	NA	NA	NA	NA	NA	NA	NA	NA	NA	NA	NA	NA	NA	NA	NA	NA	NA	NA	NA	NA	NA	NA	NA	NA	NA	NA	NA	NA	NA	NA	NA	NA	NA	NA	NA	NA	NA	NA	NA	NA	NA	NA	NA	NA	NA	NA	NA	NA	NA	NA	NA	NA	NA	NA	NA	NA	NA	NA	NA	NA	NA	NA	NA	NA	NA	NA	NA	NA	NA
SAMEA3268935	ID_2994643	SAMEA3268935	Sus scrofa	zankari2013	R	broth_microdilution	2.0	S	broth_microdilution	<=2.0	S	broth_microdilution	>32.0	R	broth_microdilution	2.0	S	broth_microdilution	0.12	S	broth_microdilution	<=0.25	S	broth_microdilution	>2048	R	broth_microdilution	NA	NA	broth_microdilution	>32.0	R	broth_microdilution	4.0	S	broth_microdilution	NA	NA	NA	16.0	R	broth_microdilution	>64.0	R	broth_microdilution	NA	NA	NA	R	broth_microdilution	NA	NA	NA	NA	NA	NA	NA	NA	NA	NA	NA	NA	NA	NA	NA	NA	NA	NA	NA	NA	NA	NA	NA	NA	NA	NA	NA	NA	NA	NA	NA	NA	NA	NA	NA	NA	NA	NA	NA	NA	NA	NA	NA	NA	NA	NA	NA	NA	NA	NA	NA	NA	NA	NA	NA	NA	NA	NA	NA	NA	NA	NA	NA	NA	NA	NA	NA	NA	NA	NA	NA	NA	NA	NA	NA	NA	NA	NA	NA	NA	NA	NA	NA	NA	NA	NA	NA	NA	NA	NA	NA	NA	NA
SAMEA3268936	ID_7979272	SAMEA3268936	Sus scrofa	zankari2013	S	broth_microdilution	<=1.0	S	broth_microdilution	<=2.0	S	broth_microdilution	2.0	S	broth_microdilution	1.0	S	broth_microdilution	0.12	S	broth_microdilution	<=0.25	S	broth_microdilution	<=64	S	broth_microdilution	NA	NA	broth_microdilution	>32.0	R	broth_microdilution	<=2.0	S	broth_microdilution	NA	NA	NA	8.0	R	broth_microdilution	4.0	S	broth_microdilution	NA	NA	NA	S	broth_microdilution	NA	NA	NA	NA	NA	NA	NA	NA	NA	NA	NA	NA	NA	NA	NA	NA	NA	NA	NA	NA	NA	NA	NA	NA	NA	NA	NA	NA	NA	NA	NA	NA	NA	NA	NA	NA	NA	NA	NA	NA	NA	NA	NA	NA	NA	NA	NA	NA	NA	NA	NA	NA	NA	NA	NA	NA	NA	NA	NA	NA	NA	NA	NA	NA	NA	NA	NA	NA	NA	NA	NA	NA	NA	NA	NA	NA	NA	NA	NA	NA	NA	NA	NA	NA	NA	NA	NA	NA	NA	NA	NA	NA	NA
SAMEA3268937	ID_1571232	SAMEA3268937	Sus scrofa	zankari2013	S	broth_microdilution	2.0	S	broth_microdilution	<=2.0	S	broth_microdilution	>32.0	R	broth_microdilution	1.0	S	broth_microdilution	0.12	S	broth_microdilution	<=0.25	S	broth_microdilution	>2048	R	broth_microdilution	NA	NA	broth_microdilution	>32.0	R	broth_microdilution	<=2.0	S	broth_microdilution	NA	NA	NA	8.0	R	broth_microdilution	>64.0	R	broth_microdilution	NA	NA	NA	R	broth_microdilution	NA	NA	NA	NA	NA	NA	NA	NA	NA	NA	NA	NA	NA	NA	NA	NA	NA	NA	NA	NA	NA	NA	NA	NA	NA	NA	NA	NA	NA	NA	NA	NA	NA	NA	NA	NA	NA	NA	NA	NA	NA	NA	NA	NA	NA	NA	NA	NA	NA	NA	NA	NA	NA	NA	NA	NA	NA	NA	NA	NA	NA	NA	NA	NA	NA	NA	NA	NA	NA	NA	NA	NA	NA	NA	NA	NA	NA	NA	NA	NA	NA	NA	NA	NA	NA	NA	NA	NA	NA	NA	NA	NA	NA
SAMEA3268938	ID_5882680	SAMEA3268938	Sus scrofa	zankari2013	R	broth_microdilution	2.0	S	broth_microdilution	<=2.0	S	broth_microdilution	>32.0	R	broth_microdilution	2.0	S	broth_microdilution	0.12	S	broth_microdilution	<=0.25	S	broth_microdilution	>2048	R	broth_microdilution	NA	NA	broth_microdilution	>32.0	R	broth_microdilution	4.0	S	broth_microdilution	NA	NA	NA	16.0	R	broth_microdilution	64.0	R	broth_microdilution	NA	NA	NA	R	broth_microdilution	NA	NA	NA	NA	NA	NA	NA	NA	NA	NA	NA	NA	NA	NA	NA	NA	NA	NA	NA	NA	NA	NA	NA	NA	NA	NA	NA	NA	NA	NA	NA	NA	NA	NA	NA	NA	NA	NA	NA	NA	NA	NA	NA	NA	NA	NA	NA	NA	NA	NA	NA	NA	NA	NA	NA	NA	NA	NA	NA	NA	NA	NA	NA	NA	NA	NA	NA	NA	NA	NA	NA	NA	NA	NA	NA	NA	NA	NA	NA	NA	NA	NA	NA	NA	NA	NA	NA	NA	NA	NA	NA	NA	NA
SAMEA3268939	ID_6504000	SAMEA3268939	Sus scrofa	zankari2013	S	broth_microdilution	2.0	S	broth_microdilution	<=2.0	S	broth_microdilution	<=0.5	S	broth_microdilution	2.0	S	broth_microdilution	0.12	S	broth_microdilution	<=0.25	S	broth_microdilution	128	S	broth_microdilution	NA	NA	broth_microdilution	>32.0	R	broth_microdilution	4.0	S	broth_microdilution	NA	NA	NA	8.0	R	broth_microdilution	8.0	S	broth_microdilution	NA	NA	NA	S	broth_microdilution	NA	NA	NA	NA	NA	NA	NA	NA	NA	NA	NA	NA	NA	NA	NA	NA	NA	NA	NA	NA	NA	NA	NA	NA	NA	NA	NA	NA	NA	NA	NA	NA	NA	NA	NA	NA	NA	NA	NA	NA	NA	NA	NA	NA	NA	NA	NA	NA	NA	NA	NA	NA	NA	NA	NA	NA	NA	NA	NA	NA	NA	NA	NA	NA	NA	NA	NA	NA	NA	NA	NA	NA	NA	NA	NA	NA	NA	NA	NA	NA	NA	NA	NA	NA	NA	NA	NA	NA	NA	NA	NA	NA	NA
SAMEA3268940	ID_8003511	SAMEA3268940	Sus scrofa	zankari2013	S	broth_microdilution	2.0	S	broth_microdilution	<=2.0	S	broth_microdilution	1.0	S	broth_microdilution	2.0	S	broth_microdilution	0.12	S	broth_microdilution	<=0.25	S	broth_microdilution	256	S	broth_microdilution	NA	NA	broth_microdilution	>32.0	R	broth_microdilution	<=2.0	S	broth_microdilution	NA	NA	NA	8.0	R	broth_microdilution	4.0	S	broth_microdilution	NA	NA	NA	S	broth_microdilution	NA	NA	NA	NA	NA	NA	NA	NA	NA	NA	NA	NA	NA	NA	NA	NA	NA	NA	NA	NA	NA	NA	NA	NA	NA	NA	NA	NA	NA	NA	NA	NA	NA	NA	NA	NA	NA	NA	NA	NA	NA	NA	NA	NA	NA	NA	NA	NA	NA	NA	NA	NA	NA	NA	NA	NA	NA	NA	NA	NA	NA	NA	NA	NA	NA	NA	NA	NA	NA	NA	NA	NA	NA	NA	NA	NA	NA	NA	NA	NA	NA	NA	NA	NA	NA	NA	NA	NA	NA	NA	NA	NA	NA
SAMEA3268941	ID_7924302	SAMEA3268941	Sus scrofa	zankari2013	S	broth_microdilution	2.0	S	broth_microdilution	<=2.0	S	broth_microdilution	<=0.5	S	broth_microdilution	2.0	S	broth_microdilution	0.12	S	broth_microdilution	<=0.25	S	broth_microdilution	128	S	broth_microdilution	NA	NA	broth_microdilution	>32.0	R	broth_microdilution	4.0	S	broth_microdilution	NA	NA	NA	8.0	R	broth_microdilution	8.0	S	broth_microdilution	NA	NA	NA	S	broth_microdilution	NA	NA	NA	NA	NA	NA	NA	NA	NA	NA	NA	NA	NA	NA	NA	NA	NA	NA	NA	NA	NA	NA	NA	NA	NA	NA	NA	NA	NA	NA	NA	NA	NA	NA	NA	NA	NA	NA	NA	NA	NA	NA	NA	NA	NA	NA	NA	NA	NA	NA	NA	NA	NA	NA	NA	NA	NA	NA	NA	NA	NA	NA	NA	NA	NA	NA	NA	NA	NA	NA	NA	NA	NA	NA	NA	NA	NA	NA	NA	NA	NA	NA	NA	NA	NA	NA	NA	NA	NA	NA	NA	NA	NA
SAMEA3268942	ID_7720817	SAMEA3268942	Sus scrofa	zankari2013	S	broth_microdilution	2.0	S	broth_microdilution	<=2.0	S	broth_microdilution	1.0	S	broth_microdilution	2.0	S	broth_microdilution	0.25	S	broth_microdilution	<=0.25	S	broth_microdilution	128	S	broth_microdilution	NA	NA	broth_microdilution	>32.0	R	broth_microdilution	8.0	S	broth_microdilution	NA	NA	NA	8.0	R	broth_microdilution	8.0	S	broth_microdilution	NA	NA	NA	S	broth_microdilution	NA	NA	NA	NA	NA	NA	NA	NA	NA	NA	NA	NA	NA	NA	NA	NA	NA	NA	NA	NA	NA	NA	NA	NA	NA	NA	NA	NA	NA	NA	NA	NA	NA	NA	NA	NA	NA	NA	NA	NA	NA	NA	NA	NA	NA	NA	NA	NA	NA	NA	NA	NA	NA	NA	NA	NA	NA	NA	NA	NA	NA	NA	NA	NA	NA	NA	NA	NA	NA	NA	NA	NA	NA	NA	NA	NA	NA	NA	NA	NA	NA	NA	NA	NA	NA	NA	NA	NA	NA	NA	NA	NA	NA
SAMEA3268943	ID_3694408	SAMEA3268943	Sus scrofa	zankari2013	S	broth_microdilution	2.0	S	broth_microdilution	<=2.0	S	broth_microdilution	1.0	S	broth_microdilution	2.0	S	broth_microdilution	0.12	S	broth_microdilution	<=0.25	S	broth_microdilution	>2048	R	broth_microdilution	NA	NA	broth_microdilution	>32.0	R	broth_microdilution	4.0	S	broth_microdilution	NA	NA	NA	8.0	R	broth_microdilution	8.0	S	broth_microdilution	NA	NA	NA	S	broth_microdilution	NA	NA	NA	NA	NA	NA	NA	NA	NA	NA	NA	NA	NA	NA	NA	NA	NA	NA	NA	NA	NA	NA	NA	NA	NA	NA	NA	NA	NA	NA	NA	NA	NA	NA	NA	NA	NA	NA	NA	NA	NA	NA	NA	NA	NA	NA	NA	NA	NA	NA	NA	NA	NA	NA	NA	NA	NA	NA	NA	NA	NA	NA	NA	NA	NA	NA	NA	NA	NA	NA	NA	NA	NA	NA	NA	NA	NA	NA	NA	NA	NA	NA	NA	NA	NA	NA	NA	NA	NA	NA	NA	NA	NA
SAMEA3268944	ID_5066973	SAMEA3268944	Sus scrofa	zankari2013	S	broth_microdilution	4.0	S	broth_microdilution	<=2.0	S	broth_microdilution	1.0	S	broth_microdilution	4.0	S	broth_microdilution	0.12	S	broth_microdilution	<=0.25	S	broth_microdilution	512	S	broth_microdilution	NA	NA	broth_microdilution	>32.0	R	broth_microdilution	4.0	S	broth_microdilution	NA	NA	NA	8.0	R	broth_microdilution	8.0	S	broth_microdilution	NA	NA	NA	S	broth_microdilution	NA	NA	NA	NA	NA	NA	NA	NA	NA	NA	NA	NA	NA	NA	NA	NA	NA	NA	NA	NA	NA	NA	NA	NA	NA	NA	NA	NA	NA	NA	NA	NA	NA	NA	NA	NA	NA	NA	NA	NA	NA	NA	NA	NA	NA	NA	NA	NA	NA	NA	NA	NA	NA	NA	NA	NA	NA	NA	NA	NA	NA	NA	NA	NA	NA	NA	NA	NA	NA	NA	NA	NA	NA	NA	NA	NA	NA	NA	NA	NA	NA	NA	NA	NA	NA	NA	NA	NA	NA	NA	NA	NA	NA
SAMEA3268945	ID_8408632	SAMEA3268945	Sus scrofa	zankari2013	S	broth_microdilution	2.0	S	broth_microdilution	<=2.0	S	broth_microdilution	1.0	S	broth_microdilution	2.0	S	broth_microdilution	0.06	S	broth_microdilution	<=0.25	S	broth_microdilution	256	S	broth_microdilution	NA	NA	broth_microdilution	>32.0	R	broth_microdilution	4.0	S	broth_microdilution	NA	NA	NA	8.0	R	broth_microdilution	4.0	S	broth_microdilution	NA	NA	NA	S	broth_microdilution	NA	NA	NA	NA	NA	NA	NA	NA	NA	NA	NA	NA	NA	NA	NA	NA	NA	NA	NA	NA	NA	NA	NA	NA	NA	NA	NA	NA	NA	NA	NA	NA	NA	NA	NA	NA	NA	NA	NA	NA	NA	NA	NA	NA	NA	NA	NA	NA	NA	NA	NA	NA	NA	NA	NA	NA	NA	NA	NA	NA	NA	NA	NA	NA	NA	NA	NA	NA	NA	NA	NA	NA	NA	NA	NA	NA	NA	NA	NA	NA	NA	NA	NA	NA	NA	NA	NA	NA	NA	NA	NA	NA	NA
SAMEA3268946	ID_7473819	SAMEA3268946	Sus scrofa	zankari2013	S	broth_microdilution	2.0	S	broth_microdilution	<=2.0	S	broth_microdilution	1.0	S	broth_microdilution	2.0	S	broth_microdilution	0.12	S	broth_microdilution	<=0.25	S	broth_microdilution	128	S	broth_microdilution	NA	NA	broth_microdilution	>32.0	R	broth_microdilution	4.0	S	broth_microdilution	NA	NA	NA	8.0	R	broth_microdilution	8.0	S	broth_microdilution	NA	NA	NA	S	broth_microdilution	NA	NA	NA	NA	NA	NA	NA	NA	NA	NA	NA	NA	NA	NA	NA	NA	NA	NA	NA	NA	NA	NA	NA	NA	NA	NA	NA	NA	NA	NA	NA	NA	NA	NA	NA	NA	NA	NA	NA	NA	NA	NA	NA	NA	NA	NA	NA	NA	NA	NA	NA	NA	NA	NA	NA	NA	NA	NA	NA	NA	NA	NA	NA	NA	NA	NA	NA	NA	NA	NA	NA	NA	NA	NA	NA	NA	NA	NA	NA	NA	NA	NA	NA	NA	NA	NA	NA	NA	NA	NA	NA	NA	NA
SAMEA3268947	ID_4044888	SAMEA3268947	Sus scrofa	zankari2013	S	broth_microdilution	2.0	S	broth_microdilution	<=2.0	S	broth_microdilution	1.0	S	broth_microdilution	2.0	S	broth_microdilution	0.12	S	broth_microdilution	<=0.25	S	broth_microdilution	128	S	broth_microdilution	NA	NA	broth_microdilution	>32.0	R	broth_microdilution	4.0	S	broth_microdilution	NA	NA	NA	8.0	R	broth_microdilution	8.0	S	broth_microdilution	NA	NA	NA	S	broth_microdilution	NA	NA	NA	NA	NA	NA	NA	NA	NA	NA	NA	NA	NA	NA	NA	NA	NA	NA	NA	NA	NA	NA	NA	NA	NA	NA	NA	NA	NA	NA	NA	NA	NA	NA	NA	NA	NA	NA	NA	NA	NA	NA	NA	NA	NA	NA	NA	NA	NA	NA	NA	NA	NA	NA	NA	NA	NA	NA	NA	NA	NA	NA	NA	NA	NA	NA	NA	NA	NA	NA	NA	NA	NA	NA	NA	NA	NA	NA	NA	NA	NA	NA	NA	NA	NA	NA	NA	NA	NA	NA	NA	NA	NA
SAMEA3268948	ID_1204557	SAMEA3268948	Sus scrofa	zankari2013	R	broth_microdilution	<=1.0	S	broth_microdilution	<=2.0	S	broth_microdilution	>32.0	R	broth_microdilution	1.0	S	broth_microdilution	0.12	S	broth_microdilution	<=0.25	S	broth_microdilution	>2048	R	broth_microdilution	NA	NA	broth_microdilution	>32.0	R	broth_microdilution	<=2.0	S	broth_microdilution	NA	NA	NA	8.0	R	broth_microdilution	8.0	S	broth_microdilution	NA	NA	NA	R	broth_microdilution	NA	NA	NA	NA	NA	NA	NA	NA	NA	NA	NA	NA	NA	NA	NA	NA	NA	NA	NA	NA	NA	NA	NA	NA	NA	NA	NA	NA	NA	NA	NA	NA	NA	NA	NA	NA	NA	NA	NA	NA	NA	NA	NA	NA	NA	NA	NA	NA	NA	NA	NA	NA	NA	NA	NA	NA	NA	NA	NA	NA	NA	NA	NA	NA	NA	NA	NA	NA	NA	NA	NA	NA	NA	NA	NA	NA	NA	NA	NA	NA	NA	NA	NA	NA	NA	NA	NA	NA	NA	NA	NA	NA	NA
SAMEA3268949	ID_5248857	SAMEA3268949	Sus scrofa	zankari2013	S	broth_microdilution	2.0	S	broth_microdilution	<=2.0	S	broth_microdilution	>32.0	R	broth_microdilution	1.0	S	broth_microdilution	0.12	S	broth_microdilution	<=0.25	S	broth_microdilution	>2048	R	broth_microdilution	NA	NA	broth_microdilution	>32.0	R	broth_microdilution	<=2.0	S	broth_microdilution	NA	NA	NA	8.0	R	broth_microdilution	8.0	S	broth_microdilution	NA	NA	NA	R	broth_microdilution	NA	NA	NA	NA	NA	NA	NA	NA	NA	NA	NA	NA	NA	NA	NA	NA	NA	NA	NA	NA	NA	NA	NA	NA	NA	NA	NA	NA	NA	NA	NA	NA	NA	NA	NA	NA	NA	NA	NA	NA	NA	NA	NA	NA	NA	NA	NA	NA	NA	NA	NA	NA	NA	NA	NA	NA	NA	NA	NA	NA	NA	NA	NA	NA	NA	NA	NA	NA	NA	NA	NA	NA	NA	NA	NA	NA	NA	NA	NA	NA	NA	NA	NA	NA	NA	NA	NA	NA	NA	NA	NA	NA	NA
SAMEA3268950	ID_6531790	SAMEA3268950	Sus scrofa	zankari2013	S	broth_microdilution	<=1.0	S	broth_microdilution	<=2.0	S	broth_microdilution	<=0.5	S	broth_microdilution	2.0	S	broth_microdilution	0.12	S	broth_microdilution	<=0.25	S	broth_microdilution	128	S	broth_microdilution	NA	NA	broth_microdilution	>32.0	R	broth_microdilution	4.0	S	broth_microdilution	NA	NA	NA	8.0	R	broth_microdilution	8.0	S	broth_microdilution	NA	NA	NA	S	broth_microdilution	NA	NA	NA	NA	NA	NA	NA	NA	NA	NA	NA	NA	NA	NA	NA	NA	NA	NA	NA	NA	NA	NA	NA	NA	NA	NA	NA	NA	NA	NA	NA	NA	NA	NA	NA	NA	NA	NA	NA	NA	NA	NA	NA	NA	NA	NA	NA	NA	NA	NA	NA	NA	NA	NA	NA	NA	NA	NA	NA	NA	NA	NA	NA	NA	NA	NA	NA	NA	NA	NA	NA	NA	NA	NA	NA	NA	NA	NA	NA	NA	NA	NA	NA	NA	NA	NA	NA	NA	NA	NA	NA	NA	NA
SAMEA3268951	ID_6611290	SAMEA3268951	Sus scrofa	zankari2013	S	broth_microdilution	4.0	S	broth_microdilution	<=2.0	S	broth_microdilution	>32.0	R	broth_microdilution	1.0	S	broth_microdilution	0.12	S	broth_microdilution	<=0.25	S	broth_microdilution	>2048	R	broth_microdilution	NA	NA	broth_microdilution	>32.0	R	broth_microdilution	<=2.0	S	broth_microdilution	NA	NA	NA	16.0	R	broth_microdilution	>64.0	R	broth_microdilution	NA	NA	NA	R	broth_microdilution	NA	NA	NA	NA	NA	NA	NA	NA	NA	NA	NA	NA	NA	NA	NA	NA	NA	NA	NA	NA	NA	NA	NA	NA	NA	NA	NA	NA	NA	NA	NA	NA	NA	NA	NA	NA	NA	NA	NA	NA	NA	NA	NA	NA	NA	NA	NA	NA	NA	NA	NA	NA	NA	NA	NA	NA	NA	NA	NA	NA	NA	NA	NA	NA	NA	NA	NA	NA	NA	NA	NA	NA	NA	NA	NA	NA	NA	NA	NA	NA	NA	NA	NA	NA	NA	NA	NA	NA	NA	NA	NA	NA	NA
SAMEA3268952	ID_2737980	SAMEA3268952	Sus scrofa	zankari2013	S	broth_microdilution	2.0	S	broth_microdilution	<=2.0	S	broth_microdilution	>32.0	R	broth_microdilution	2.0	S	broth_microdilution	0.12	S	broth_microdilution	<=0.25	S	broth_microdilution	>2048	R	broth_microdilution	NA	NA	broth_microdilution	>32.0	R	broth_microdilution	4.0	S	broth_microdilution	NA	NA	NA	16.0	R	broth_microdilution	8.0	S	broth_microdilution	NA	NA	NA	R	broth_microdilution	NA	NA	NA	NA	NA	NA	NA	NA	NA	NA	NA	NA	NA	NA	NA	NA	NA	NA	NA	NA	NA	NA	NA	NA	NA	NA	NA	NA	NA	NA	NA	NA	NA	NA	NA	NA	NA	NA	NA	NA	NA	NA	NA	NA	NA	NA	NA	NA	NA	NA	NA	NA	NA	NA	NA	NA	NA	NA	NA	NA	NA	NA	NA	NA	NA	NA	NA	NA	NA	NA	NA	NA	NA	NA	NA	NA	NA	NA	NA	NA	NA	NA	NA	NA	NA	NA	NA	NA	NA	NA	NA	NA	NA
SAMEA3268953	ID_5436287	SAMEA3268953	Sus scrofa	zankari2013	S	broth_microdilution	2.0	S	broth_microdilution	<=2.0	S	broth_microdilution	>32.0	R	broth_microdilution	2.0	S	broth_microdilution	0.12	S	broth_microdilution	<=0.25	S	broth_microdilution	>2048	R	broth_microdilution	NA	NA	broth_microdilution	>32.0	R	broth_microdilution	4.0	S	broth_microdilution	NA	NA	NA	8.0	R	broth_microdilution	8.0	S	broth_microdilution	NA	NA	NA	R	broth_microdilution	NA	NA	NA	NA	NA	NA	NA	NA	NA	NA	NA	NA	NA	NA	NA	NA	NA	NA	NA	NA	NA	NA	NA	NA	NA	NA	NA	NA	NA	NA	NA	NA	NA	NA	NA	NA	NA	NA	NA	NA	NA	NA	NA	NA	NA	NA	NA	NA	NA	NA	NA	NA	NA	NA	NA	NA	NA	NA	NA	NA	NA	NA	NA	NA	NA	NA	NA	NA	NA	NA	NA	NA	NA	NA	NA	NA	NA	NA	NA	NA	NA	NA	NA	NA	NA	NA	NA	NA	NA	NA	NA	NA	NA
SAMEA3268954	ID_5702529	SAMEA3268954	Sus scrofa	zankari2013	S	broth_microdilution	<=1.0	S	broth_microdilution	<=2.0	S	broth_microdilution	1.0	S	broth_microdilution	2.0	S	broth_microdilution	0.12	S	broth_microdilution	<=0.25	S	broth_microdilution	128	S	broth_microdilution	NA	NA	broth_microdilution	>32.0	R	broth_microdilution	4.0	S	broth_microdilution	NA	NA	NA	8.0	R	broth_microdilution	8.0	S	broth_microdilution	NA	NA	NA	S	broth_microdilution	NA	NA	NA	NA	NA	NA	NA	NA	NA	NA	NA	NA	NA	NA	NA	NA	NA	NA	NA	NA	NA	NA	NA	NA	NA	NA	NA	NA	NA	NA	NA	NA	NA	NA	NA	NA	NA	NA	NA	NA	NA	NA	NA	NA	NA	NA	NA	NA	NA	NA	NA	NA	NA	NA	NA	NA	NA	NA	NA	NA	NA	NA	NA	NA	NA	NA	NA	NA	NA	NA	NA	NA	NA	NA	NA	NA	NA	NA	NA	NA	NA	NA	NA	NA	NA	NA	NA	NA	NA	NA	NA	NA	NA
SAMEA3268955	ID_8197782	SAMEA3268955	Sus scrofa	zankari2013	S	broth_microdilution	<=1.0	S	broth_microdilution	<=2.0	S	broth_microdilution	>32.0	R	broth_microdilution	2.0	S	broth_microdilution	0.12	S	broth_microdilution	<=0.25	S	broth_microdilution	128	S	broth_microdilution	NA	NA	broth_microdilution	>32.0	R	broth_microdilution	4.0	S	broth_microdilution	NA	NA	NA	8.0	R	broth_microdilution	8.0	S	broth_microdilution	NA	NA	NA	S	broth_microdilution	NA	NA	NA	NA	NA	NA	NA	NA	NA	NA	NA	NA	NA	NA	NA	NA	NA	NA	NA	NA	NA	NA	NA	NA	NA	NA	NA	NA	NA	NA	NA	NA	NA	NA	NA	NA	NA	NA	NA	NA	NA	NA	NA	NA	NA	NA	NA	NA	NA	NA	NA	NA	NA	NA	NA	NA	NA	NA	NA	NA	NA	NA	NA	NA	NA	NA	NA	NA	NA	NA	NA	NA	NA	NA	NA	NA	NA	NA	NA	NA	NA	NA	NA	NA	NA	NA	NA	NA	NA	NA	NA	NA	NA
SAMEA3268956	ID_5912761	SAMEA3268956	Sus scrofa	zankari2013	S	broth_microdilution	2.0	S	broth_microdilution	<=2.0	S	broth_microdilution	1.0	S	broth_microdilution	2.0	S	broth_microdilution	0.12	S	broth_microdilution	<=0.25	S	broth_microdilution	128	S	broth_microdilution	NA	NA	broth_microdilution	>32.0	R	broth_microdilution	4.0	S	broth_microdilution	NA	NA	NA	8.0	R	broth_microdilution	8.0	S	broth_microdilution	NA	NA	NA	S	broth_microdilution	NA	NA	NA	NA	NA	NA	NA	NA	NA	NA	NA	NA	NA	NA	NA	NA	NA	NA	NA	NA	NA	NA	NA	NA	NA	NA	NA	NA	NA	NA	NA	NA	NA	NA	NA	NA	NA	NA	NA	NA	NA	NA	NA	NA	NA	NA	NA	NA	NA	NA	NA	NA	NA	NA	NA	NA	NA	NA	NA	NA	NA	NA	NA	NA	NA	NA	NA	NA	NA	NA	NA	NA	NA	NA	NA	NA	NA	NA	NA	NA	NA	NA	NA	NA	NA	NA	NA	NA	NA	NA	NA	NA	NA
SAMEA3268957	ID_6353177	SAMEA3268957	Sus scrofa	zankari2013	S	broth_microdilution	2.0	S	broth_microdilution	<=2.0	S	broth_microdilution	1.0	S	broth_microdilution	2.0	S	broth_microdilution	0.25	S	broth_microdilution	<=0.25	S	broth_microdilution	128	S	broth_microdilution	NA	NA	broth_microdilution	>32.0	R	broth_microdilution	4.0	S	broth_microdilution	NA	NA	NA	16.0	R	broth_microdilution	8.0	S	broth_microdilution	NA	NA	NA	S	broth_microdilution	NA	NA	NA	NA	NA	NA	NA	NA	NA	NA	NA	NA	NA	NA	NA	NA	NA	NA	NA	NA	NA	NA	NA	NA	NA	NA	NA	NA	NA	NA	NA	NA	NA	NA	NA	NA	NA	NA	NA	NA	NA	NA	NA	NA	NA	NA	NA	NA	NA	NA	NA	NA	NA	NA	NA	NA	NA	NA	NA	NA	NA	NA	NA	NA	NA	NA	NA	NA	NA	NA	NA	NA	NA	NA	NA	NA	NA	NA	NA	NA	NA	NA	NA	NA	NA	NA	NA	NA	NA	NA	NA	NA	NA
SAMEA3268958	ID_8739219	SAMEA3268958	Sus scrofa	zankari2013	R	broth_microdilution	2.0	S	broth_microdilution	<=2.0	S	broth_microdilution	>32.0	R	broth_microdilution	1.0	S	broth_microdilution	0.12	S	broth_microdilution	<=0.25	S	broth_microdilution	256	S	broth_microdilution	NA	NA	broth_microdilution	>32.0	R	broth_microdilution	4.0	S	broth_microdilution	NA	NA	NA	16.0	R	broth_microdilution	8.0	S	broth_microdilution	NA	NA	NA	R	broth_microdilution	NA	NA	NA	NA	NA	NA	NA	NA	NA	NA	NA	NA	NA	NA	NA	NA	NA	NA	NA	NA	NA	NA	NA	NA	NA	NA	NA	NA	NA	NA	NA	NA	NA	NA	NA	NA	NA	NA	NA	NA	NA	NA	NA	NA	NA	NA	NA	NA	NA	NA	NA	NA	NA	NA	NA	NA	NA	NA	NA	NA	NA	NA	NA	NA	NA	NA	NA	NA	NA	NA	NA	NA	NA	NA	NA	NA	NA	NA	NA	NA	NA	NA	NA	NA	NA	NA	NA	NA	NA	NA	NA	NA	NA
SAMEA3268959	ID_7862516	SAMEA3268959	Sus scrofa	zankari2013	S	broth_microdilution	2.0	S	broth_microdilution	<=2.0	S	broth_microdilution	>32.0	R	broth_microdilution	2.0	S	broth_microdilution	0.12	S	broth_microdilution	<=0.25	S	broth_microdilution	256	S	broth_microdilution	NA	NA	broth_microdilution	>32.0	R	broth_microdilution	4.0	S	broth_microdilution	NA	NA	NA	8.0	R	broth_microdilution	>64.0	R	broth_microdilution	NA	NA	NA	S	broth_microdilution	NA	NA	NA	NA	NA	NA	NA	NA	NA	NA	NA	NA	NA	NA	NA	NA	NA	NA	NA	NA	NA	NA	NA	NA	NA	NA	NA	NA	NA	NA	NA	NA	NA	NA	NA	NA	NA	NA	NA	NA	NA	NA	NA	NA	NA	NA	NA	NA	NA	NA	NA	NA	NA	NA	NA	NA	NA	NA	NA	NA	NA	NA	NA	NA	NA	NA	NA	NA	NA	NA	NA	NA	NA	NA	NA	NA	NA	NA	NA	NA	NA	NA	NA	NA	NA	NA	NA	NA	NA	NA	NA	NA	NA
SAMEA3268960	ID_7453828	SAMEA3268960	Sus scrofa	zankari2013	R	broth_microdilution	<=1.0	S	broth_microdilution	<=2.0	S	broth_microdilution	>32.0	R	broth_microdilution	2.0	S	broth_microdilution	0.12	S	broth_microdilution	<=0.25	S	broth_microdilution	>2048	R	broth_microdilution	NA	NA	broth_microdilution	>32.0	R	broth_microdilution	4.0	S	broth_microdilution	NA	NA	NA	16.0	R	broth_microdilution	>64.0	R	broth_microdilution	NA	NA	NA	R	broth_microdilution	NA	NA	NA	NA	NA	NA	NA	NA	NA	NA	NA	NA	NA	NA	NA	NA	NA	NA	NA	NA	NA	NA	NA	NA	NA	NA	NA	NA	NA	NA	NA	NA	NA	NA	NA	NA	NA	NA	NA	NA	NA	NA	NA	NA	NA	NA	NA	NA	NA	NA	NA	NA	NA	NA	NA	NA	NA	NA	NA	NA	NA	NA	NA	NA	NA	NA	NA	NA	NA	NA	NA	NA	NA	NA	NA	NA	NA	NA	NA	NA	NA	NA	NA	NA	NA	NA	NA	NA	NA	NA	NA	NA	NA
SAMEA3268961	ID_2363419	SAMEA3268961	Sus scrofa	zankari2013	S	broth_microdilution	<=1.0	S	broth_microdilution	<=2.0	S	broth_microdilution	1.0	S	broth_microdilution	2.0	S	broth_microdilution	0.06	S	broth_microdilution	<=0.25	S	broth_microdilution	256	S	broth_microdilution	NA	NA	broth_microdilution	>32.0	R	broth_microdilution	4.0	S	broth_microdilution	NA	NA	NA	8.0	R	broth_microdilution	8.0	S	broth_microdilution	NA	NA	NA	S	broth_microdilution	NA	NA	NA	NA	NA	NA	NA	NA	NA	NA	NA	NA	NA	NA	NA	NA	NA	NA	NA	NA	NA	NA	NA	NA	NA	NA	NA	NA	NA	NA	NA	NA	NA	NA	NA	NA	NA	NA	NA	NA	NA	NA	NA	NA	NA	NA	NA	NA	NA	NA	NA	NA	NA	NA	NA	NA	NA	NA	NA	NA	NA	NA	NA	NA	NA	NA	NA	NA	NA	NA	NA	NA	NA	NA	NA	NA	NA	NA	NA	NA	NA	NA	NA	NA	NA	NA	NA	NA	NA	NA	NA	NA	NA
SAMEA5128226	ID_5931515	SAMEA5128226	NA	hasman2019	NA	NA	NA	NA	NA	NA	NA	NA	NA	NA	NA	8.0	R	broth_microdilution	NA	NA	NA	NA	NA	NA	NA	NA	NA	NA	NA	NA	NA	NA	NA	NA	NA	NA	NA	NA	NA	NA	NA	NA	NA	NA	NA	NA	NA	NA	NA	NA	NA	NA	NA	NA	NA	NA	NA	NA	NA	NA	NA	NA	NA	NA	NA	NA	NA	NA	NA	NA	NA	NA	NA	NA	NA	NA	NA	NA	NA	NA	NA	NA	NA	NA	NA	NA	NA	NA	NA	NA	NA	NA	NA	NA	NA	NA	NA	NA	NA	NA	NA	NA	NA	NA	NA	NA	NA	NA	NA	NA	NA	NA	NA	NA	NA	NA	NA	NA	NA	NA	NA	NA	NA	NA	NA	NA	NA	NA	NA	NA	NA	NA	NA	NA	NA	NA	NA	NA	NA	NA	NA	NA	NA
SAMEA5128235	ID_3886217	SAMEA5128235	NA	hasman2019	NA	NA	NA	NA	NA	NA	NA	NA	NA	NA	NA	8.0	R	broth_microdilution	NA	NA	NA	NA	NA	NA	NA	NA	NA	NA	NA	NA	NA	NA	NA	NA	NA	NA	NA	NA	NA	NA	NA	NA	NA	NA	NA	NA	NA	NA	NA	NA	NA	NA	NA	NA	NA	NA	NA	NA	NA	NA	NA	NA	NA	NA	NA	NA	NA	NA	NA	NA	NA	NA	NA	NA	NA	NA	NA	NA	NA	NA	NA	NA	NA	NA	NA	NA	NA	NA	NA	NA	NA	NA	NA	NA	NA	NA	NA	NA	NA	NA	NA	NA	NA	NA	NA	NA	NA	NA	NA	NA	NA	NA	NA	NA	NA	NA	NA	NA	NA	NA	NA	NA	NA	NA	NA	NA	NA	NA	NA	NA	NA	NA	NA	NA	NA	NA	NA	NA	NA	NA	NA	NA	NA
SAMEA5128237	ID_7580691	SAMEA5128237	NA	hasman2019	NA	NA	NA	NA	NA	NA	NA	NA	NA	NA	NA	16.0	R	broth_microdilution	NA	NA	NA	NA	NA	NA	NA	NA	NA	NA	NA	NA	NA	NA	NA	NA	NA	NA	NA	NA	NA	NA	NA	NA	NA	NA	NA	NA	NA	NA	NA	NA	NA	NA	NA	NA	NA	NA	NA	NA	NA	NA	NA	NA	NA	NA	NA	NA	NA	NA	NA	NA	NA	NA	NA	NA	NA	NA	NA	NA	NA	NA	NA	NA	NA	NA	NA	NA	NA	NA	NA	NA	NA	NA	NA	NA	NA	NA	NA	NA	NA	NA	NA	NA	NA	NA	NA	NA	NA	NA	NA	NA	NA	NA	NA	NA	NA	NA	NA	NA	NA	NA	NA	NA	NA	NA	NA	NA	NA	NA	NA	NA	NA	NA	NA	NA	NA	NA	NA	NA	NA	NA	NA	NA	NA
SAMEA5128239	ID_8315134	SAMEA5128239	NA	hasman2019	NA	NA	NA	NA	NA	NA	NA	NA	NA	NA	NA	8.0	R	broth_microdilution	NA	NA	NA	NA	NA	NA	NA	NA	NA	NA	NA	NA	NA	NA	NA	NA	NA	NA	NA	NA	NA	NA	NA	NA	NA	NA	NA	NA	NA	NA	NA	NA	NA	NA	NA	NA	NA	NA	NA	NA	NA	NA	NA	NA	NA	NA	NA	NA	NA	NA	NA	NA	NA	NA	NA	NA	NA	NA	NA	NA	NA	NA	NA	NA	NA	NA	NA	NA	NA	NA	NA	NA	NA	NA	NA	NA	NA	NA	NA	NA	NA	NA	NA	NA	NA	NA	NA	NA	NA	NA	NA	NA	NA	NA	NA	NA	NA	NA	NA	NA	NA	NA	NA	NA	NA	NA	NA	NA	NA	NA	NA	NA	NA	NA	NA	NA	NA	NA	NA	NA	NA	NA	NA	NA	NA
SAMEA5128240	ID_8218112	SAMEA5128240	NA	hasman2019	NA	NA	NA	NA	NA	NA	NA	NA	NA	NA	NA	8.0	R	broth_microdilution	NA	NA	NA	NA	NA	NA	NA	NA	NA	NA	NA	NA	NA	NA	NA	NA	NA	NA	NA	NA	NA	NA	NA	NA	NA	NA	NA	NA	NA	NA	NA	NA	NA	NA	NA	NA	NA	NA	NA	NA	NA	NA	NA	NA	NA	NA	NA	NA	NA	NA	NA	NA	NA	NA	NA	NA	NA	NA	NA	NA	NA	NA	NA	NA	NA	NA	NA	NA	NA	NA	NA	NA	NA	NA	NA	NA	NA	NA	NA	NA	NA	NA	NA	NA	NA	NA	NA	NA	NA	NA	NA	NA	NA	NA	NA	NA	NA	NA	NA	NA	NA	NA	NA	NA	NA	NA	NA	NA	NA	NA	NA	NA	NA	NA	NA	NA	NA	NA	NA	NA	NA	NA	NA	NA	NA
SAMEA5128242	ID_8071905	SAMEA5128242	NA	hasman2019	NA	NA	NA	NA	NA	NA	NA	NA	NA	NA	NA	2.0	S	broth_microdilution	NA	NA	NA	NA	NA	NA	NA	NA	NA	NA	NA	NA	NA	NA	NA	NA	NA	NA	NA	NA	NA	NA	NA	NA	NA	NA	NA	NA	NA	NA	NA	NA	NA	NA	NA	NA	NA	NA	NA	NA	NA	NA	NA	NA	NA	NA	NA	NA	NA	NA	NA	NA	NA	NA	NA	NA	NA	NA	NA	NA	NA	NA	NA	NA	NA	NA	NA	NA	NA	NA	NA	NA	NA	NA	NA	NA	NA	NA	NA	NA	NA	NA	NA	NA	NA	NA	NA	NA	NA	NA	NA	NA	NA	NA	NA	NA	NA	NA	NA	NA	NA	NA	NA	NA	NA	NA	NA	NA	NA	NA	NA	NA	NA	NA	NA	NA	NA	NA	NA	NA	NA	NA	NA	NA	NA
SAMEA5128243	ID_1053179	SAMEA5128243	NA	hasman2019	NA	NA	NA	NA	NA	NA	NA	NA	NA	NA	NA	2.0	S	broth_microdilution	NA	NA	NA	NA	NA	NA	NA	NA	NA	NA	NA	NA	NA	NA	NA	NA	NA	NA	NA	NA	NA	NA	NA	NA	NA	NA	NA	NA	NA	NA	NA	NA	NA	NA	NA	NA	NA	NA	NA	NA	NA	NA	NA	NA	NA	NA	NA	NA	NA	NA	NA	NA	NA	NA	NA	NA	NA	NA	NA	NA	NA	NA	NA	NA	NA	NA	NA	NA	NA	NA	NA	NA	NA	NA	NA	NA	NA	NA	NA	NA	NA	NA	NA	NA	NA	NA	NA	NA	NA	NA	NA	NA	NA	NA	NA	NA	NA	NA	NA	NA	NA	NA	NA	NA	NA	NA	NA	NA	NA	NA	NA	NA	NA	NA	NA	NA	NA	NA	NA	NA	NA	NA	NA	NA	NA
SAMEA5128247	ID_7899117	SAMEA5128247	NA	hasman2019	NA	NA	NA	NA	NA	NA	NA	NA	NA	NA	NA	2.0	S	broth_microdilution	NA	NA	NA	NA	NA	NA	NA	NA	NA	NA	NA	NA	NA	NA	NA	NA	NA	NA	NA	NA	NA	NA	NA	NA	NA	NA	NA	NA	NA	NA	NA	NA	NA	NA	NA	NA	NA	NA	NA	NA	NA	NA	NA	NA	NA	NA	NA	NA	NA	NA	NA	NA	NA	NA	NA	NA	NA	NA	NA	NA	NA	NA	NA	NA	NA	NA	NA	NA	NA	NA	NA	NA	NA	NA	NA	NA	NA	NA	NA	NA	NA	NA	NA	NA	NA	NA	NA	NA	NA	NA	NA	NA	NA	NA	NA	NA	NA	NA	NA	NA	NA	NA	NA	NA	NA	NA	NA	NA	NA	NA	NA	NA	NA	NA	NA	NA	NA	NA	NA	NA	NA	NA	NA	NA	NA
SAMEA5128250	ID_3955832	SAMEA5128250	NA	hasman2019	NA	NA	NA	NA	NA	NA	NA	NA	NA	NA	NA	2.0	S	broth_microdilution	NA	NA	NA	NA	NA	NA	NA	NA	NA	NA	NA	NA	NA	NA	NA	NA	NA	NA	NA	NA	NA	NA	NA	NA	NA	NA	NA	NA	NA	NA	NA	NA	NA	NA	NA	NA	NA	NA	NA	NA	NA	NA	NA	NA	NA	NA	NA	NA	NA	NA	NA	NA	NA	NA	NA	NA	NA	NA	NA	NA	NA	NA	NA	NA	NA	NA	NA	NA	NA	NA	NA	NA	NA	NA	NA	NA	NA	NA	NA	NA	NA	NA	NA	NA	NA	NA	NA	NA	NA	NA	NA	NA	NA	NA	NA	NA	NA	NA	NA	NA	NA	NA	NA	NA	NA	NA	NA	NA	NA	NA	NA	NA	NA	NA	NA	NA	NA	NA	NA	NA	NA	NA	NA	NA	NA
ERR3959024	ID_2643177	ERR3959024	NA	mchugh2022	NA	NA	NA	NA	NA	NA	NA	NA	NA	NA	NA	NA	NA	NA	NA	NA	NA	NA	NA	NA	NA	NA	NA	NA	NA	NA	NA	NA	NA	NA	NA	NA	NA	NA	NA	NA	NA	NA	NA	NA	NA	NA	NA	NA	NA	NA	NA	NA	NA	NA	NA	NA	NA	NA	NA	NA	NA	NA	NA	NA	NA	NA	NA	NA	NA	NA	NA	NA	NA	NA	NA	NA	NA	NA	NA	NA	NA	NA	NA	NA	NA	NA	NA	NA	NA	NA	NA	NA	NA	NA	NA	NA	NA	NA	NA	NA	NA	NA	NA	NA	NA	NA	NA	NA	NA	NA	NA	NA	NA	NA	NA	NA	NA	NA	NA	NA	NA	NA	NA	NA	NA	NA	NA	NA	NA	NA	NA	NA	NA	NA	NA	NA	NA	NA	NA	NA	NA	NA	NA
ERR3959022	ID_8394975	ERR3959022	NA	mchugh2022	NA	NA	NA	NA	NA	NA	NA	NA	NA	NA	NA	NA	NA	NA	NA	NA	NA	NA	NA	NA	NA	NA	NA	NA	NA	NA	NA	NA	NA	NA	NA	NA	NA	NA	NA	NA	NA	NA	NA	NA	NA	NA	NA	NA	NA	NA	NA	NA	NA	NA	NA	NA	NA	NA	NA	NA	NA	NA	NA	NA	NA	NA	NA	NA	NA	NA	NA	NA	NA	NA	NA	NA	NA	NA	NA	NA	NA	NA	NA	NA	NA	NA	NA	NA	NA	NA	NA	NA	NA	NA	NA	NA	NA	NA	NA	NA	NA	NA	NA	NA	NA	NA	NA	NA	NA	NA	NA	NA	NA	NA	NA	NA	NA	NA	NA	NA	NA	NA	NA	NA	NA	NA	NA	NA	NA	NA	NA	NA	NA	NA	NA	NA	NA	NA	NA	NA	NA	NA	NA
ERR3959023	ID_5699483	ERR3959023	NA	mchugh2022	NA	NA	NA	NA	NA	NA	NA	NA	NA	NA	NA	NA	NA	NA	NA	NA	NA	NA	NA	NA	NA	NA	NA	NA	NA	NA	NA	NA	NA	NA	NA	NA	NA	NA	NA	NA	NA	NA	NA	NA	NA	NA	NA	NA	NA	NA	NA	NA	NA	NA	NA	NA	NA	NA	NA	NA	NA	NA	NA	NA	NA	NA	NA	NA	NA	NA	NA	NA	NA	NA	NA	NA	NA	NA	NA	NA	NA	NA	NA	NA	NA	NA	NA	NA	NA	NA	NA	NA	NA	NA	NA	NA	NA	NA	NA	NA	NA	NA	NA	NA	NA	NA	NA	NA	NA	NA	NA	NA	NA	NA	NA	NA	NA	NA	NA	NA	NA	NA	NA	NA	NA	NA	NA	NA	NA	NA	NA	NA	NA	NA	NA	NA	NA	NA	NA	NA	NA	NA	NA
ERR3959021	ID_3173892	ERR3959021	NA	mchugh2022	NA	NA	NA	NA	NA	NA	NA	NA	NA	NA	NA	NA	NA	NA	NA	NA	NA	NA	NA	NA	NA	NA	NA	NA	NA	NA	NA	NA	NA	NA	NA	NA	NA	NA	NA	NA	NA	NA	NA	NA	NA	NA	NA	NA	NA	NA	NA	NA	NA	NA	NA	NA	NA	NA	NA	NA	NA	NA	NA	NA	NA	NA	NA	NA	NA	NA	NA	NA	NA	NA	NA	NA	NA	NA	NA	NA	NA	NA	NA	NA	NA	NA	NA	NA	NA	NA	NA	NA	NA	NA	NA	NA	NA	NA	NA	NA	NA	NA	NA	NA	NA	NA	NA	NA	NA	NA	NA	NA	NA	NA	NA	NA	NA	NA	NA	NA	NA	NA	NA	NA	NA	NA	NA	NA	NA	NA	NA	NA	NA	NA	NA	NA	NA	NA	NA	NA	NA	NA	NA
SAMN03197092	ID_2354910	SAMN03197092	Homo sapiens	roach2015	NA	NA	1.0	S	NA	1.0	S	NA	NA	NA	NA	NA	NA	NA	NA	NA	NA	NA	NA	NA	NA	NA	NA	NA	NA	NA	>8.0	R	NA	<=2.0	S	NA	1.0	S	NA	NA	NA	NA	NA	NA	NA	NA	NA	NA	NA	NA	NA	NA	NA	NA	NA	NA	NA	NA	NA	NA	NA	NA	NA	NA	NA	NA	NA	NA	NA	NA	NA	NA	NA	NA	NA	NA	NA	NA	NA	NA	NA	NA	NA	NA	NA	NA	NA	NA	NA	NA	NA	NA	NA	NA	NA	NA	NA	NA	NA	NA	NA	NA	NA	NA	NA	NA	NA	NA	NA	NA	NA	NA	NA	NA	NA	NA	NA	NA	NA	NA	NA	NA	NA	NA	NA	NA	NA	NA	NA	NA	NA	NA	NA	NA	NA	NA	NA	NA	NA	NA	NA	NA	NA
SAMN03197116	ID_1161430	SAMN03197116	Homo sapiens	roach2015	NA	NA	1.0	S	NA	1.0	S	NA	NA	NA	NA	NA	NA	NA	NA	NA	NA	NA	NA	NA	NA	NA	NA	NA	NA	NA	>8.0	R	NA	2.0	S	NA	>4.0	R	NA	NA	NA	NA	NA	NA	NA	NA	NA	NA	NA	NA	NA	NA	NA	NA	NA	NA	NA	NA	NA	NA	NA	NA	NA	NA	NA	NA	NA	NA	NA	NA	NA	NA	NA	NA	NA	NA	NA	NA	NA	NA	NA	NA	NA	NA	NA	NA	NA	NA	NA	NA	NA	NA	NA	NA	NA	NA	NA	NA	NA	NA	NA	NA	NA	NA	NA	NA	NA	NA	NA	NA	NA	NA	NA	NA	NA	NA	NA	NA	NA	NA	NA	NA	NA	NA	NA	NA	NA	NA	NA	NA	NA	NA	NA	NA	NA	NA	NA	NA	NA	NA	NA	NA	NA
SAMN03197121	ID_1528748	SAMN03197121	Homo sapiens	roach2015	NA	NA	1.0	S	NA	1.0	S	NA	NA	NA	NA	NA	NA	NA	NA	NA	NA	NA	NA	NA	NA	NA	NA	NA	NA	NA	<=2.0	S	NA	<=2.0	S	NA	1.0	S	NA	NA	NA	NA	NA	NA	NA	NA	NA	NA	NA	NA	NA	NA	NA	NA	NA	NA	NA	NA	NA	NA	NA	NA	NA	NA	NA	NA	NA	NA	NA	NA	NA	NA	NA	NA	NA	NA	NA	NA	NA	NA	NA	NA	NA	NA	NA	NA	NA	NA	NA	NA	NA	NA	NA	NA	NA	NA	NA	NA	NA	NA	NA	NA	NA	NA	NA	NA	NA	NA	NA	NA	NA	NA	NA	NA	NA	NA	NA	NA	NA	NA	NA	NA	NA	NA	NA	NA	NA	NA	NA	NA	NA	NA	NA	NA	NA	NA	NA	NA	NA	NA	NA	NA	NA
SAMN03197146	ID_7567333	SAMN03197146	Homo sapiens	roach2015	NA	NA	4.0	S	NA	1.0	S	NA	NA	NA	NA	NA	NA	NA	NA	NA	NA	NA	NA	NA	NA	NA	NA	NA	NA	NA	>8.0	R	NA	<=2.0	S	NA	1.0	S	NA	NA	NA	NA	NA	NA	NA	NA	NA	NA	NA	NA	NA	NA	NA	NA	NA	NA	NA	NA	NA	NA	NA	NA	NA	NA	NA	NA	NA	NA	NA	NA	NA	NA	NA	NA	NA	NA	NA	NA	NA	NA	NA	NA	NA	NA	NA	NA	NA	NA	NA	NA	NA	NA	NA	NA	NA	NA	NA	NA	NA	NA	NA	NA	NA	NA	NA	NA	NA	NA	NA	NA	NA	NA	NA	NA	NA	NA	NA	NA	NA	NA	NA	NA	NA	NA	NA	NA	NA	NA	NA	NA	NA	NA	NA	NA	NA	NA	NA	NA	NA	NA	NA	NA	NA
SAMN03197152	ID_1825591	SAMN03197152	Homo sapiens	roach2015	NA	NA	1.0	S	NA	1.0	S	NA	>4.0	R	NA	NA	NA	NA	NA	NA	NA	NA	NA	NA	NA	NA	NA	NA	NA	NA	NA	NA	NA	4.0	S	NA	NA	NA	NA	NA	NA	NA	NA	NA	NA	NA	NA	NA	NA	NA	NA	NA	NA	NA	NA	NA	NA	NA	NA	NA	NA	NA	NA	NA	NA	NA	NA	NA	NA	NA	NA	NA	NA	NA	NA	NA	NA	NA	NA	NA	NA	NA	NA	NA	NA	NA	NA	NA	NA	NA	NA	NA	NA	NA	NA	NA	NA	NA	NA	NA	NA	NA	NA	NA	NA	NA	NA	NA	NA	NA	NA	NA	NA	NA	NA	NA	NA	NA	NA	NA	NA	NA	NA	NA	NA	NA	NA	NA	NA	NA	NA	NA	NA	NA	NA	NA	NA	NA	NA	NA	NA	NA	NA
SAMN03197192	ID_3490812	SAMN03197192	Homo sapiens	roach2015	NA	NA	1.0	S	NA	1.0	S	NA	NA	NA	NA	NA	NA	NA	NA	NA	NA	NA	NA	NA	NA	NA	NA	NA	NA	NA	>8.0	R	NA	4.0	S	NA	>4.0	R	NA	NA	NA	NA	NA	NA	NA	NA	NA	NA	NA	NA	NA	NA	NA	NA	NA	NA	NA	NA	NA	NA	NA	NA	NA	NA	NA	NA	NA	NA	NA	NA	NA	NA	NA	NA	NA	NA	NA	NA	NA	NA	NA	NA	NA	NA	NA	NA	NA	NA	NA	NA	NA	NA	NA	NA	NA	NA	NA	NA	NA	NA	NA	NA	NA	NA	NA	NA	NA	NA	NA	NA	NA	NA	NA	NA	NA	NA	NA	NA	NA	NA	NA	NA	NA	NA	NA	NA	NA	NA	NA	NA	NA	NA	NA	NA	NA	NA	NA	NA	NA	NA	NA	NA	NA
SAMN03197214	ID_7617052	SAMN03197214	Homo sapiens	roach2015	NA	NA	1.0	S	NA	1.0	S	NA	>4.0	R	NA	NA	NA	NA	NA	NA	NA	NA	NA	NA	NA	NA	NA	NA	NA	NA	NA	NA	NA	4.0	S	NA	NA	NA	NA	NA	NA	NA	NA	NA	NA	NA	NA	NA	NA	NA	NA	NA	NA	NA	NA	NA	NA	NA	NA	NA	NA	NA	NA	NA	NA	NA	NA	NA	NA	NA	NA	NA	NA	NA	NA	NA	NA	NA	NA	NA	NA	NA	NA	NA	NA	NA	NA	NA	NA	NA	NA	NA	NA	NA	NA	NA	NA	NA	NA	NA	NA	NA	NA	NA	NA	NA	NA	NA	NA	NA	NA	NA	NA	NA	NA	NA	NA	NA	NA	NA	NA	NA	NA	NA	NA	NA	NA	NA	NA	NA	NA	NA	NA	NA	NA	NA	NA	NA	NA	NA	NA	NA	NA
SAMN03197250	ID_5266428	SAMN03197250	Homo sapiens	roach2015	NA	NA	1.0	S	NA	1.0	S	NA	NA	NA	NA	NA	NA	NA	NA	NA	NA	NA	NA	NA	NA	NA	NA	NA	NA	NA	<=2.0	S	NA	4.0	S	NA	1.0	S	NA	NA	NA	NA	NA	NA	NA	NA	NA	NA	NA	NA	NA	NA	NA	NA	NA	NA	NA	NA	NA	NA	NA	NA	NA	NA	NA	NA	NA	NA	NA	NA	NA	NA	NA	NA	NA	NA	NA	NA	NA	NA	NA	NA	NA	NA	NA	NA	NA	NA	NA	NA	NA	NA	NA	NA	NA	NA	NA	NA	NA	NA	NA	NA	NA	NA	NA	NA	NA	NA	NA	NA	NA	NA	NA	NA	NA	NA	NA	NA	NA	NA	NA	NA	NA	NA	NA	NA	NA	NA	NA	NA	NA	NA	NA	NA	NA	NA	NA	NA	NA	NA	NA	NA	NA
SAMN03197284	ID_1232599	SAMN03197284	Homo sapiens	roach2015	NA	NA	NA	NA	NA	NA	NA	NA	NA	NA	NA	NA	NA	NA	NA	NA	NA	NA	NA	NA	NA	NA	NA	NA	NA	NA	NA	NA	NA	NA	NA	NA	NA	NA	NA	NA	NA	NA	NA	NA	NA	NA	NA	NA	NA	NA	NA	NA	NA	NA	NA	NA	NA	NA	NA	NA	NA	NA	NA	NA	NA	NA	NA	NA	NA	NA	NA	NA	NA	NA	NA	NA	NA	NA	NA	NA	NA	NA	NA	NA	NA	NA	NA	NA	NA	NA	NA	NA	NA	NA	NA	NA	NA	NA	NA	NA	NA	NA	NA	NA	NA	NA	NA	NA	NA	NA	NA	NA	NA	NA	NA	NA	NA	NA	NA	NA	NA	NA	NA	NA	NA	NA	NA	NA	NA	NA	NA	NA	NA	NA	NA	NA	NA	NA	NA	NA	NA	NA	NA
SAMN03197297	ID_8008208	SAMN03197297	Homo sapiens	roach2015	NA	NA	NA	NA	NA	NA	NA	NA	NA	NA	NA	NA	NA	NA	NA	NA	NA	NA	NA	NA	NA	NA	NA	NA	NA	NA	NA	NA	NA	NA	NA	NA	NA	NA	NA	NA	NA	NA	NA	NA	NA	NA	NA	NA	NA	NA	NA	NA	NA	NA	NA	NA	NA	NA	NA	NA	NA	NA	NA	NA	NA	NA	NA	NA	NA	NA	NA	NA	NA	NA	NA	NA	NA	NA	NA	NA	NA	NA	NA	NA	NA	NA	NA	NA	NA	NA	NA	NA	NA	NA	NA	NA	NA	NA	NA	NA	NA	NA	NA	NA	NA	NA	NA	NA	NA	NA	NA	NA	NA	NA	NA	NA	NA	NA	NA	NA	NA	NA	NA	NA	NA	NA	NA	NA	NA	NA	NA	NA	NA	NA	NA	NA	NA	NA	NA	NA	NA	NA	NA
SAMN03197305	ID_8224976	SAMN03197305	Homo sapiens	roach2015	NA	NA	NA	NA	NA	NA	NA	NA	NA	NA	NA	NA	NA	NA	NA	NA	NA	NA	NA	NA	NA	NA	NA	NA	NA	NA	NA	NA	NA	NA	NA	NA	NA	NA	NA	NA	NA	NA	NA	NA	NA	NA	NA	NA	NA	NA	NA	NA	NA	NA	NA	NA	NA	NA	NA	NA	NA	NA	NA	NA	NA	NA	NA	NA	NA	NA	NA	NA	NA	NA	NA	NA	NA	NA	NA	NA	NA	NA	NA	NA	NA	NA	NA	NA	NA	NA	NA	NA	NA	NA	NA	NA	NA	NA	NA	NA	NA	NA	NA	NA	NA	NA	NA	NA	NA	NA	NA	NA	NA	NA	NA	NA	NA	NA	NA	NA	NA	NA	NA	NA	NA	NA	NA	NA	NA	NA	NA	NA	NA	NA	NA	NA	NA	NA	NA	NA	NA	NA	NA
SAMN03197310	ID_2814903	SAMN03197310	Homo sapiens	roach2015	NA	NA	NA	NA	NA	NA	NA	NA	NA	NA	NA	NA	NA	NA	NA	NA	NA	NA	NA	NA	NA	NA	NA	NA	NA	NA	NA	NA	NA	NA	NA	NA	NA	NA	NA	NA	NA	NA	NA	NA	NA	NA	NA	NA	NA	NA	NA	NA	NA	NA	NA	NA	NA	NA	NA	NA	NA	NA	NA	NA	NA	NA	NA	NA	NA	NA	NA	NA	NA	NA	NA	NA	NA	NA	NA	NA	NA	NA	NA	NA	NA	NA	NA	NA	NA	NA	NA	NA	NA	NA	NA	NA	NA	NA	NA	NA	NA	NA	NA	NA	NA	NA	NA	NA	NA	NA	NA	NA	NA	NA	NA	NA	NA	NA	NA	NA	NA	NA	NA	NA	NA	NA	NA	NA	NA	NA	NA	NA	NA	NA	NA	NA	NA	NA	NA	NA	NA	NA	NA
SAMN03197314	ID_8801359	SAMN03197314	Homo sapiens	roach2015	NA	NA	NA	NA	NA	NA	NA	NA	NA	NA	NA	NA	NA	NA	NA	NA	NA	NA	NA	NA	NA	NA	NA	NA	NA	NA	NA	NA	NA	NA	NA	NA	NA	NA	NA	NA	NA	NA	NA	NA	NA	NA	NA	NA	NA	NA	NA	NA	NA	NA	NA	NA	NA	NA	NA	NA	NA	NA	NA	NA	NA	NA	NA	NA	NA	NA	NA	NA	NA	NA	NA	NA	NA	NA	NA	NA	NA	NA	NA	NA	NA	NA	NA	NA	NA	NA	NA	NA	NA	NA	NA	NA	NA	NA	NA	NA	NA	NA	NA	NA	NA	NA	NA	NA	NA	NA	NA	NA	NA	NA	NA	NA	NA	NA	NA	NA	NA	NA	NA	NA	NA	NA	NA	NA	NA	NA	NA	NA	NA	NA	NA	NA	NA	NA	NA	NA	NA	NA	NA
SAMN03197324	ID_8892471	SAMN03197324	Homo sapiens	roach2015	NA	NA	1.0	S	NA	1.0	S	NA	0.5	S	NA	NA	NA	NA	NA	NA	NA	NA	NA	NA	NA	NA	NA	NA	NA	NA	NA	NA	NA	4.0	S	NA	NA	NA	NA	NA	NA	NA	NA	NA	NA	NA	NA	NA	NA	NA	NA	NA	NA	NA	NA	NA	NA	NA	NA	NA	NA	NA	NA	NA	NA	NA	NA	NA	NA	NA	NA	NA	NA	NA	NA	NA	NA	NA	NA	NA	NA	NA	NA	NA	NA	NA	NA	NA	NA	NA	NA	NA	NA	NA	NA	NA	NA	NA	NA	NA	NA	NA	NA	NA	NA	NA	NA	NA	NA	NA	NA	NA	NA	NA	NA	NA	NA	NA	NA	NA	NA	NA	NA	NA	NA	NA	NA	NA	NA	NA	NA	NA	NA	NA	NA	NA	NA	NA	NA	NA	NA	NA	NA
SAMN03197325	ID_8002763	SAMN03197325	Homo sapiens	roach2015	NA	NA	NA	NA	NA	NA	NA	NA	NA	NA	NA	NA	NA	NA	NA	NA	NA	NA	NA	NA	NA	NA	NA	NA	NA	NA	NA	NA	NA	NA	NA	NA	NA	NA	NA	NA	NA	NA	NA	NA	NA	NA	NA	NA	NA	NA	NA	NA	NA	NA	NA	NA	NA	NA	NA	NA	NA	NA	NA	NA	NA	NA	NA	NA	NA	NA	NA	NA	NA	NA	NA	NA	NA	NA	NA	NA	NA	NA	NA	NA	NA	NA	NA	NA	NA	NA	NA	NA	NA	NA	NA	NA	NA	NA	NA	NA	NA	NA	NA	NA	NA	NA	NA	NA	NA	NA	NA	NA	NA	NA	NA	NA	NA	NA	NA	NA	NA	NA	NA	NA	NA	NA	NA	NA	NA	NA	NA	NA	NA	NA	NA	NA	NA	NA	NA	NA	NA	NA	NA
SAMN03197374	ID_5059132	SAMN03197374	Homo sapiens	roach2015	NA	NA	1.0	S	NA	1.0	S	NA	NA	NA	NA	NA	NA	NA	NA	NA	NA	NA	NA	NA	NA	NA	NA	NA	NA	NA	>8.0	R	NA	4.0	S	NA	1.0	S	NA	NA	NA	NA	NA	NA	NA	NA	NA	NA	NA	NA	NA	NA	NA	NA	NA	NA	NA	NA	NA	NA	NA	NA	NA	NA	NA	NA	NA	NA	NA	NA	NA	NA	NA	NA	NA	NA	NA	NA	NA	NA	NA	NA	NA	NA	NA	NA	NA	NA	NA	NA	NA	NA	NA	NA	NA	NA	NA	NA	NA	NA	NA	NA	NA	NA	NA	NA	NA	NA	NA	NA	NA	NA	NA	NA	NA	NA	NA	NA	NA	NA	NA	NA	NA	NA	NA	NA	NA	NA	NA	NA	NA	NA	NA	NA	NA	NA	NA	NA	NA	NA	NA	NA	NA
SAMN03197379	ID_4339051	SAMN03197379	Homo sapiens	roach2015	NA	NA	NA	NA	NA	NA	NA	NA	NA	NA	NA	NA	NA	NA	NA	NA	NA	NA	NA	NA	NA	NA	NA	NA	NA	NA	NA	NA	NA	NA	NA	NA	NA	NA	NA	NA	NA	NA	NA	NA	NA	NA	NA	NA	NA	NA	NA	NA	NA	NA	NA	NA	NA	NA	NA	NA	NA	NA	NA	NA	NA	NA	NA	NA	NA	NA	NA	NA	NA	NA	NA	NA	NA	NA	NA	NA	NA	NA	NA	NA	NA	NA	NA	NA	NA	NA	NA	NA	NA	NA	NA	NA	NA	NA	NA	NA	NA	NA	NA	NA	NA	NA	NA	NA	NA	NA	NA	NA	NA	NA	NA	NA	NA	NA	NA	NA	NA	NA	NA	NA	NA	NA	NA	NA	NA	NA	NA	NA	NA	NA	NA	NA	NA	NA	NA	NA	NA	NA	NA
SAMN03197380	ID_7254089	SAMN03197380	Homo sapiens	roach2015	NA	NA	NA	NA	NA	NA	NA	NA	NA	NA	NA	NA	NA	NA	NA	NA	NA	NA	NA	NA	NA	NA	NA	NA	NA	NA	NA	NA	NA	NA	NA	NA	NA	NA	NA	NA	NA	NA	NA	NA	NA	NA	NA	NA	NA	NA	NA	NA	NA	NA	NA	NA	NA	NA	NA	NA	NA	NA	NA	NA	NA	NA	NA	NA	NA	NA	NA	NA	NA	NA	NA	NA	NA	NA	NA	NA	NA	NA	NA	NA	NA	NA	NA	NA	NA	NA	NA	NA	NA	NA	NA	NA	NA	NA	NA	NA	NA	NA	NA	NA	NA	NA	NA	NA	NA	NA	NA	NA	NA	NA	NA	NA	NA	NA	NA	NA	NA	NA	NA	NA	NA	NA	NA	NA	NA	NA	NA	NA	NA	NA	NA	NA	NA	NA	NA	NA	NA	NA	NA
SAMN03197382	ID_7089105	SAMN03197382	Homo sapiens	roach2015	NA	NA	NA	NA	NA	NA	NA	NA	NA	NA	NA	NA	NA	NA	NA	NA	NA	NA	NA	NA	NA	NA	NA	NA	NA	NA	NA	NA	NA	NA	NA	NA	NA	NA	NA	NA	NA	NA	NA	NA	NA	NA	NA	NA	NA	NA	NA	NA	NA	NA	NA	NA	NA	NA	NA	NA	NA	NA	NA	NA	NA	NA	NA	NA	NA	NA	NA	NA	NA	NA	NA	NA	NA	NA	NA	NA	NA	NA	NA	NA	NA	NA	NA	NA	NA	NA	NA	NA	NA	NA	NA	NA	NA	NA	NA	NA	NA	NA	NA	NA	NA	NA	NA	NA	NA	NA	NA	NA	NA	NA	NA	NA	NA	NA	NA	NA	NA	NA	NA	NA	NA	NA	NA	NA	NA	NA	NA	NA	NA	NA	NA	NA	NA	NA	NA	NA	NA	NA	NA
SAMN03197383	ID_5712736	SAMN03197383	Homo sapiens	roach2015	NA	NA	NA	NA	NA	NA	NA	NA	NA	NA	NA	NA	NA	NA	NA	NA	NA	NA	NA	NA	NA	NA	NA	NA	NA	NA	NA	NA	NA	NA	NA	NA	NA	NA	NA	NA	NA	NA	NA	NA	NA	NA	NA	NA	NA	NA	NA	NA	NA	NA	NA	NA	NA	NA	NA	NA	NA	NA	NA	NA	NA	NA	NA	NA	NA	NA	NA	NA	NA	NA	NA	NA	NA	NA	NA	NA	NA	NA	NA	NA	NA	NA	NA	NA	NA	NA	NA	NA	NA	NA	NA	NA	NA	NA	NA	NA	NA	NA	NA	NA	NA	NA	NA	NA	NA	NA	NA	NA	NA	NA	NA	NA	NA	NA	NA	NA	NA	NA	NA	NA	NA	NA	NA	NA	NA	NA	NA	NA	NA	NA	NA	NA	NA	NA	NA	NA	NA	NA	NA
SAMN03197393	ID_7800779	SAMN03197393	Homo sapiens	roach2015	NA	NA	NA	NA	NA	NA	NA	NA	NA	NA	NA	NA	NA	NA	NA	NA	NA	NA	NA	NA	NA	NA	NA	NA	NA	NA	NA	NA	NA	NA	NA	NA	NA	NA	NA	NA	NA	NA	NA	NA	NA	NA	NA	NA	NA	NA	NA	NA	NA	NA	NA	NA	NA	NA	NA	NA	NA	NA	NA	NA	NA	NA	NA	NA	NA	NA	NA	NA	NA	NA	NA	NA	NA	NA	NA	NA	NA	NA	NA	NA	NA	NA	NA	NA	NA	NA	NA	NA	NA	NA	NA	NA	NA	NA	NA	NA	NA	NA	NA	NA	NA	NA	NA	NA	NA	NA	NA	NA	NA	NA	NA	NA	NA	NA	NA	NA	NA	NA	NA	NA	NA	NA	NA	NA	NA	NA	NA	NA	NA	NA	NA	NA	NA	NA	NA	NA	NA	NA	NA
SAMN03197406	ID_7034348	SAMN03197406	Homo sapiens	roach2015	NA	NA	NA	NA	NA	NA	NA	NA	NA	NA	NA	NA	NA	NA	NA	NA	NA	NA	NA	NA	NA	NA	NA	NA	NA	NA	NA	NA	NA	NA	NA	NA	NA	NA	NA	NA	NA	NA	NA	NA	NA	NA	NA	NA	NA	NA	NA	NA	NA	NA	NA	NA	NA	NA	NA	NA	NA	NA	NA	NA	NA	NA	NA	NA	NA	NA	NA	NA	NA	NA	NA	NA	NA	NA	NA	NA	NA	NA	NA	NA	NA	NA	NA	NA	NA	NA	NA	NA	NA	NA	NA	NA	NA	NA	NA	NA	NA	NA	NA	NA	NA	NA	NA	NA	NA	NA	NA	NA	NA	NA	NA	NA	NA	NA	NA	NA	NA	NA	NA	NA	NA	NA	NA	NA	NA	NA	NA	NA	NA	NA	NA	NA	NA	NA	NA	NA	NA	NA	NA
SAMN03197415	ID_1649084	SAMN03197415	Homo sapiens	roach2015	NA	NA	2.0	S	NA	1.0	S	NA	NA	NA	NA	NA	NA	NA	NA	NA	NA	NA	NA	NA	NA	NA	NA	NA	NA	NA	<=2.0	S	NA	4.0	S	NA	2.0	S	NA	NA	NA	NA	NA	NA	NA	NA	NA	NA	NA	NA	NA	NA	NA	NA	NA	NA	NA	NA	NA	NA	NA	NA	NA	NA	NA	NA	NA	NA	NA	NA	NA	NA	NA	NA	NA	NA	NA	NA	NA	NA	NA	NA	NA	NA	NA	NA	NA	NA	NA	NA	NA	NA	NA	NA	NA	NA	NA	NA	NA	NA	NA	NA	NA	NA	NA	NA	NA	NA	NA	NA	NA	NA	NA	NA	NA	NA	NA	NA	NA	NA	NA	NA	NA	NA	NA	NA	NA	NA	NA	NA	NA	NA	NA	NA	NA	NA	NA	NA	NA	NA	NA	NA	NA
SAMN03197418	ID_8030203	SAMN03197418	Homo sapiens	roach2015	NA	NA	2.0	S	NA	2.0	S	NA	NA	NA	NA	NA	NA	NA	NA	NA	NA	NA	NA	NA	NA	NA	NA	NA	NA	NA	>8.0	R	NA	4.0	S	NA	1.0	S	NA	NA	NA	NA	NA	NA	NA	NA	NA	NA	NA	NA	NA	NA	NA	NA	NA	NA	NA	NA	NA	NA	NA	NA	NA	NA	NA	NA	NA	NA	NA	NA	NA	NA	NA	NA	NA	NA	NA	NA	NA	NA	NA	NA	NA	NA	NA	NA	NA	NA	NA	NA	NA	NA	NA	NA	NA	NA	NA	NA	NA	NA	NA	NA	NA	NA	NA	NA	NA	NA	NA	NA	NA	NA	NA	NA	NA	NA	NA	NA	NA	NA	NA	NA	NA	NA	NA	NA	NA	NA	NA	NA	NA	NA	NA	NA	NA	NA	NA	NA	NA	NA	NA	NA	NA
SAMN03197434	ID_8037456	SAMN03197434	Homo sapiens	roach2015	NA	NA	NA	NA	NA	NA	NA	NA	NA	NA	NA	NA	NA	NA	NA	NA	NA	NA	NA	NA	NA	NA	NA	NA	NA	NA	NA	NA	NA	NA	NA	NA	NA	NA	NA	NA	NA	NA	NA	NA	NA	NA	NA	NA	NA	NA	NA	NA	NA	NA	NA	NA	NA	NA	NA	NA	NA	NA	NA	NA	NA	NA	NA	NA	NA	NA	NA	NA	NA	NA	NA	NA	NA	NA	NA	NA	NA	NA	NA	NA	NA	NA	NA	NA	NA	NA	NA	NA	NA	NA	NA	NA	NA	NA	NA	NA	NA	NA	NA	NA	NA	NA	NA	NA	NA	NA	NA	NA	NA	NA	NA	NA	NA	NA	NA	NA	NA	NA	NA	NA	NA	NA	NA	NA	NA	NA	NA	NA	NA	NA	NA	NA	NA	NA	NA	NA	NA	NA	NA
SAMN03197444	ID_8423707	SAMN03197444	Homo sapiens	roach2015	NA	NA	1.0	S	NA	1.0	S	NA	NA	NA	NA	NA	NA	NA	NA	NA	NA	NA	NA	NA	NA	NA	NA	NA	NA	NA	>8.0	R	NA	4.0	S	NA	1.0	S	NA	NA	NA	NA	NA	NA	NA	NA	NA	NA	NA	NA	NA	NA	NA	NA	NA	NA	NA	NA	NA	NA	NA	NA	NA	NA	NA	NA	NA	NA	NA	NA	NA	NA	NA	NA	NA	NA	NA	NA	NA	NA	NA	NA	NA	NA	NA	NA	NA	NA	NA	NA	NA	NA	NA	NA	NA	NA	NA	NA	NA	NA	NA	NA	NA	NA	NA	NA	NA	NA	NA	NA	NA	NA	NA	NA	NA	NA	NA	NA	NA	NA	NA	NA	NA	NA	NA	NA	NA	NA	NA	NA	NA	NA	NA	NA	NA	NA	NA	NA	NA	NA	NA	NA	NA
SAMN03197445	ID_7521871	SAMN03197445	Homo sapiens	roach2015	NA	NA	NA	NA	NA	NA	NA	NA	NA	NA	NA	NA	NA	NA	NA	NA	NA	NA	NA	NA	NA	NA	NA	NA	NA	NA	NA	NA	NA	NA	NA	NA	NA	NA	NA	NA	NA	NA	NA	NA	NA	NA	NA	NA	NA	NA	NA	NA	NA	NA	NA	NA	NA	NA	NA	NA	NA	NA	NA	NA	NA	NA	NA	NA	NA	NA	NA	NA	NA	NA	NA	NA	NA	NA	NA	NA	NA	NA	NA	NA	NA	NA	NA	NA	NA	NA	NA	NA	NA	NA	NA	NA	NA	NA	NA	NA	NA	NA	NA	NA	NA	NA	NA	NA	NA	NA	NA	NA	NA	NA	NA	NA	NA	NA	NA	NA	NA	NA	NA	NA	NA	NA	NA	NA	NA	NA	NA	NA	NA	NA	NA	NA	NA	NA	NA	NA	NA	NA	NA
SAMN03197448	ID_1667596	SAMN03197448	Homo sapiens	roach2015	NA	NA	4.0	S	NA	1.0	S	NA	1.0	I	NA	NA	NA	NA	NA	NA	NA	NA	NA	NA	NA	NA	NA	NA	NA	NA	NA	NA	NA	4.0	S	NA	NA	NA	NA	NA	NA	NA	NA	NA	NA	NA	NA	NA	NA	NA	NA	NA	NA	NA	NA	NA	NA	NA	NA	NA	NA	NA	NA	NA	NA	NA	NA	NA	NA	NA	NA	NA	NA	NA	NA	NA	NA	NA	NA	NA	NA	NA	NA	NA	NA	NA	NA	NA	NA	NA	NA	NA	NA	NA	NA	NA	NA	NA	NA	NA	NA	NA	NA	NA	NA	NA	NA	NA	NA	NA	NA	NA	NA	NA	NA	NA	NA	NA	NA	NA	NA	NA	NA	NA	NA	NA	NA	NA	NA	NA	NA	NA	NA	NA	NA	NA	NA	NA	NA	NA	NA	NA	NA
SAMN03197452	ID_3760697	SAMN03197452	Homo sapiens	roach2015	NA	NA	1.5	S	NA	1.0	S	NA	NA	NA	NA	NA	NA	NA	NA	NA	NA	NA	NA	NA	NA	NA	NA	NA	NA	NA	>8.0	R	NA	4.0	S	NA	1.0	S	NA	NA	NA	NA	NA	NA	NA	NA	NA	NA	NA	NA	NA	NA	NA	NA	NA	NA	NA	NA	NA	NA	NA	NA	NA	NA	NA	NA	NA	NA	NA	NA	NA	NA	NA	NA	NA	NA	NA	NA	NA	NA	NA	NA	NA	NA	NA	NA	NA	NA	NA	NA	NA	NA	NA	NA	NA	NA	NA	NA	NA	NA	NA	NA	NA	NA	NA	NA	NA	NA	NA	NA	NA	NA	NA	NA	NA	NA	NA	NA	NA	NA	NA	NA	NA	NA	NA	NA	NA	NA	NA	NA	NA	NA	NA	NA	NA	NA	NA	NA	NA	NA	NA	NA	NA
SAMN03197579	ID_8154686	SAMN03197579	Homo sapiens	roach2015	NA	NA	NA	NA	NA	NA	NA	NA	NA	NA	NA	NA	NA	NA	NA	NA	NA	NA	NA	NA	NA	NA	NA	NA	NA	NA	NA	NA	NA	NA	NA	NA	NA	NA	NA	NA	NA	NA	NA	NA	NA	NA	NA	NA	NA	NA	NA	NA	NA	NA	NA	NA	NA	NA	NA	NA	NA	NA	NA	NA	NA	NA	NA	NA	NA	NA	NA	NA	NA	NA	NA	NA	NA	NA	NA	NA	NA	NA	NA	NA	NA	NA	NA	NA	NA	NA	NA	NA	NA	NA	NA	NA	NA	NA	NA	NA	NA	NA	NA	NA	NA	NA	NA	NA	NA	NA	NA	NA	NA	NA	NA	NA	NA	NA	NA	NA	NA	NA	NA	NA	NA	NA	NA	NA	NA	NA	NA	NA	NA	NA	NA	NA	NA	NA	NA	NA	NA	NA	NA
SAMN03197596	ID_5166967	SAMN03197596	Homo sapiens	roach2015	NA	NA	2.0	S	NA	1.0	S	NA	1.0	I	NA	NA	NA	NA	NA	NA	NA	NA	NA	NA	NA	NA	NA	NA	NA	NA	NA	NA	NA	4.0	S	NA	NA	NA	NA	NA	NA	NA	NA	NA	NA	NA	NA	NA	NA	NA	NA	NA	NA	NA	NA	NA	NA	NA	NA	NA	NA	NA	NA	NA	NA	NA	NA	NA	NA	NA	NA	NA	NA	NA	NA	NA	NA	NA	NA	NA	NA	NA	NA	NA	NA	NA	NA	NA	NA	NA	NA	NA	NA	NA	NA	NA	NA	NA	NA	NA	NA	NA	NA	NA	NA	NA	NA	NA	NA	NA	NA	NA	NA	NA	NA	NA	NA	NA	NA	NA	NA	NA	NA	NA	NA	NA	NA	NA	NA	NA	NA	NA	NA	NA	NA	NA	NA	NA	NA	NA	NA	NA	NA
SAMN03197603	ID_4223300	SAMN03197603	Homo sapiens	roach2015	NA	NA	NA	NA	NA	NA	NA	NA	NA	NA	NA	NA	NA	NA	NA	NA	NA	NA	NA	NA	NA	NA	NA	NA	NA	NA	NA	NA	NA	NA	NA	NA	NA	NA	NA	NA	NA	NA	NA	NA	NA	NA	NA	NA	NA	NA	NA	NA	NA	NA	NA	NA	NA	NA	NA	NA	NA	NA	NA	NA	NA	NA	NA	NA	NA	NA	NA	NA	NA	NA	NA	NA	NA	NA	NA	NA	NA	NA	NA	NA	NA	NA	NA	NA	NA	NA	NA	NA	NA	NA	NA	NA	NA	NA	NA	NA	NA	NA	NA	NA	NA	NA	NA	NA	NA	NA	NA	NA	NA	NA	NA	NA	NA	NA	NA	NA	NA	NA	NA	NA	NA	NA	NA	NA	NA	NA	NA	NA	NA	NA	NA	NA	NA	NA	NA	NA	NA	NA	NA
SAMN03197621	ID_1349403	SAMN03197621	Homo sapiens	roach2015	NA	NA	2.0	S	NA	1.0	S	NA	>4.0	R	NA	NA	NA	NA	NA	NA	NA	NA	NA	NA	NA	NA	NA	NA	NA	NA	NA	NA	NA	2.0	S	NA	NA	NA	NA	NA	NA	NA	NA	NA	NA	NA	NA	NA	NA	NA	NA	NA	NA	NA	NA	NA	NA	NA	NA	NA	NA	NA	NA	NA	NA	NA	NA	NA	NA	NA	NA	NA	NA	NA	NA	NA	NA	NA	NA	NA	NA	NA	NA	NA	NA	NA	NA	NA	NA	NA	NA	NA	NA	NA	NA	NA	NA	NA	NA	NA	NA	NA	NA	NA	NA	NA	NA	NA	NA	NA	NA	NA	NA	NA	NA	NA	NA	NA	NA	NA	NA	NA	NA	NA	NA	NA	NA	NA	NA	NA	NA	NA	NA	NA	NA	NA	NA	NA	NA	NA	NA	NA	NA
SAMN03197657	ID_1634860	SAMN03197657	Homo sapiens	roach2015	NA	NA	1.0	S	NA	1.0	S	NA	NA	NA	NA	NA	NA	NA	NA	NA	NA	NA	NA	NA	NA	NA	NA	NA	NA	NA	>8.0	R	NA	4.0	S	NA	<=0.5	S	NA	NA	NA	NA	NA	NA	NA	NA	NA	NA	NA	NA	NA	NA	NA	NA	NA	NA	NA	NA	NA	NA	NA	NA	NA	NA	NA	NA	NA	NA	NA	NA	NA	NA	NA	NA	NA	NA	NA	NA	NA	NA	NA	NA	NA	NA	NA	NA	NA	NA	NA	NA	NA	NA	NA	NA	NA	NA	NA	NA	NA	NA	NA	NA	NA	NA	NA	NA	NA	NA	NA	NA	NA	NA	NA	NA	NA	NA	NA	NA	NA	NA	NA	NA	NA	NA	NA	NA	NA	NA	NA	NA	NA	NA	NA	NA	NA	NA	NA	NA	NA	NA	NA	NA	NA
SAMN03197729	ID_4087490	SAMN03197729	Homo sapiens	roach2015	NA	NA	2.0	S	NA	1.0	S	NA	2.0	I	NA	NA	NA	NA	NA	NA	NA	NA	NA	NA	NA	NA	NA	NA	NA	NA	NA	NA	NA	4.0	S	NA	NA	NA	NA	NA	NA	NA	NA	NA	NA	NA	NA	NA	NA	NA	NA	NA	NA	NA	NA	NA	NA	NA	NA	NA	NA	NA	NA	NA	NA	NA	NA	NA	NA	NA	NA	NA	NA	NA	NA	NA	NA	NA	NA	NA	NA	NA	NA	NA	NA	NA	NA	NA	NA	NA	NA	NA	NA	NA	NA	NA	NA	NA	NA	NA	NA	NA	NA	NA	NA	NA	NA	NA	NA	NA	NA	NA	NA	NA	NA	NA	NA	NA	NA	NA	NA	NA	NA	NA	NA	NA	NA	NA	NA	NA	NA	NA	NA	NA	NA	NA	NA	NA	NA	NA	NA	NA	NA
SAMN03197755	ID_7614750	SAMN03197755	Homo sapiens	roach2015	NA	NA	NA	NA	NA	NA	NA	NA	NA	NA	NA	NA	NA	NA	NA	NA	NA	NA	NA	NA	NA	NA	NA	NA	NA	NA	NA	NA	NA	NA	NA	NA	NA	NA	NA	NA	NA	NA	NA	NA	NA	NA	NA	NA	NA	NA	NA	NA	NA	NA	NA	NA	NA	NA	NA	NA	NA	NA	NA	NA	NA	NA	NA	NA	NA	NA	NA	NA	NA	NA	NA	NA	NA	NA	NA	NA	NA	NA	NA	NA	NA	NA	NA	NA	NA	NA	NA	NA	NA	NA	NA	NA	NA	NA	NA	NA	NA	NA	NA	NA	NA	NA	NA	NA	NA	NA	NA	NA	NA	NA	NA	NA	NA	NA	NA	NA	NA	NA	NA	NA	NA	NA	NA	NA	NA	NA	NA	NA	NA	NA	NA	NA	NA	NA	NA	NA	NA	NA	NA
SAMN03197766	ID_3457855	SAMN03197766	Homo sapiens	roach2015	NA	NA	2.0	S	NA	1.0	S	NA	2.0	I	NA	NA	NA	NA	NA	NA	NA	NA	NA	NA	NA	NA	NA	NA	NA	NA	NA	NA	NA	4.0	S	NA	NA	NA	NA	NA	NA	NA	NA	NA	NA	NA	NA	NA	NA	NA	NA	NA	NA	NA	NA	NA	NA	NA	NA	NA	NA	NA	NA	NA	NA	NA	NA	NA	NA	NA	NA	NA	NA	NA	NA	NA	NA	NA	NA	NA	NA	NA	NA	NA	NA	NA	NA	NA	NA	NA	NA	NA	NA	NA	NA	NA	NA	NA	NA	NA	NA	NA	NA	NA	NA	NA	NA	NA	NA	NA	NA	NA	NA	NA	NA	NA	NA	NA	NA	NA	NA	NA	NA	NA	NA	NA	NA	NA	NA	NA	NA	NA	NA	NA	NA	NA	NA	NA	NA	NA	NA	NA	NA
SAMN03197767	ID_6699327	SAMN03197767	Homo sapiens	roach2015	NA	NA	2.0	S	NA	1.0	S	NA	2.0	I	NA	NA	NA	NA	NA	NA	NA	NA	NA	NA	NA	NA	NA	NA	NA	NA	NA	NA	NA	4.0	S	NA	NA	NA	NA	NA	NA	NA	NA	NA	NA	NA	NA	NA	NA	NA	NA	NA	NA	NA	NA	NA	NA	NA	NA	NA	NA	NA	NA	NA	NA	NA	NA	NA	NA	NA	NA	NA	NA	NA	NA	NA	NA	NA	NA	NA	NA	NA	NA	NA	NA	NA	NA	NA	NA	NA	NA	NA	NA	NA	NA	NA	NA	NA	NA	NA	NA	NA	NA	NA	NA	NA	NA	NA	NA	NA	NA	NA	NA	NA	NA	NA	NA	NA	NA	NA	NA	NA	NA	NA	NA	NA	NA	NA	NA	NA	NA	NA	NA	NA	NA	NA	NA	NA	NA	NA	NA	NA	NA
SAMN03197782	ID_4050355	SAMN03197782	Homo sapiens	roach2015	NA	NA	4.0	S	NA	2.0	S	NA	NA	NA	NA	NA	NA	NA	NA	NA	NA	NA	NA	NA	NA	NA	NA	NA	NA	NA	>8.0	R	NA	4.0	S	NA	2.0	S	NA	NA	NA	NA	NA	NA	NA	NA	NA	NA	NA	NA	NA	NA	NA	NA	NA	NA	NA	NA	NA	NA	NA	NA	NA	NA	NA	NA	NA	NA	NA	NA	NA	NA	NA	NA	NA	NA	NA	NA	NA	NA	NA	NA	NA	NA	NA	NA	NA	NA	NA	NA	NA	NA	NA	NA	NA	NA	NA	NA	NA	NA	NA	NA	NA	NA	NA	NA	NA	NA	NA	NA	NA	NA	NA	NA	NA	NA	NA	NA	NA	NA	NA	NA	NA	NA	NA	NA	NA	NA	NA	NA	NA	NA	NA	NA	NA	NA	NA	NA	NA	NA	NA	NA	NA
SAMN03197785	ID_7882150	SAMN03197785	Homo sapiens	roach2015	NA	NA	NA	NA	NA	NA	NA	NA	NA	NA	NA	NA	NA	NA	NA	NA	NA	NA	NA	NA	NA	NA	NA	NA	NA	NA	NA	NA	NA	NA	NA	NA	NA	NA	NA	NA	NA	NA	NA	NA	NA	NA	NA	NA	NA	NA	NA	NA	NA	NA	NA	NA	NA	NA	NA	NA	NA	NA	NA	NA	NA	NA	NA	NA	NA	NA	NA	NA	NA	NA	NA	NA	NA	NA	NA	NA	NA	NA	NA	NA	NA	NA	NA	NA	NA	NA	NA	NA	NA	NA	NA	NA	NA	NA	NA	NA	NA	NA	NA	NA	NA	NA	NA	NA	NA	NA	NA	NA	NA	NA	NA	NA	NA	NA	NA	NA	NA	NA	NA	NA	NA	NA	NA	NA	NA	NA	NA	NA	NA	NA	NA	NA	NA	NA	NA	NA	NA	NA	NA
SAMN03197801	ID_4208143	SAMN03197801	Homo sapiens	roach2015	NA	NA	1.0	S	NA	1.0	S	NA	NA	NA	NA	NA	NA	NA	NA	NA	NA	NA	NA	NA	NA	NA	NA	NA	NA	NA	>8.0	R	NA	4.0	S	NA	1.0	S	NA	NA	NA	NA	NA	NA	NA	NA	NA	NA	NA	NA	NA	NA	NA	NA	NA	NA	NA	NA	NA	NA	NA	NA	NA	NA	NA	NA	NA	NA	NA	NA	NA	NA	NA	NA	NA	NA	NA	NA	NA	NA	NA	NA	NA	NA	NA	NA	NA	NA	NA	NA	NA	NA	NA	NA	NA	NA	NA	NA	NA	NA	NA	NA	NA	NA	NA	NA	NA	NA	NA	NA	NA	NA	NA	NA	NA	NA	NA	NA	NA	NA	NA	NA	NA	NA	NA	NA	NA	NA	NA	NA	NA	NA	NA	NA	NA	NA	NA	NA	NA	NA	NA	NA	NA
SAMN03197802	ID_2349574	SAMN03197802	Homo sapiens	roach2015	NA	NA	2.0	S	NA	1.0	S	NA	1.0	I	NA	NA	NA	NA	NA	NA	NA	NA	NA	NA	NA	NA	NA	NA	NA	NA	NA	NA	NA	4.0	S	NA	NA	NA	NA	NA	NA	NA	NA	NA	NA	NA	NA	NA	NA	NA	NA	NA	NA	NA	NA	NA	NA	NA	NA	NA	NA	NA	NA	NA	NA	NA	NA	NA	NA	NA	NA	NA	NA	NA	NA	NA	NA	NA	NA	NA	NA	NA	NA	NA	NA	NA	NA	NA	NA	NA	NA	NA	NA	NA	NA	NA	NA	NA	NA	NA	NA	NA	NA	NA	NA	NA	NA	NA	NA	NA	NA	NA	NA	NA	NA	NA	NA	NA	NA	NA	NA	NA	NA	NA	NA	NA	NA	NA	NA	NA	NA	NA	NA	NA	NA	NA	NA	NA	NA	NA	NA	NA	NA
SAMN03197806	ID_6260079	SAMN03197806	Homo sapiens	roach2015	NA	NA	NA	NA	NA	NA	NA	NA	NA	NA	NA	NA	NA	NA	NA	NA	NA	NA	NA	NA	NA	NA	NA	NA	NA	NA	NA	NA	NA	NA	NA	NA	NA	NA	NA	NA	NA	NA	NA	NA	NA	NA	NA	NA	NA	NA	NA	NA	NA	NA	NA	NA	NA	NA	NA	NA	NA	NA	NA	NA	NA	NA	NA	NA	NA	NA	NA	NA	NA	NA	NA	NA	NA	NA	NA	NA	NA	NA	NA	NA	NA	NA	NA	NA	NA	NA	NA	NA	NA	NA	NA	NA	NA	NA	NA	NA	NA	NA	NA	NA	NA	NA	NA	NA	NA	NA	NA	NA	NA	NA	NA	NA	NA	NA	NA	NA	NA	NA	NA	NA	NA	NA	NA	NA	NA	NA	NA	NA	NA	NA	NA	NA	NA	NA	NA	NA	NA	NA	NA
SAMN03197811	ID_5368479	SAMN03197811	Homo sapiens	roach2015	NA	NA	1.0	S	NA	1.0	S	NA	>4.0	R	NA	NA	NA	NA	NA	NA	NA	NA	NA	NA	NA	NA	NA	NA	NA	NA	NA	NA	NA	4.0	S	NA	NA	NA	NA	NA	NA	NA	NA	NA	NA	NA	NA	NA	NA	NA	NA	NA	NA	NA	NA	NA	NA	NA	NA	NA	NA	NA	NA	NA	NA	NA	NA	NA	NA	NA	NA	NA	NA	NA	NA	NA	NA	NA	NA	NA	NA	NA	NA	NA	NA	NA	NA	NA	NA	NA	NA	NA	NA	NA	NA	NA	NA	NA	NA	NA	NA	NA	NA	NA	NA	NA	NA	NA	NA	NA	NA	NA	NA	NA	NA	NA	NA	NA	NA	NA	NA	NA	NA	NA	NA	NA	NA	NA	NA	NA	NA	NA	NA	NA	NA	NA	NA	NA	NA	NA	NA	NA	NA
SAMN03197821	ID_5521712	SAMN03197821	Homo sapiens	roach2015	NA	NA	NA	NA	NA	NA	NA	NA	NA	NA	NA	NA	NA	NA	NA	NA	NA	NA	NA	NA	NA	NA	NA	NA	NA	NA	NA	NA	NA	NA	NA	NA	NA	NA	NA	NA	NA	NA	NA	NA	NA	NA	NA	NA	NA	NA	NA	NA	NA	NA	NA	NA	NA	NA	NA	NA	NA	NA	NA	NA	NA	NA	NA	NA	NA	NA	NA	NA	NA	NA	NA	NA	NA	NA	NA	NA	NA	NA	NA	NA	NA	NA	NA	NA	NA	NA	NA	NA	NA	NA	NA	NA	NA	NA	NA	NA	NA	NA	NA	NA	NA	NA	NA	NA	NA	NA	NA	NA	NA	NA	NA	NA	NA	NA	NA	NA	NA	NA	NA	NA	NA	NA	NA	NA	NA	NA	NA	NA	NA	NA	NA	NA	NA	NA	NA	NA	NA	NA	NA
SAMN03197848	ID_1293092	SAMN03197848	Homo sapiens	roach2015	NA	NA	NA	NA	NA	NA	NA	NA	NA	NA	NA	NA	NA	NA	NA	NA	NA	NA	NA	NA	NA	NA	NA	NA	NA	NA	NA	NA	NA	NA	NA	NA	NA	NA	NA	NA	NA	NA	NA	NA	NA	NA	NA	NA	NA	NA	NA	NA	NA	NA	NA	NA	NA	NA	NA	NA	NA	NA	NA	NA	NA	NA	NA	NA	NA	NA	NA	NA	NA	NA	NA	NA	NA	NA	NA	NA	NA	NA	NA	NA	NA	NA	NA	NA	NA	NA	NA	NA	NA	NA	NA	NA	NA	NA	NA	NA	NA	NA	NA	NA	NA	NA	NA	NA	NA	NA	NA	NA	NA	NA	NA	NA	NA	NA	NA	NA	NA	NA	NA	NA	NA	NA	NA	NA	NA	NA	NA	NA	NA	NA	NA	NA	NA	NA	NA	NA	NA	NA	NA
SAMN03197867	ID_7143463	SAMN03197867	Homo sapiens	roach2015	NA	NA	NA	NA	NA	NA	NA	NA	NA	NA	NA	NA	NA	NA	NA	NA	NA	NA	NA	NA	NA	NA	NA	NA	NA	NA	NA	NA	NA	NA	NA	NA	NA	NA	NA	NA	NA	NA	NA	NA	NA	NA	NA	NA	NA	NA	NA	NA	NA	NA	NA	NA	NA	NA	NA	NA	NA	NA	NA	NA	NA	NA	NA	NA	NA	NA	NA	NA	NA	NA	NA	NA	NA	NA	NA	NA	NA	NA	NA	NA	NA	NA	NA	NA	NA	NA	NA	NA	NA	NA	NA	NA	NA	NA	NA	NA	NA	NA	NA	NA	NA	NA	NA	NA	NA	NA	NA	NA	NA	NA	NA	NA	NA	NA	NA	NA	NA	NA	NA	NA	NA	NA	NA	NA	NA	NA	NA	NA	NA	NA	NA	NA	NA	NA	NA	NA	NA	NA	NA
SAMN03197871	ID_5728283	SAMN03197871	Homo sapiens	roach2015	NA	NA	NA	NA	NA	NA	NA	NA	NA	NA	NA	NA	NA	NA	NA	NA	NA	NA	NA	NA	NA	NA	NA	NA	NA	NA	NA	NA	NA	NA	NA	NA	NA	NA	NA	NA	NA	NA	NA	NA	NA	NA	NA	NA	NA	NA	NA	NA	NA	NA	NA	NA	NA	NA	NA	NA	NA	NA	NA	NA	NA	NA	NA	NA	NA	NA	NA	NA	NA	NA	NA	NA	NA	NA	NA	NA	NA	NA	NA	NA	NA	NA	NA	NA	NA	NA	NA	NA	NA	NA	NA	NA	NA	NA	NA	NA	NA	NA	NA	NA	NA	NA	NA	NA	NA	NA	NA	NA	NA	NA	NA	NA	NA	NA	NA	NA	NA	NA	NA	NA	NA	NA	NA	NA	NA	NA	NA	NA	NA	NA	NA	NA	NA	NA	NA	NA	NA	NA	NA
SAMN03197873	ID_1910712	SAMN03197873	Homo sapiens	roach2015	NA	NA	NA	NA	NA	NA	NA	NA	NA	NA	NA	NA	NA	NA	NA	NA	NA	NA	NA	NA	NA	NA	NA	NA	NA	NA	NA	NA	NA	NA	NA	NA	NA	NA	NA	NA	NA	NA	NA	NA	NA	NA	NA	NA	NA	NA	NA	NA	NA	NA	NA	NA	NA	NA	NA	NA	NA	NA	NA	NA	NA	NA	NA	NA	NA	NA	NA	NA	NA	NA	NA	NA	NA	NA	NA	NA	NA	NA	NA	NA	NA	NA	NA	NA	NA	NA	NA	NA	NA	NA	NA	NA	NA	NA	NA	NA	NA	NA	NA	NA	NA	NA	NA	NA	NA	NA	NA	NA	NA	NA	NA	NA	NA	NA	NA	NA	NA	NA	NA	NA	NA	NA	NA	NA	NA	NA	NA	NA	NA	NA	NA	NA	NA	NA	NA	NA	NA	NA	NA
SAMN03197881	ID_5772743	SAMN03197881	Homo sapiens	roach2015	NA	NA	NA	NA	NA	NA	NA	NA	NA	NA	NA	NA	NA	NA	NA	NA	NA	NA	NA	NA	NA	NA	NA	NA	NA	NA	NA	NA	NA	NA	NA	NA	NA	NA	NA	NA	NA	NA	NA	NA	NA	NA	NA	NA	NA	NA	NA	NA	NA	NA	NA	NA	NA	NA	NA	NA	NA	NA	NA	NA	NA	NA	NA	NA	NA	NA	NA	NA	NA	NA	NA	NA	NA	NA	NA	NA	NA	NA	NA	NA	NA	NA	NA	NA	NA	NA	NA	NA	NA	NA	NA	NA	NA	NA	NA	NA	NA	NA	NA	NA	NA	NA	NA	NA	NA	NA	NA	NA	NA	NA	NA	NA	NA	NA	NA	NA	NA	NA	NA	NA	NA	NA	NA	NA	NA	NA	NA	NA	NA	NA	NA	NA	NA	NA	NA	NA	NA	NA	NA
SAMN03197890	ID_4068463	SAMN03197890	Homo sapiens	roach2015	NA	NA	NA	NA	NA	NA	NA	NA	NA	NA	NA	NA	NA	NA	NA	NA	NA	NA	NA	NA	NA	NA	NA	NA	NA	NA	NA	NA	NA	NA	NA	NA	NA	NA	NA	NA	NA	NA	NA	NA	NA	NA	NA	NA	NA	NA	NA	NA	NA	NA	NA	NA	NA	NA	NA	NA	NA	NA	NA	NA	NA	NA	NA	NA	NA	NA	NA	NA	NA	NA	NA	NA	NA	NA	NA	NA	NA	NA	NA	NA	NA	NA	NA	NA	NA	NA	NA	NA	NA	NA	NA	NA	NA	NA	NA	NA	NA	NA	NA	NA	NA	NA	NA	NA	NA	NA	NA	NA	NA	NA	NA	NA	NA	NA	NA	NA	NA	NA	NA	NA	NA	NA	NA	NA	NA	NA	NA	NA	NA	NA	NA	NA	NA	NA	NA	NA	NA	NA	NA
SAMN03197908	ID_7579306	SAMN03197908	Homo sapiens	roach2015	NA	NA	2.0	S	NA	1.0	S	NA	NA	NA	NA	NA	NA	NA	NA	NA	NA	NA	NA	NA	NA	NA	NA	NA	NA	NA	>8.0	R	NA	<=2.0	S	NA	1.0	S	NA	NA	NA	NA	NA	NA	NA	NA	NA	NA	NA	NA	NA	NA	NA	NA	NA	NA	NA	NA	NA	NA	NA	NA	NA	NA	NA	NA	NA	NA	NA	NA	NA	NA	NA	NA	NA	NA	NA	NA	NA	NA	NA	NA	NA	NA	NA	NA	NA	NA	NA	NA	NA	NA	NA	NA	NA	NA	NA	NA	NA	NA	NA	NA	NA	NA	NA	NA	NA	NA	NA	NA	NA	NA	NA	NA	NA	NA	NA	NA	NA	NA	NA	NA	NA	NA	NA	NA	NA	NA	NA	NA	NA	NA	NA	NA	NA	NA	NA	NA	NA	NA	NA	NA	NA
SAMN03197914	ID_8882343	SAMN03197914	Homo sapiens	roach2015	NA	NA	1.5	S	NA	1.0	S	NA	NA	NA	NA	NA	NA	NA	NA	NA	NA	NA	NA	NA	NA	NA	NA	NA	NA	NA	>8.0	R	NA	4.0	S	NA	1.0	S	NA	NA	NA	NA	NA	NA	NA	NA	NA	NA	NA	NA	NA	NA	NA	NA	NA	NA	NA	NA	NA	NA	NA	NA	NA	NA	NA	NA	NA	NA	NA	NA	NA	NA	NA	NA	NA	NA	NA	NA	NA	NA	NA	NA	NA	NA	NA	NA	NA	NA	NA	NA	NA	NA	NA	NA	NA	NA	NA	NA	NA	NA	NA	NA	NA	NA	NA	NA	NA	NA	NA	NA	NA	NA	NA	NA	NA	NA	NA	NA	NA	NA	NA	NA	NA	NA	NA	NA	NA	NA	NA	NA	NA	NA	NA	NA	NA	NA	NA	NA	NA	NA	NA	NA	NA
SAMN03197929	ID_2404327	SAMN03197929	Homo sapiens	roach2015	NA	NA	2.0	S	NA	1.0	S	NA	NA	NA	NA	NA	NA	NA	NA	NA	NA	NA	NA	NA	NA	NA	NA	NA	NA	NA	<=2.0	S	NA	4.0	S	NA	1.0	S	NA	NA	NA	NA	NA	NA	NA	NA	NA	NA	NA	NA	NA	NA	NA	NA	NA	NA	NA	NA	NA	NA	NA	NA	NA	NA	NA	NA	NA	NA	NA	NA	NA	NA	NA	NA	NA	NA	NA	NA	NA	NA	NA	NA	NA	NA	NA	NA	NA	NA	NA	NA	NA	NA	NA	NA	NA	NA	NA	NA	NA	NA	NA	NA	NA	NA	NA	NA	NA	NA	NA	NA	NA	NA	NA	NA	NA	NA	NA	NA	NA	NA	NA	NA	NA	NA	NA	NA	NA	NA	NA	NA	NA	NA	NA	NA	NA	NA	NA	NA	NA	NA	NA	NA	NA
SAMN03197937	ID_6964764	SAMN03197937	Homo sapiens	roach2015	NA	NA	1.0	S	NA	1.0	S	NA	NA	NA	NA	NA	NA	NA	NA	NA	NA	NA	NA	NA	NA	NA	NA	NA	NA	NA	>8.0	R	NA	4.0	S	NA	1.0	S	NA	NA	NA	NA	NA	NA	NA	NA	NA	NA	NA	NA	NA	NA	NA	NA	NA	NA	NA	NA	NA	NA	NA	NA	NA	NA	NA	NA	NA	NA	NA	NA	NA	NA	NA	NA	NA	NA	NA	NA	NA	NA	NA	NA	NA	NA	NA	NA	NA	NA	NA	NA	NA	NA	NA	NA	NA	NA	NA	NA	NA	NA	NA	NA	NA	NA	NA	NA	NA	NA	NA	NA	NA	NA	NA	NA	NA	NA	NA	NA	NA	NA	NA	NA	NA	NA	NA	NA	NA	NA	NA	NA	NA	NA	NA	NA	NA	NA	NA	NA	NA	NA	NA	NA	NA
SAMN03197944	ID_4002614	SAMN03197944	Homo sapiens	roach2015	NA	NA	NA	NA	NA	NA	NA	NA	NA	NA	NA	NA	NA	NA	NA	NA	NA	NA	NA	NA	NA	NA	NA	NA	NA	NA	NA	NA	NA	NA	NA	NA	NA	NA	NA	NA	NA	NA	NA	NA	NA	NA	NA	NA	NA	NA	NA	NA	NA	NA	NA	NA	NA	NA	NA	NA	NA	NA	NA	NA	NA	NA	NA	NA	NA	NA	NA	NA	NA	NA	NA	NA	NA	NA	NA	NA	NA	NA	NA	NA	NA	NA	NA	NA	NA	NA	NA	NA	NA	NA	NA	NA	NA	NA	NA	NA	NA	NA	NA	NA	NA	NA	NA	NA	NA	NA	NA	NA	NA	NA	NA	NA	NA	NA	NA	NA	NA	NA	NA	NA	NA	NA	NA	NA	NA	NA	NA	NA	NA	NA	NA	NA	NA	NA	NA	NA	NA	NA	NA
SAMN03197958	ID_3881416	SAMN03197958	Homo sapiens	roach2015	NA	NA	NA	NA	NA	NA	NA	NA	NA	NA	NA	NA	NA	NA	NA	NA	NA	NA	NA	NA	NA	NA	NA	NA	NA	NA	NA	NA	NA	NA	NA	NA	NA	NA	NA	NA	NA	NA	NA	NA	NA	NA	NA	NA	NA	NA	NA	NA	NA	NA	NA	NA	NA	NA	NA	NA	NA	NA	NA	NA	NA	NA	NA	NA	NA	NA	NA	NA	NA	NA	NA	NA	NA	NA	NA	NA	NA	NA	NA	NA	NA	NA	NA	NA	NA	NA	NA	NA	NA	NA	NA	NA	NA	NA	NA	NA	NA	NA	NA	NA	NA	NA	NA	NA	NA	NA	NA	NA	NA	NA	NA	NA	NA	NA	NA	NA	NA	NA	NA	NA	NA	NA	NA	NA	NA	NA	NA	NA	NA	NA	NA	NA	NA	NA	NA	NA	NA	NA	NA
SAMN03197961	ID_1124417	SAMN03197961	Homo sapiens	roach2015	NA	NA	1.0	S	NA	1.0	S	NA	NA	NA	NA	NA	NA	NA	NA	NA	NA	NA	NA	NA	NA	NA	NA	NA	NA	NA	>8.0	R	NA	<=2.0	S	NA	1.0	S	NA	NA	NA	NA	NA	NA	NA	NA	NA	NA	NA	NA	NA	NA	NA	NA	NA	NA	NA	NA	NA	NA	NA	NA	NA	NA	NA	NA	NA	NA	NA	NA	NA	NA	NA	NA	NA	NA	NA	NA	NA	NA	NA	NA	NA	NA	NA	NA	NA	NA	NA	NA	NA	NA	NA	NA	NA	NA	NA	NA	NA	NA	NA	NA	NA	NA	NA	NA	NA	NA	NA	NA	NA	NA	NA	NA	NA	NA	NA	NA	NA	NA	NA	NA	NA	NA	NA	NA	NA	NA	NA	NA	NA	NA	NA	NA	NA	NA	NA	NA	NA	NA	NA	NA	NA
SAMN03198072	ID_2822704	SAMN03198072	Homo sapiens	roach2015	NA	NA	1.0	S	NA	1.0	S	NA	NA	NA	NA	NA	NA	NA	NA	NA	NA	NA	NA	NA	NA	NA	NA	NA	NA	NA	>8.0	R	NA	4.0	S	NA	1.0	S	NA	NA	NA	NA	NA	NA	NA	NA	NA	NA	NA	NA	NA	NA	NA	NA	NA	NA	NA	NA	NA	NA	NA	NA	NA	NA	NA	NA	NA	NA	NA	NA	NA	NA	NA	NA	NA	NA	NA	NA	NA	NA	NA	NA	NA	NA	NA	NA	NA	NA	NA	NA	NA	NA	NA	NA	NA	NA	NA	NA	NA	NA	NA	NA	NA	NA	NA	NA	NA	NA	NA	NA	NA	NA	NA	NA	NA	NA	NA	NA	NA	NA	NA	NA	NA	NA	NA	NA	NA	NA	NA	NA	NA	NA	NA	NA	NA	NA	NA	NA	NA	NA	NA	NA	NA
SAMN03198083	ID_1241485	SAMN03198083	Homo sapiens	roach2015	NA	NA	NA	NA	NA	NA	NA	NA	NA	NA	NA	NA	NA	NA	NA	NA	NA	NA	NA	NA	NA	NA	NA	NA	NA	NA	NA	NA	NA	NA	NA	NA	NA	NA	NA	NA	NA	NA	NA	NA	NA	NA	NA	NA	NA	NA	NA	NA	NA	NA	NA	NA	NA	NA	NA	NA	NA	NA	NA	NA	NA	NA	NA	NA	NA	NA	NA	NA	NA	NA	NA	NA	NA	NA	NA	NA	NA	NA	NA	NA	NA	NA	NA	NA	NA	NA	NA	NA	NA	NA	NA	NA	NA	NA	NA	NA	NA	NA	NA	NA	NA	NA	NA	NA	NA	NA	NA	NA	NA	NA	NA	NA	NA	NA	NA	NA	NA	NA	NA	NA	NA	NA	NA	NA	NA	NA	NA	NA	NA	NA	NA	NA	NA	NA	NA	NA	NA	NA	NA
SAMN03198085	ID_6458637	SAMN03198085	Homo sapiens	roach2015	NA	NA	NA	NA	NA	NA	NA	NA	NA	NA	NA	NA	NA	NA	NA	NA	NA	NA	NA	NA	NA	NA	NA	NA	NA	NA	NA	NA	NA	NA	NA	NA	NA	NA	NA	NA	NA	NA	NA	NA	NA	NA	NA	NA	NA	NA	NA	NA	NA	NA	NA	NA	NA	NA	NA	NA	NA	NA	NA	NA	NA	NA	NA	NA	NA	NA	NA	NA	NA	NA	NA	NA	NA	NA	NA	NA	NA	NA	NA	NA	NA	NA	NA	NA	NA	NA	NA	NA	NA	NA	NA	NA	NA	NA	NA	NA	NA	NA	NA	NA	NA	NA	NA	NA	NA	NA	NA	NA	NA	NA	NA	NA	NA	NA	NA	NA	NA	NA	NA	NA	NA	NA	NA	NA	NA	NA	NA	NA	NA	NA	NA	NA	NA	NA	NA	NA	NA	NA	NA
SAMN03198111	ID_3619381	SAMN03198111	Homo sapiens	roach2015	NA	NA	1.0	S	NA	1.0	S	NA	NA	NA	NA	NA	NA	NA	NA	NA	NA	NA	NA	NA	NA	NA	NA	NA	NA	NA	>8.0	R	NA	4.0	S	NA	1.0	S	NA	NA	NA	NA	NA	NA	NA	NA	NA	NA	NA	NA	NA	NA	NA	NA	NA	NA	NA	NA	NA	NA	NA	NA	NA	NA	NA	NA	NA	NA	NA	NA	NA	NA	NA	NA	NA	NA	NA	NA	NA	NA	NA	NA	NA	NA	NA	NA	NA	NA	NA	NA	NA	NA	NA	NA	NA	NA	NA	NA	NA	NA	NA	NA	NA	NA	NA	NA	NA	NA	NA	NA	NA	NA	NA	NA	NA	NA	NA	NA	NA	NA	NA	NA	NA	NA	NA	NA	NA	NA	NA	NA	NA	NA	NA	NA	NA	NA	NA	NA	NA	NA	NA	NA	NA
SAMN03198112	ID_3431836	SAMN03198112	Homo sapiens	roach2015	NA	NA	1.0	S	NA	1.0	S	NA	NA	NA	NA	NA	NA	NA	NA	NA	NA	NA	NA	NA	NA	NA	NA	NA	NA	NA	>8.0	R	NA	4.0	S	NA	2.0	S	NA	NA	NA	NA	NA	NA	NA	NA	NA	NA	NA	NA	NA	NA	NA	NA	NA	NA	NA	NA	NA	NA	NA	NA	NA	NA	NA	NA	NA	NA	NA	NA	NA	NA	NA	NA	NA	NA	NA	NA	NA	NA	NA	NA	NA	NA	NA	NA	NA	NA	NA	NA	NA	NA	NA	NA	NA	NA	NA	NA	NA	NA	NA	NA	NA	NA	NA	NA	NA	NA	NA	NA	NA	NA	NA	NA	NA	NA	NA	NA	NA	NA	NA	NA	NA	NA	NA	NA	NA	NA	NA	NA	NA	NA	NA	NA	NA	NA	NA	NA	NA	NA	NA	NA	NA
SAMN03198139	ID_3930172	SAMN03198139	Homo sapiens	roach2015	S	NA	1.0	S	NA	NA	NA	NA	>4.0	R	NA	NA	NA	NA	NA	NA	NA	NA	NA	NA	NA	NA	NA	NA	NA	NA	<=2.0	S	NA	NA	NA	NA	<=0.5	S	NA	NA	NA	NA	NA	NA	NA	NA	NA	NA	NA	NA	NA	NA	NA	NA	NA	NA	NA	NA	NA	<=0.25	NA	NA	<=0.25	S	NA	NA	NA	NA	<=0.5	S	NA	NA	NA	NA	NA	NA	NA	NA	NA	NA	NA	NA	NA	NA	NA	NA	<=0.25	S	NA	<=2.0	S	NA	NA	NA	NA	NA	NA	NA	NA	NA	NA	NA	NA	NA	NA	NA	NA	NA	NA	NA	NA	NA	NA	NA	NA	NA	NA	NA	NA	NA	NA	NA	NA	NA	NA	NA	NA	NA	NA	NA	NA	NA	NA	NA	NA	NA	NA	NA	NA	NA	NA	NA	NA
SAMN03198141	ID_1816530	SAMN03198141	Homo sapiens	roach2015	NA	NA	1.0	S	NA	2.0	S	NA	>4.0	R	NA	NA	NA	NA	NA	NA	NA	NA	NA	NA	NA	NA	NA	NA	NA	NA	NA	NA	NA	8.0	S	NA	NA	NA	NA	NA	NA	NA	NA	NA	NA	NA	NA	NA	NA	NA	NA	NA	NA	NA	NA	NA	NA	NA	NA	NA	NA	NA	NA	NA	NA	NA	NA	NA	NA	NA	NA	NA	NA	NA	NA	NA	NA	NA	NA	NA	NA	NA	NA	NA	NA	NA	NA	NA	NA	NA	NA	NA	NA	NA	NA	NA	NA	NA	NA	NA	NA	NA	NA	NA	NA	NA	NA	NA	NA	NA	NA	NA	NA	NA	NA	NA	NA	NA	NA	NA	NA	NA	NA	NA	NA	NA	>32	R	NA	NA	NA	NA	NA	NA	NA	NA	NA	NA	NA	NA	NA	NA	NA
SAMN03198168	ID_2593775	SAMN03198168	Homo sapiens	roach2015	NA	NA	4.0	S	NA	1.0	S	NA	NA	NA	NA	NA	NA	NA	NA	NA	NA	NA	NA	NA	NA	NA	NA	NA	NA	NA	>8.0	R	NA	<=2.0	S	NA	1.0	S	NA	NA	NA	NA	NA	NA	NA	NA	NA	NA	NA	NA	NA	NA	NA	NA	NA	NA	NA	NA	NA	NA	NA	NA	NA	NA	NA	NA	NA	NA	NA	NA	NA	NA	NA	NA	NA	NA	NA	NA	NA	NA	NA	NA	NA	NA	NA	NA	NA	NA	NA	NA	NA	NA	NA	NA	NA	NA	NA	NA	NA	NA	NA	NA	NA	NA	NA	NA	NA	NA	NA	NA	NA	NA	NA	NA	NA	NA	NA	NA	NA	NA	NA	NA	NA	NA	NA	NA	NA	NA	NA	NA	NA	NA	NA	NA	NA	NA	NA	NA	NA	NA	NA	NA	NA
SAMN03198169	ID_7301224	SAMN03198169	Homo sapiens	roach2015	NA	NA	NA	NA	NA	NA	NA	NA	NA	NA	NA	NA	NA	NA	NA	NA	NA	NA	NA	NA	NA	NA	NA	NA	NA	NA	NA	NA	NA	NA	NA	NA	NA	NA	NA	NA	NA	NA	NA	NA	NA	NA	NA	NA	NA	NA	NA	NA	NA	NA	NA	NA	NA	NA	NA	NA	NA	NA	NA	NA	NA	NA	NA	NA	NA	NA	NA	NA	NA	NA	NA	NA	NA	NA	NA	NA	NA	NA	NA	NA	NA	NA	NA	NA	NA	NA	NA	NA	NA	NA	NA	NA	NA	NA	NA	NA	NA	NA	NA	NA	NA	NA	NA	NA	NA	NA	NA	NA	NA	NA	NA	NA	NA	NA	NA	NA	NA	NA	NA	NA	NA	NA	NA	NA	NA	NA	NA	NA	NA	NA	NA	NA	NA	NA	NA	NA	NA	NA	NA
SAMN03198204	ID_6681884	SAMN03198204	Homo sapiens	roach2015	NA	NA	1.0	S	NA	1.0	S	NA	NA	NA	NA	NA	NA	NA	NA	NA	NA	NA	NA	NA	NA	NA	NA	NA	NA	NA	>8.0	R	NA	4.0	S	NA	2.0	S	NA	NA	NA	NA	NA	NA	NA	NA	NA	NA	NA	NA	NA	NA	NA	NA	NA	NA	NA	NA	NA	NA	NA	NA	NA	NA	NA	NA	NA	NA	NA	NA	NA	NA	NA	NA	NA	NA	NA	NA	NA	NA	NA	NA	NA	NA	NA	NA	NA	NA	NA	NA	NA	NA	NA	NA	NA	NA	NA	NA	NA	NA	NA	NA	NA	NA	NA	NA	NA	NA	NA	NA	NA	NA	NA	NA	NA	NA	NA	NA	NA	NA	NA	NA	NA	NA	NA	NA	NA	NA	NA	NA	NA	NA	NA	NA	NA	NA	NA	NA	NA	NA	NA	NA	NA
SAMN07981901	ID_6544871	SAMN07981901	NA	tyson2018	S	broth_microdilution_CLSI	2.0	S	broth_microdilution_CLSI	NA	NA	NA	>8.0	R	broth_microdilution_CLSI	2.0	S	broth_microdilution_CLSI	0.25	S	broth_microdilution_CLSI	NA	NA	NA	<=512	S	broth_microdilution_CLSI	4.0	S	broth_microdilution_CLSI	>32.0	R	broth_microdilution_CLSI	4.0	S	broth_microdilution_CLSI	NA	NA	NA	16.0	R	broth_microdilution_CLSI	>32.0	R	broth_microdilution_CLSI	NA	NA	NA	R	broth_microdilution_CLSI	16.0	S	broth_microdilution_CLSI	NA	NA	NA	NA	NA	NA	NA	NA	NA	NA	NA	NA	NA	NA	NA	NA	NA	NA	NA	NA	NA	NA	NA	NA	2.0	S	broth_microdilution_CLSI	NA	NA	NA	>32.0	R	broth_microdilution_CLSI	NA	NA	NA	NA	NA	NA	NA	NA	NA	NA	NA	NA	NA	NA	NA	NA	NA	NA	NA	NA	NA	NA	NA	NA	NA	NA	NA	NA	NA	NA	NA	NA	NA	NA	NA	NA	NA	NA	NA	NA	NA	NA	NA	NA	NA	NA	NA	NA	NA	NA	NA	NA	NA	NA	NA	NA	NA
SAMN07981903	ID_1720434	SAMN07981903	NA	tyson2018	S	broth_microdilution_CLSI	1.0	S	broth_microdilution_CLSI	NA	NA	NA	1.0	S	broth_microdilution_CLSI	2.0	S	broth_microdilution_CLSI	0.25	S	broth_microdilution_CLSI	NA	NA	NA	<=512	S	broth_microdilution_CLSI	1.0	S	broth_microdilution_CLSI	<=1.0	S	broth_microdilution_CLSI	4.0	S	broth_microdilution_CLSI	NA	NA	NA	8.0	R	broth_microdilution_CLSI	8.0	S	broth_microdilution_CLSI	NA	NA	NA	S	broth_microdilution_CLSI	16.0	S	broth_microdilution_CLSI	NA	NA	NA	NA	NA	NA	NA	NA	NA	NA	NA	NA	NA	NA	NA	NA	NA	NA	NA	NA	NA	NA	NA	NA	2.0	S	broth_microdilution_CLSI	NA	NA	NA	2.0	S	broth_microdilution_CLSI	NA	NA	NA	NA	NA	NA	NA	NA	NA	NA	NA	NA	NA	NA	NA	NA	NA	NA	NA	NA	NA	NA	NA	NA	NA	NA	NA	NA	NA	NA	NA	NA	NA	NA	NA	NA	NA	NA	NA	NA	NA	NA	NA	NA	NA	NA	NA	NA	NA	NA	NA	NA	NA	NA	NA	NA	NA
SAMN07981904	ID_1660985	SAMN07981904	NA	tyson2018	S	broth_microdilution_CLSI	1.0	S	broth_microdilution_CLSI	NA	NA	NA	<=0.25	S	broth_microdilution_CLSI	2.0	S	broth_microdilution_CLSI	0.25	S	broth_microdilution_CLSI	NA	NA	NA	<=512	S	broth_microdilution_CLSI	1.0	S	broth_microdilution_CLSI	<=1.0	S	broth_microdilution_CLSI	2.0	S	broth_microdilution_CLSI	NA	NA	NA	8.0	R	broth_microdilution_CLSI	8.0	S	broth_microdilution_CLSI	NA	NA	NA	S	broth_microdilution_CLSI	16.0	S	broth_microdilution_CLSI	NA	NA	NA	NA	NA	NA	NA	NA	NA	NA	NA	NA	NA	NA	NA	NA	NA	NA	NA	NA	NA	NA	NA	NA	1.0	S	broth_microdilution_CLSI	NA	NA	NA	2.0	S	broth_microdilution_CLSI	NA	NA	NA	NA	NA	NA	NA	NA	NA	NA	NA	NA	NA	NA	NA	NA	NA	NA	NA	NA	NA	NA	NA	NA	NA	NA	NA	NA	NA	NA	NA	NA	NA	NA	NA	NA	NA	NA	NA	NA	NA	NA	NA	NA	NA	NA	NA	NA	NA	NA	NA	NA	NA	NA	NA	NA	NA
SAMN07981905	ID_3788224	SAMN07981905	NA	tyson2018	S	broth_microdilution_CLSI	2.0	S	broth_microdilution_CLSI	NA	NA	NA	>8.0	R	broth_microdilution_CLSI	1.0	S	broth_microdilution_CLSI	0.12	S	broth_microdilution_CLSI	NA	NA	NA	>2048	R	broth_microdilution_CLSI	4.0	S	broth_microdilution_CLSI	>32.0	R	broth_microdilution_CLSI	4.0	S	broth_microdilution_CLSI	NA	NA	NA	32.0	R	broth_microdilution_CLSI	>32.0	R	broth_microdilution_CLSI	NA	NA	NA	R	broth_microdilution_CLSI	8.0	S	broth_microdilution_CLSI	NA	NA	NA	NA	NA	NA	NA	NA	NA	NA	NA	NA	NA	NA	NA	NA	NA	NA	NA	NA	NA	NA	NA	NA	2.0	S	broth_microdilution_CLSI	NA	NA	NA	>32.0	R	broth_microdilution_CLSI	NA	NA	NA	NA	NA	NA	NA	NA	NA	NA	NA	NA	NA	NA	NA	NA	NA	NA	NA	NA	NA	NA	NA	NA	NA	NA	NA	NA	NA	NA	NA	NA	NA	NA	NA	NA	NA	NA	NA	NA	NA	NA	NA	NA	NA	NA	NA	NA	NA	NA	NA	NA	NA	NA	NA	NA	NA
SAMN07981906	ID_5096602	SAMN07981906	NA	tyson2018	S	broth_microdilution_CLSI	1.0	S	broth_microdilution_CLSI	NA	NA	NA	1.0	S	broth_microdilution_CLSI	2.0	S	broth_microdilution_CLSI	0.12	S	broth_microdilution_CLSI	NA	NA	NA	<=512	S	broth_microdilution_CLSI	2.0	S	broth_microdilution_CLSI	<=1.0	S	broth_microdilution_CLSI	4.0	S	broth_microdilution_CLSI	NA	NA	NA	8.0	R	broth_microdilution_CLSI	8.0	S	broth_microdilution_CLSI	NA	NA	NA	S	broth_microdilution_CLSI	8.0	S	broth_microdilution_CLSI	NA	NA	NA	NA	NA	NA	NA	NA	NA	NA	NA	NA	NA	NA	NA	NA	NA	NA	NA	NA	NA	NA	NA	NA	4.0	S	broth_microdilution_CLSI	NA	NA	NA	2.0	S	broth_microdilution_CLSI	NA	NA	NA	NA	NA	NA	NA	NA	NA	NA	NA	NA	NA	NA	NA	NA	NA	NA	NA	NA	NA	NA	NA	NA	NA	NA	NA	NA	NA	NA	NA	NA	NA	NA	NA	NA	NA	NA	NA	NA	NA	NA	NA	NA	NA	NA	NA	NA	NA	NA	NA	NA	NA	NA	NA	NA	NA
SAMN07981907	ID_3853051	SAMN07981907	NA	tyson2018	S	broth_microdilution_CLSI	1.0	S	broth_microdilution_CLSI	NA	NA	NA	1.0	S	broth_microdilution_CLSI	2.0	S	broth_microdilution_CLSI	0.25	S	broth_microdilution_CLSI	NA	NA	NA	<=512	S	broth_microdilution_CLSI	2.0	S	broth_microdilution_CLSI	<=1.0	S	broth_microdilution_CLSI	4.0	S	broth_microdilution_CLSI	NA	NA	NA	16.0	R	broth_microdilution_CLSI	8.0	S	broth_microdilution_CLSI	NA	NA	NA	S	broth_microdilution_CLSI	16.0	S	broth_microdilution_CLSI	NA	NA	NA	NA	NA	NA	NA	NA	NA	NA	NA	NA	NA	NA	NA	NA	NA	NA	NA	NA	NA	NA	NA	NA	4.0	S	broth_microdilution_CLSI	NA	NA	NA	2.0	S	broth_microdilution_CLSI	NA	NA	NA	NA	NA	NA	NA	NA	NA	NA	NA	NA	NA	NA	NA	NA	NA	NA	NA	NA	NA	NA	NA	NA	NA	NA	NA	NA	NA	NA	NA	NA	NA	NA	NA	NA	NA	NA	NA	NA	NA	NA	NA	NA	NA	NA	NA	NA	NA	NA	NA	NA	NA	NA	NA	NA	NA
SAMN07981911	ID_6239923	SAMN07981911	NA	tyson2018	R	broth_microdilution_CLSI	1.0	S	broth_microdilution_CLSI	NA	NA	NA	>8.0	R	broth_microdilution_CLSI	1.0	S	broth_microdilution_CLSI	0.25	S	broth_microdilution_CLSI	NA	NA	NA	>2048	R	broth_microdilution_CLSI	1.0	S	broth_microdilution_CLSI	>32.0	R	broth_microdilution_CLSI	4.0	S	broth_microdilution_CLSI	NA	NA	NA	8.0	R	broth_microdilution_CLSI	8.0	S	broth_microdilution_CLSI	NA	NA	NA	R	broth_microdilution_CLSI	8.0	S	broth_microdilution_CLSI	NA	NA	NA	NA	NA	NA	NA	NA	NA	NA	NA	NA	NA	NA	NA	NA	NA	NA	NA	NA	NA	NA	NA	NA	2.0	S	broth_microdilution_CLSI	NA	NA	NA	>32.0	R	broth_microdilution_CLSI	NA	NA	NA	NA	NA	NA	NA	NA	NA	NA	NA	NA	NA	NA	NA	NA	NA	NA	NA	NA	NA	NA	NA	NA	NA	NA	NA	NA	NA	NA	NA	NA	NA	NA	NA	NA	NA	NA	NA	NA	NA	NA	NA	NA	NA	NA	NA	NA	NA	NA	NA	NA	NA	NA	NA	NA	NA
SAMN07981914	ID_4351646	SAMN07981914	NA	tyson2018	S	broth_microdilution_CLSI	1.0	S	broth_microdilution_CLSI	NA	NA	NA	<=0.25	S	broth_microdilution_CLSI	2.0	S	broth_microdilution_CLSI	0.12	S	broth_microdilution_CLSI	NA	NA	NA	<=512	S	broth_microdilution_CLSI	1.0	S	broth_microdilution_CLSI	<=1.0	S	broth_microdilution_CLSI	2.0	S	broth_microdilution_CLSI	NA	NA	NA	2.0	S	broth_microdilution_CLSI	4.0	S	broth_microdilution_CLSI	NA	NA	NA	S	broth_microdilution_CLSI	64.0	S	broth_microdilution_CLSI	NA	NA	NA	NA	NA	NA	NA	NA	NA	NA	NA	NA	NA	NA	NA	NA	NA	NA	NA	NA	NA	NA	NA	NA	8.0	R	broth_microdilution_CLSI	NA	NA	NA	2.0	S	broth_microdilution_CLSI	NA	NA	NA	NA	NA	NA	NA	NA	NA	NA	NA	NA	NA	NA	NA	NA	NA	NA	NA	NA	NA	NA	NA	NA	NA	NA	NA	NA	NA	NA	NA	NA	NA	NA	NA	NA	NA	NA	NA	NA	NA	NA	NA	NA	NA	NA	NA	NA	NA	NA	NA	NA	NA	NA	NA	NA	NA
SAMN07981917	ID_7463411	SAMN07981917	NA	tyson2018	S	broth_microdilution_CLSI	1.0	S	broth_microdilution_CLSI	NA	NA	NA	1.0	S	broth_microdilution_CLSI	2.0	S	broth_microdilution_CLSI	0.12	S	broth_microdilution_CLSI	NA	NA	NA	<=512	S	broth_microdilution_CLSI	1.0	S	broth_microdilution_CLSI	<=1.0	S	broth_microdilution_CLSI	2.0	S	broth_microdilution_CLSI	NA	NA	NA	8.0	R	broth_microdilution_CLSI	8.0	S	broth_microdilution_CLSI	NA	NA	NA	S	broth_microdilution_CLSI	8.0	S	broth_microdilution_CLSI	NA	NA	NA	NA	NA	NA	NA	NA	NA	NA	NA	NA	NA	NA	NA	NA	NA	NA	NA	NA	NA	NA	NA	NA	2.0	S	broth_microdilution_CLSI	NA	NA	NA	2.0	S	broth_microdilution_CLSI	NA	NA	NA	NA	NA	NA	NA	NA	NA	NA	NA	NA	NA	NA	NA	NA	NA	NA	NA	NA	NA	NA	NA	NA	NA	NA	NA	NA	NA	NA	NA	NA	NA	NA	NA	NA	NA	NA	NA	NA	NA	NA	NA	NA	NA	NA	NA	NA	NA	NA	NA	NA	NA	NA	NA	NA	NA
SAMN07981918	ID_1650898	SAMN07981918	NA	tyson2018	S	broth_microdilution_CLSI	2.0	S	broth_microdilution_CLSI	NA	NA	NA	0.5	S	broth_microdilution_CLSI	2.0	S	broth_microdilution_CLSI	0.25	S	broth_microdilution_CLSI	NA	NA	NA	<=512	S	broth_microdilution_CLSI	2.0	S	broth_microdilution_CLSI	<=1.0	S	broth_microdilution_CLSI	4.0	S	broth_microdilution_CLSI	NA	NA	NA	8.0	R	broth_microdilution_CLSI	8.0	S	broth_microdilution_CLSI	NA	NA	NA	S	broth_microdilution_CLSI	16.0	S	broth_microdilution_CLSI	NA	NA	NA	NA	NA	NA	NA	NA	NA	NA	NA	NA	NA	NA	NA	NA	NA	NA	NA	NA	NA	NA	NA	NA	2.0	S	broth_microdilution_CLSI	NA	NA	NA	1.0	S	broth_microdilution_CLSI	NA	NA	NA	NA	NA	NA	NA	NA	NA	NA	NA	NA	NA	NA	NA	NA	NA	NA	NA	NA	NA	NA	NA	NA	NA	NA	NA	NA	NA	NA	NA	NA	NA	NA	NA	NA	NA	NA	NA	NA	NA	NA	NA	NA	NA	NA	NA	NA	NA	NA	NA	NA	NA	NA	NA	NA	NA
SAMN07981920	ID_8313894	SAMN07981920	NA	tyson2018	S	broth_microdilution_CLSI	2.0	S	broth_microdilution_CLSI	NA	NA	NA	>8.0	R	broth_microdilution_CLSI	2.0	S	broth_microdilution_CLSI	0.25	S	broth_microdilution_CLSI	NA	NA	NA	>2048	R	broth_microdilution_CLSI	2.0	S	broth_microdilution_CLSI	>32.0	R	broth_microdilution_CLSI	2.0	S	broth_microdilution_CLSI	NA	NA	NA	>32.0	R	broth_microdilution_CLSI	>32.0	R	broth_microdilution_CLSI	NA	NA	NA	R	broth_microdilution_CLSI	8.0	S	broth_microdilution_CLSI	NA	NA	NA	NA	NA	NA	NA	NA	NA	NA	NA	NA	NA	NA	NA	NA	NA	NA	NA	NA	NA	NA	NA	NA	4.0	S	broth_microdilution_CLSI	NA	NA	NA	>32.0	R	broth_microdilution_CLSI	NA	NA	NA	NA	NA	NA	NA	NA	NA	NA	NA	NA	NA	NA	NA	NA	NA	NA	NA	NA	NA	NA	NA	NA	NA	NA	NA	NA	NA	NA	NA	NA	NA	NA	NA	NA	NA	NA	NA	NA	NA	NA	NA	NA	NA	NA	NA	NA	NA	NA	NA	NA	NA	NA	NA	NA	NA
SAMN07981922	ID_5384360	SAMN07981922	NA	tyson2018	S	broth_microdilution_CLSI	2.0	S	broth_microdilution_CLSI	NA	NA	NA	2.0	S	broth_microdilution_CLSI	2.0	S	broth_microdilution_CLSI	0.25	S	broth_microdilution_CLSI	NA	NA	NA	<=512	S	broth_microdilution_CLSI	1.0	S	broth_microdilution_CLSI	<=1.0	S	broth_microdilution_CLSI	2.0	S	broth_microdilution_CLSI	NA	NA	NA	8.0	R	broth_microdilution_CLSI	8.0	S	broth_microdilution_CLSI	NA	NA	NA	S	broth_microdilution_CLSI	16.0	S	broth_microdilution_CLSI	NA	NA	NA	NA	NA	NA	NA	NA	NA	NA	NA	NA	NA	NA	NA	NA	NA	NA	NA	NA	NA	NA	NA	NA	1.0	S	broth_microdilution_CLSI	NA	NA	NA	2.0	S	broth_microdilution_CLSI	NA	NA	NA	NA	NA	NA	NA	NA	NA	NA	NA	NA	NA	NA	NA	NA	NA	NA	NA	NA	NA	NA	NA	NA	NA	NA	NA	NA	NA	NA	NA	NA	NA	NA	NA	NA	NA	NA	NA	NA	NA	NA	NA	NA	NA	NA	NA	NA	NA	NA	NA	NA	NA	NA	NA	NA	NA
SAMN07981924	ID_1144452	SAMN07981924	NA	tyson2018	S	broth_microdilution_CLSI	1.0	S	broth_microdilution_CLSI	NA	NA	NA	1.0	S	broth_microdilution_CLSI	2.0	S	broth_microdilution_CLSI	0.25	S	broth_microdilution_CLSI	NA	NA	NA	<=512	S	broth_microdilution_CLSI	1.0	S	broth_microdilution_CLSI	<=1.0	S	broth_microdilution_CLSI	4.0	S	broth_microdilution_CLSI	NA	NA	NA	8.0	R	broth_microdilution_CLSI	8.0	S	broth_microdilution_CLSI	NA	NA	NA	S	broth_microdilution_CLSI	8.0	S	broth_microdilution_CLSI	NA	NA	NA	NA	NA	NA	NA	NA	NA	NA	NA	NA	NA	NA	NA	NA	NA	NA	NA	NA	NA	NA	NA	NA	2.0	S	broth_microdilution_CLSI	NA	NA	NA	2.0	S	broth_microdilution_CLSI	NA	NA	NA	NA	NA	NA	NA	NA	NA	NA	NA	NA	NA	NA	NA	NA	NA	NA	NA	NA	NA	NA	NA	NA	NA	NA	NA	NA	NA	NA	NA	NA	NA	NA	NA	NA	NA	NA	NA	NA	NA	NA	NA	NA	NA	NA	NA	NA	NA	NA	NA	NA	NA	NA	NA	NA	NA
SAMN07981929	ID_4859445	SAMN07981929	NA	tyson2018	R	broth_microdilution_CLSI	1.0	S	broth_microdilution_CLSI	NA	NA	NA	2.0	S	broth_microdilution_CLSI	2.0	S	broth_microdilution_CLSI	0.5	R	broth_microdilution_CLSI	NA	NA	NA	<=512	S	broth_microdilution_CLSI	2.0	S	broth_microdilution_CLSI	>32.0	R	broth_microdilution_CLSI	4.0	S	broth_microdilution_CLSI	NA	NA	NA	8.0	R	broth_microdilution_CLSI	8.0	S	broth_microdilution_CLSI	NA	NA	NA	R	broth_microdilution_CLSI	8.0	S	broth_microdilution_CLSI	NA	NA	NA	NA	NA	NA	NA	NA	NA	NA	NA	NA	NA	NA	NA	NA	NA	NA	NA	NA	NA	NA	NA	NA	1.0	S	broth_microdilution_CLSI	NA	NA	NA	2.0	S	broth_microdilution_CLSI	NA	NA	NA	NA	NA	NA	NA	NA	NA	NA	NA	NA	NA	NA	NA	NA	NA	NA	NA	NA	NA	NA	NA	NA	NA	NA	NA	NA	NA	NA	NA	NA	NA	NA	NA	NA	NA	NA	NA	NA	NA	NA	NA	NA	NA	NA	NA	NA	NA	NA	NA	NA	NA	NA	NA	NA	NA
SAMN07981930	ID_4534712	SAMN07981930	NA	tyson2018	R	broth_microdilution_CLSI	1.0	S	broth_microdilution_CLSI	NA	NA	NA	>8.0	R	broth_microdilution_CLSI	2.0	S	broth_microdilution_CLSI	0.25	S	broth_microdilution_CLSI	NA	NA	NA	<=512	S	broth_microdilution_CLSI	2.0	S	broth_microdilution_CLSI	>32.0	R	broth_microdilution_CLSI	4.0	S	broth_microdilution_CLSI	NA	NA	NA	16.0	R	broth_microdilution_CLSI	32.0	R	broth_microdilution_CLSI	NA	NA	NA	R	broth_microdilution_CLSI	16.0	S	broth_microdilution_CLSI	NA	NA	NA	NA	NA	NA	NA	NA	NA	NA	NA	NA	NA	NA	NA	NA	NA	NA	NA	NA	NA	NA	NA	NA	2.0	S	broth_microdilution_CLSI	NA	NA	NA	>32.0	R	broth_microdilution_CLSI	NA	NA	NA	NA	NA	NA	NA	NA	NA	NA	NA	NA	NA	NA	NA	NA	NA	NA	NA	NA	NA	NA	NA	NA	NA	NA	NA	NA	NA	NA	NA	NA	NA	NA	NA	NA	NA	NA	NA	NA	NA	NA	NA	NA	NA	NA	NA	NA	NA	NA	NA	NA	NA	NA	NA	NA	NA
SAMN07981931	ID_8654092	SAMN07981931	NA	tyson2018	S	broth_microdilution_CLSI	1.0	S	broth_microdilution_CLSI	NA	NA	NA	1.0	S	broth_microdilution_CLSI	2.0	S	broth_microdilution_CLSI	0.5	R	broth_microdilution_CLSI	NA	NA	NA	<=512	S	broth_microdilution_CLSI	1.0	S	broth_microdilution_CLSI	>32.0	R	broth_microdilution_CLSI	4.0	S	broth_microdilution_CLSI	NA	NA	NA	8.0	R	broth_microdilution_CLSI	8.0	S	broth_microdilution_CLSI	NA	NA	NA	S	broth_microdilution_CLSI	8.0	S	broth_microdilution_CLSI	NA	NA	NA	NA	NA	NA	NA	NA	NA	NA	NA	NA	NA	NA	NA	NA	NA	NA	NA	NA	NA	NA	NA	NA	2.0	S	broth_microdilution_CLSI	NA	NA	NA	2.0	S	broth_microdilution_CLSI	NA	NA	NA	NA	NA	NA	NA	NA	NA	NA	NA	NA	NA	NA	NA	NA	NA	NA	NA	NA	NA	NA	NA	NA	NA	NA	NA	NA	NA	NA	NA	NA	NA	NA	NA	NA	NA	NA	NA	NA	NA	NA	NA	NA	NA	NA	NA	NA	NA	NA	NA	NA	NA	NA	NA	NA	NA
SAMN07981932	ID_6347012	SAMN07981932	NA	tyson2018	S	broth_microdilution_CLSI	2.0	S	broth_microdilution_CLSI	NA	NA	NA	>8.0	R	broth_microdilution_CLSI	2.0	S	broth_microdilution_CLSI	0.25	S	broth_microdilution_CLSI	NA	NA	NA	<=512	S	broth_microdilution_CLSI	2.0	S	broth_microdilution_CLSI	>32.0	R	broth_microdilution_CLSI	4.0	S	broth_microdilution_CLSI	NA	NA	NA	16.0	R	broth_microdilution_CLSI	>32.0	R	broth_microdilution_CLSI	NA	NA	NA	S	broth_microdilution_CLSI	16.0	S	broth_microdilution_CLSI	NA	NA	NA	NA	NA	NA	NA	NA	NA	NA	NA	NA	NA	NA	NA	NA	NA	NA	NA	NA	NA	NA	NA	NA	2.0	S	broth_microdilution_CLSI	NA	NA	NA	>32.0	R	broth_microdilution_CLSI	NA	NA	NA	NA	NA	NA	NA	NA	NA	NA	NA	NA	NA	NA	NA	NA	NA	NA	NA	NA	NA	NA	NA	NA	NA	NA	NA	NA	NA	NA	NA	NA	NA	NA	NA	NA	NA	NA	NA	NA	NA	NA	NA	NA	NA	NA	NA	NA	NA	NA	NA	NA	NA	NA	NA	NA	NA
SAMN07981934	ID_7228980	SAMN07981934	NA	tyson2018	S	broth_microdilution_CLSI	1.0	S	broth_microdilution_CLSI	NA	NA	NA	<=0.25	S	broth_microdilution_CLSI	2.0	S	broth_microdilution_CLSI	0.12	S	broth_microdilution_CLSI	NA	NA	NA	<=512	S	broth_microdilution_CLSI	2.0	S	broth_microdilution_CLSI	<=1.0	S	broth_microdilution_CLSI	2.0	S	broth_microdilution_CLSI	NA	NA	NA	8.0	R	broth_microdilution_CLSI	8.0	S	broth_microdilution_CLSI	NA	NA	NA	S	broth_microdilution_CLSI	8.0	S	broth_microdilution_CLSI	NA	NA	NA	NA	NA	NA	NA	NA	NA	NA	NA	NA	NA	NA	NA	NA	NA	NA	NA	NA	NA	NA	NA	NA	1.0	S	broth_microdilution_CLSI	NA	NA	NA	2.0	S	broth_microdilution_CLSI	NA	NA	NA	NA	NA	NA	NA	NA	NA	NA	NA	NA	NA	NA	NA	NA	NA	NA	NA	NA	NA	NA	NA	NA	NA	NA	NA	NA	NA	NA	NA	NA	NA	NA	NA	NA	NA	NA	NA	NA	NA	NA	NA	NA	NA	NA	NA	NA	NA	NA	NA	NA	NA	NA	NA	NA	NA
SAMN07981935	ID_5230408	SAMN07981935	NA	tyson2018	S	broth_microdilution_CLSI	1.0	S	broth_microdilution_CLSI	NA	NA	NA	>8.0	R	broth_microdilution_CLSI	1.0	S	broth_microdilution_CLSI	0.25	S	broth_microdilution_CLSI	NA	NA	NA	2048	R	broth_microdilution_CLSI	1.0	S	broth_microdilution_CLSI	>32.0	R	broth_microdilution_CLSI	4.0	S	broth_microdilution_CLSI	NA	NA	NA	16.0	R	broth_microdilution_CLSI	>32.0	R	broth_microdilution_CLSI	NA	NA	NA	R	broth_microdilution_CLSI	16.0	S	broth_microdilution_CLSI	NA	NA	NA	NA	NA	NA	NA	NA	NA	NA	NA	NA	NA	NA	NA	NA	NA	NA	NA	NA	NA	NA	NA	NA	0.5	S	broth_microdilution_CLSI	NA	NA	NA	>32.0	R	broth_microdilution_CLSI	NA	NA	NA	NA	NA	NA	NA	NA	NA	NA	NA	NA	NA	NA	NA	NA	NA	NA	NA	NA	NA	NA	NA	NA	NA	NA	NA	NA	NA	NA	NA	NA	NA	NA	NA	NA	NA	NA	NA	NA	NA	NA	NA	NA	NA	NA	NA	NA	NA	NA	NA	NA	NA	NA	NA	NA	NA
SAMN07981936	ID_2504890	SAMN07981936	NA	tyson2018	S	broth_microdilution_CLSI	1.0	S	broth_microdilution_CLSI	NA	NA	NA	1.0	S	broth_microdilution_CLSI	2.0	S	broth_microdilution_CLSI	0.25	S	broth_microdilution_CLSI	NA	NA	NA	<=512	S	broth_microdilution_CLSI	4.0	S	broth_microdilution_CLSI	<=1.0	S	broth_microdilution_CLSI	2.0	S	broth_microdilution_CLSI	NA	NA	NA	8.0	R	broth_microdilution_CLSI	8.0	S	broth_microdilution_CLSI	NA	NA	NA	S	broth_microdilution_CLSI	8.0	S	broth_microdilution_CLSI	NA	NA	NA	NA	NA	NA	NA	NA	NA	NA	NA	NA	NA	NA	NA	NA	NA	NA	NA	NA	NA	NA	NA	NA	1.0	S	broth_microdilution_CLSI	NA	NA	NA	1.0	S	broth_microdilution_CLSI	NA	NA	NA	NA	NA	NA	NA	NA	NA	NA	NA	NA	NA	NA	NA	NA	NA	NA	NA	NA	NA	NA	NA	NA	NA	NA	NA	NA	NA	NA	NA	NA	NA	NA	NA	NA	NA	NA	NA	NA	NA	NA	NA	NA	NA	NA	NA	NA	NA	NA	NA	NA	NA	NA	NA	NA	NA
SAMN07981938	ID_1181728	SAMN07981938	NA	tyson2018	R	broth_microdilution_CLSI	2.0	S	broth_microdilution_CLSI	NA	NA	NA	>8.0	R	broth_microdilution_CLSI	1.0	S	broth_microdilution_CLSI	0.12	S	broth_microdilution_CLSI	NA	NA	NA	>2048	R	broth_microdilution_CLSI	2.0	S	broth_microdilution_CLSI	>32.0	R	broth_microdilution_CLSI	4.0	S	broth_microdilution_CLSI	NA	NA	NA	16.0	R	broth_microdilution_CLSI	8.0	S	broth_microdilution_CLSI	NA	NA	NA	R	broth_microdilution_CLSI	16.0	S	broth_microdilution_CLSI	NA	NA	NA	NA	NA	NA	NA	NA	NA	NA	NA	NA	NA	NA	NA	NA	NA	NA	NA	NA	NA	NA	NA	NA	4.0	S	broth_microdilution_CLSI	NA	NA	NA	>32.0	R	broth_microdilution_CLSI	NA	NA	NA	NA	NA	NA	NA	NA	NA	NA	NA	NA	NA	NA	NA	NA	NA	NA	NA	NA	NA	NA	NA	NA	NA	NA	NA	NA	NA	NA	NA	NA	NA	NA	NA	NA	NA	NA	NA	NA	NA	NA	NA	NA	NA	NA	NA	NA	NA	NA	NA	NA	NA	NA	NA	NA	NA
SAMN07981944	ID_1733653	SAMN07981944	NA	tyson2018	R	broth_microdilution_CLSI	2.0	S	broth_microdilution_CLSI	NA	NA	NA	>8.0	R	broth_microdilution_CLSI	1.0	S	broth_microdilution_CLSI	0.12	S	broth_microdilution_CLSI	NA	NA	NA	>2048	R	broth_microdilution_CLSI	1.0	S	broth_microdilution_CLSI	>32.0	R	broth_microdilution_CLSI	4.0	S	broth_microdilution_CLSI	NA	NA	NA	8.0	R	broth_microdilution_CLSI	8.0	S	broth_microdilution_CLSI	NA	NA	NA	R	broth_microdilution_CLSI	16.0	S	broth_microdilution_CLSI	NA	NA	NA	NA	NA	NA	NA	NA	NA	NA	NA	NA	NA	NA	NA	NA	NA	NA	NA	NA	NA	NA	NA	NA	2.0	S	broth_microdilution_CLSI	NA	NA	NA	>32.0	R	broth_microdilution_CLSI	NA	NA	NA	NA	NA	NA	NA	NA	NA	NA	NA	NA	NA	NA	NA	NA	NA	NA	NA	NA	NA	NA	NA	NA	NA	NA	NA	NA	NA	NA	NA	NA	NA	NA	NA	NA	NA	NA	NA	NA	NA	NA	NA	NA	NA	NA	NA	NA	NA	NA	NA	NA	NA	NA	NA	NA	NA
SAMN07981946	ID_1000545	SAMN07981946	NA	tyson2018	R	broth_microdilution_CLSI	1.0	S	broth_microdilution_CLSI	NA	NA	NA	>8.0	R	broth_microdilution_CLSI	1.0	S	broth_microdilution_CLSI	0.25	S	broth_microdilution_CLSI	NA	NA	NA	>2048	R	broth_microdilution_CLSI	2.0	S	broth_microdilution_CLSI	>32.0	R	broth_microdilution_CLSI	4.0	S	broth_microdilution_CLSI	NA	NA	NA	8.0	R	broth_microdilution_CLSI	8.0	S	broth_microdilution_CLSI	NA	NA	NA	R	broth_microdilution_CLSI	16.0	S	broth_microdilution_CLSI	NA	NA	NA	NA	NA	NA	NA	NA	NA	NA	NA	NA	NA	NA	NA	NA	NA	NA	NA	NA	NA	NA	NA	NA	1.0	S	broth_microdilution_CLSI	NA	NA	NA	>32.0	R	broth_microdilution_CLSI	NA	NA	NA	NA	NA	NA	NA	NA	NA	NA	NA	NA	NA	NA	NA	NA	NA	NA	NA	NA	NA	NA	NA	NA	NA	NA	NA	NA	NA	NA	NA	NA	NA	NA	NA	NA	NA	NA	NA	NA	NA	NA	NA	NA	NA	NA	NA	NA	NA	NA	NA	NA	NA	NA	NA	NA	NA
SAMN07981947	ID_4204162	SAMN07981947	NA	tyson2018	R	broth_microdilution_CLSI	1.0	S	broth_microdilution_CLSI	NA	NA	NA	>8.0	R	broth_microdilution_CLSI	1.0	S	broth_microdilution_CLSI	0.25	S	broth_microdilution_CLSI	NA	NA	NA	>2048	R	broth_microdilution_CLSI	2.0	S	broth_microdilution_CLSI	>32.0	R	broth_microdilution_CLSI	2.0	S	broth_microdilution_CLSI	NA	NA	NA	16.0	R	broth_microdilution_CLSI	8.0	S	broth_microdilution_CLSI	NA	NA	NA	R	broth_microdilution_CLSI	16.0	S	broth_microdilution_CLSI	NA	NA	NA	NA	NA	NA	NA	NA	NA	NA	NA	NA	NA	NA	NA	NA	NA	NA	NA	NA	NA	NA	NA	NA	2.0	S	broth_microdilution_CLSI	NA	NA	NA	>32.0	R	broth_microdilution_CLSI	NA	NA	NA	NA	NA	NA	NA	NA	NA	NA	NA	NA	NA	NA	NA	NA	NA	NA	NA	NA	NA	NA	NA	NA	NA	NA	NA	NA	NA	NA	NA	NA	NA	NA	NA	NA	NA	NA	NA	NA	NA	NA	NA	NA	NA	NA	NA	NA	NA	NA	NA	NA	NA	NA	NA	NA	NA
SAMN07981952	ID_6244340	SAMN07981952	NA	tyson2018	R	broth_microdilution_CLSI	1.0	S	broth_microdilution_CLSI	NA	NA	NA	>8.0	R	broth_microdilution_CLSI	2.0	S	broth_microdilution_CLSI	0.12	S	broth_microdilution_CLSI	NA	NA	NA	>2048	R	broth_microdilution_CLSI	1.0	S	broth_microdilution_CLSI	>32.0	R	broth_microdilution_CLSI	4.0	S	broth_microdilution_CLSI	NA	NA	NA	8.0	R	broth_microdilution_CLSI	8.0	S	broth_microdilution_CLSI	NA	NA	NA	R	broth_microdilution_CLSI	16.0	S	broth_microdilution_CLSI	NA	NA	NA	NA	NA	NA	NA	NA	NA	NA	NA	NA	NA	NA	NA	NA	NA	NA	NA	NA	NA	NA	NA	NA	2.0	S	broth_microdilution_CLSI	NA	NA	NA	>32.0	R	broth_microdilution_CLSI	NA	NA	NA	NA	NA	NA	NA	NA	NA	NA	NA	NA	NA	NA	NA	NA	NA	NA	NA	NA	NA	NA	NA	NA	NA	NA	NA	NA	NA	NA	NA	NA	NA	NA	NA	NA	NA	NA	NA	NA	NA	NA	NA	NA	NA	NA	NA	NA	NA	NA	NA	NA	NA	NA	NA	NA	NA
SAMN07981954	ID_6223753	SAMN07981954	NA	tyson2018	R	broth_microdilution_CLSI	4.0	S	broth_microdilution_CLSI	NA	NA	NA	>8.0	R	broth_microdilution_CLSI	1.0	S	broth_microdilution_CLSI	0.25	S	broth_microdilution_CLSI	NA	NA	NA	>2048	R	broth_microdilution_CLSI	1.0	S	broth_microdilution_CLSI	>32.0	R	broth_microdilution_CLSI	4.0	S	broth_microdilution_CLSI	NA	NA	NA	32.0	R	broth_microdilution_CLSI	8.0	S	broth_microdilution_CLSI	NA	NA	NA	R	broth_microdilution_CLSI	16.0	S	broth_microdilution_CLSI	NA	NA	NA	NA	NA	NA	NA	NA	NA	NA	NA	NA	NA	NA	NA	NA	NA	NA	NA	NA	NA	NA	NA	NA	2.0	S	broth_microdilution_CLSI	NA	NA	NA	>32.0	R	broth_microdilution_CLSI	NA	NA	NA	NA	NA	NA	NA	NA	NA	NA	NA	NA	NA	NA	NA	NA	NA	NA	NA	NA	NA	NA	NA	NA	NA	NA	NA	NA	NA	NA	NA	NA	NA	NA	NA	NA	NA	NA	NA	NA	NA	NA	NA	NA	NA	NA	NA	NA	NA	NA	NA	NA	NA	NA	NA	NA	NA
SAMN07981955	ID_3035593	SAMN07981955	NA	tyson2018	R	broth_microdilution_CLSI	4.0	S	broth_microdilution_CLSI	NA	NA	NA	>8.0	R	broth_microdilution_CLSI	2.0	S	broth_microdilution_CLSI	0.12	S	broth_microdilution_CLSI	NA	NA	NA	>2048	R	broth_microdilution_CLSI	2.0	S	broth_microdilution_CLSI	>32.0	R	broth_microdilution_CLSI	4.0	S	broth_microdilution_CLSI	NA	NA	NA	32.0	R	broth_microdilution_CLSI	8.0	S	broth_microdilution_CLSI	NA	NA	NA	R	broth_microdilution_CLSI	16.0	S	broth_microdilution_CLSI	NA	NA	NA	NA	NA	NA	NA	NA	NA	NA	NA	NA	NA	NA	NA	NA	NA	NA	NA	NA	NA	NA	NA	NA	2.0	S	broth_microdilution_CLSI	NA	NA	NA	>32.0	R	broth_microdilution_CLSI	NA	NA	NA	NA	NA	NA	NA	NA	NA	NA	NA	NA	NA	NA	NA	NA	NA	NA	NA	NA	NA	NA	NA	NA	NA	NA	NA	NA	NA	NA	NA	NA	NA	NA	NA	NA	NA	NA	NA	NA	NA	NA	NA	NA	NA	NA	NA	NA	NA	NA	NA	NA	NA	NA	NA	NA	NA
SAMN07981959	ID_1829259	SAMN07981959	NA	tyson2018	S	broth_microdilution_CLSI	2.0	S	broth_microdilution_CLSI	NA	NA	NA	>8.0	R	broth_microdilution_CLSI	2.0	S	broth_microdilution_CLSI	0.25	S	broth_microdilution_CLSI	NA	NA	NA	<=512	S	broth_microdilution_CLSI	2.0	S	broth_microdilution_CLSI	>32.0	R	broth_microdilution_CLSI	4.0	S	broth_microdilution_CLSI	NA	NA	NA	16.0	R	broth_microdilution_CLSI	>32.0	R	broth_microdilution_CLSI	NA	NA	NA	S	broth_microdilution_CLSI	32.0	S	broth_microdilution_CLSI	NA	NA	NA	NA	NA	NA	NA	NA	NA	NA	NA	NA	NA	NA	NA	NA	NA	NA	NA	NA	NA	NA	NA	NA	2.0	S	broth_microdilution_CLSI	NA	NA	NA	>32.0	R	broth_microdilution_CLSI	NA	NA	NA	NA	NA	NA	NA	NA	NA	NA	NA	NA	NA	NA	NA	NA	NA	NA	NA	NA	NA	NA	NA	NA	NA	NA	NA	NA	NA	NA	NA	NA	NA	NA	NA	NA	NA	NA	NA	NA	NA	NA	NA	NA	NA	NA	NA	NA	NA	NA	NA	NA	NA	NA	NA	NA	NA
SAMN07981964	ID_8563730	SAMN07981964	NA	tyson2018	S	broth_microdilution_CLSI	1.0	S	broth_microdilution_CLSI	NA	NA	NA	1.0	S	broth_microdilution_CLSI	1.0	S	broth_microdilution_CLSI	0.25	S	broth_microdilution_CLSI	NA	NA	NA	<=512	S	broth_microdilution_CLSI	2.0	S	broth_microdilution_CLSI	<=1.0	S	broth_microdilution_CLSI	4.0	S	broth_microdilution_CLSI	NA	NA	NA	8.0	R	broth_microdilution_CLSI	8.0	S	broth_microdilution_CLSI	NA	NA	NA	S	broth_microdilution_CLSI	8.0	S	broth_microdilution_CLSI	NA	NA	NA	NA	NA	NA	NA	NA	NA	NA	NA	NA	NA	NA	NA	NA	NA	NA	NA	NA	NA	NA	NA	NA	2.0	S	broth_microdilution_CLSI	NA	NA	NA	2.0	S	broth_microdilution_CLSI	NA	NA	NA	NA	NA	NA	NA	NA	NA	NA	NA	NA	NA	NA	NA	NA	NA	NA	NA	NA	NA	NA	NA	NA	NA	NA	NA	NA	NA	NA	NA	NA	NA	NA	NA	NA	NA	NA	NA	NA	NA	NA	NA	NA	NA	NA	NA	NA	NA	NA	NA	NA	NA	NA	NA	NA	NA
SAMN07981967	ID_5887885	SAMN07981967	NA	tyson2018	S	broth_microdilution_CLSI	2.0	S	broth_microdilution_CLSI	NA	NA	NA	<=0.25	S	broth_microdilution_CLSI	1.0	S	broth_microdilution_CLSI	0.12	S	broth_microdilution_CLSI	NA	NA	NA	<=512	S	broth_microdilution_CLSI	1.0	S	broth_microdilution_CLSI	>32.0	R	broth_microdilution_CLSI	2.0	S	broth_microdilution_CLSI	NA	NA	NA	4.0	S	broth_microdilution_CLSI	4.0	S	broth_microdilution_CLSI	NA	NA	NA	S	broth_microdilution_CLSI	8.0	S	broth_microdilution_CLSI	NA	NA	NA	NA	NA	NA	NA	NA	NA	NA	NA	NA	NA	NA	NA	NA	NA	NA	NA	NA	NA	NA	NA	NA	1.0	S	broth_microdilution_CLSI	NA	NA	NA	1.0	S	broth_microdilution_CLSI	NA	NA	NA	NA	NA	NA	NA	NA	NA	NA	NA	NA	NA	NA	NA	NA	NA	NA	NA	NA	NA	NA	NA	NA	NA	NA	NA	NA	NA	NA	NA	NA	NA	NA	NA	NA	NA	NA	NA	NA	NA	NA	NA	NA	NA	NA	NA	NA	NA	NA	NA	NA	NA	NA	NA	NA	NA
SAMN07981969	ID_5715968	SAMN07981969	NA	tyson2018	S	broth_microdilution_CLSI	2.0	S	broth_microdilution_CLSI	NA	NA	NA	>8.0	R	broth_microdilution_CLSI	1.0	S	broth_microdilution_CLSI	0.25	S	broth_microdilution_CLSI	NA	NA	NA	<=512	S	broth_microdilution_CLSI	1.0	S	broth_microdilution_CLSI	>32.0	R	broth_microdilution_CLSI	4.0	S	broth_microdilution_CLSI	NA	NA	NA	16.0	R	broth_microdilution_CLSI	>32.0	R	broth_microdilution_CLSI	NA	NA	NA	S	broth_microdilution_CLSI	16.0	S	broth_microdilution_CLSI	NA	NA	NA	NA	NA	NA	NA	NA	NA	NA	NA	NA	NA	NA	NA	NA	NA	NA	NA	NA	NA	NA	NA	NA	2.0	S	broth_microdilution_CLSI	NA	NA	NA	>32.0	R	broth_microdilution_CLSI	NA	NA	NA	NA	NA	NA	NA	NA	NA	NA	NA	NA	NA	NA	NA	NA	NA	NA	NA	NA	NA	NA	NA	NA	NA	NA	NA	NA	NA	NA	NA	NA	NA	NA	NA	NA	NA	NA	NA	NA	NA	NA	NA	NA	NA	NA	NA	NA	NA	NA	NA	NA	NA	NA	NA	NA	NA
SAMN07981971	ID_6497654	SAMN07981971	NA	tyson2018	S	broth_microdilution_CLSI	1.0	S	broth_microdilution_CLSI	NA	NA	NA	0.5	S	broth_microdilution_CLSI	2.0	S	broth_microdilution_CLSI	0.25	S	broth_microdilution_CLSI	NA	NA	NA	<=512	S	broth_microdilution_CLSI	1.0	S	broth_microdilution_CLSI	<=1.0	S	broth_microdilution_CLSI	4.0	S	broth_microdilution_CLSI	NA	NA	NA	8.0	R	broth_microdilution_CLSI	8.0	S	broth_microdilution_CLSI	NA	NA	NA	S	broth_microdilution_CLSI	16.0	S	broth_microdilution_CLSI	NA	NA	NA	NA	NA	NA	NA	NA	NA	NA	NA	NA	NA	NA	NA	NA	NA	NA	NA	NA	NA	NA	NA	NA	2.0	S	broth_microdilution_CLSI	NA	NA	NA	1.0	S	broth_microdilution_CLSI	NA	NA	NA	NA	NA	NA	NA	NA	NA	NA	NA	NA	NA	NA	NA	NA	NA	NA	NA	NA	NA	NA	NA	NA	NA	NA	NA	NA	NA	NA	NA	NA	NA	NA	NA	NA	NA	NA	NA	NA	NA	NA	NA	NA	NA	NA	NA	NA	NA	NA	NA	NA	NA	NA	NA	NA	NA
SAMN07981972	ID_7211040	SAMN07981972	NA	tyson2018	R	broth_microdilution_CLSI	2.0	S	broth_microdilution_CLSI	NA	NA	NA	>8.0	R	broth_microdilution_CLSI	1.0	S	broth_microdilution_CLSI	0.25	S	broth_microdilution_CLSI	NA	NA	NA	>2048	R	broth_microdilution_CLSI	1.0	S	broth_microdilution_CLSI	>32.0	R	broth_microdilution_CLSI	4.0	S	broth_microdilution_CLSI	NA	NA	NA	16.0	R	broth_microdilution_CLSI	8.0	S	broth_microdilution_CLSI	NA	NA	NA	R	broth_microdilution_CLSI	16.0	S	broth_microdilution_CLSI	NA	NA	NA	NA	NA	NA	NA	NA	NA	NA	NA	NA	NA	NA	NA	NA	NA	NA	NA	NA	NA	NA	NA	NA	2.0	S	broth_microdilution_CLSI	NA	NA	NA	>32.0	R	broth_microdilution_CLSI	NA	NA	NA	NA	NA	NA	NA	NA	NA	NA	NA	NA	NA	NA	NA	NA	NA	NA	NA	NA	NA	NA	NA	NA	NA	NA	NA	NA	NA	NA	NA	NA	NA	NA	NA	NA	NA	NA	NA	NA	NA	NA	NA	NA	NA	NA	NA	NA	NA	NA	NA	NA	NA	NA	NA	NA	NA
SAMN07981973	ID_5225769	SAMN07981973	NA	tyson2018	S	broth_microdilution_CLSI	1.0	S	broth_microdilution_CLSI	NA	NA	NA	<=0.25	S	broth_microdilution_CLSI	2.0	S	broth_microdilution_CLSI	0.25	S	broth_microdilution_CLSI	NA	NA	NA	<=512	S	broth_microdilution_CLSI	2.0	S	broth_microdilution_CLSI	<=1.0	S	broth_microdilution_CLSI	4.0	S	broth_microdilution_CLSI	NA	NA	NA	8.0	R	broth_microdilution_CLSI	8.0	S	broth_microdilution_CLSI	NA	NA	NA	S	broth_microdilution_CLSI	16.0	S	broth_microdilution_CLSI	NA	NA	NA	NA	NA	NA	NA	NA	NA	NA	NA	NA	NA	NA	NA	NA	NA	NA	NA	NA	NA	NA	NA	NA	<=0.25	S	broth_microdilution_CLSI	NA	NA	NA	1.0	S	broth_microdilution_CLSI	NA	NA	NA	NA	NA	NA	NA	NA	NA	NA	NA	NA	NA	NA	NA	NA	NA	NA	NA	NA	NA	NA	NA	NA	NA	NA	NA	NA	NA	NA	NA	NA	NA	NA	NA	NA	NA	NA	NA	NA	NA	NA	NA	NA	NA	NA	NA	NA	NA	NA	NA	NA	NA	NA	NA	NA	NA
SAMN07981974	ID_7867035	SAMN07981974	NA	tyson2018	S	broth_microdilution_CLSI	1.0	S	broth_microdilution_CLSI	NA	NA	NA	0.5	S	broth_microdilution_CLSI	1.0	S	broth_microdilution_CLSI	0.25	S	broth_microdilution_CLSI	NA	NA	NA	<=512	S	broth_microdilution_CLSI	1.0	S	broth_microdilution_CLSI	<=1.0	S	broth_microdilution_CLSI	2.0	S	broth_microdilution_CLSI	NA	NA	NA	8.0	R	broth_microdilution_CLSI	4.0	S	broth_microdilution_CLSI	NA	NA	NA	S	broth_microdilution_CLSI	16.0	S	broth_microdilution_CLSI	NA	NA	NA	NA	NA	NA	NA	NA	NA	NA	NA	NA	NA	NA	NA	NA	NA	NA	NA	NA	NA	NA	NA	NA	1.0	S	broth_microdilution_CLSI	NA	NA	NA	1.0	S	broth_microdilution_CLSI	NA	NA	NA	NA	NA	NA	NA	NA	NA	NA	NA	NA	NA	NA	NA	NA	NA	NA	NA	NA	NA	NA	NA	NA	NA	NA	NA	NA	NA	NA	NA	NA	NA	NA	NA	NA	NA	NA	NA	NA	NA	NA	NA	NA	NA	NA	NA	NA	NA	NA	NA	NA	NA	NA	NA	NA	NA
SAMN07981977	ID_3066736	SAMN07981977	NA	tyson2018	R	broth_microdilution_CLSI	1.0	S	broth_microdilution_CLSI	NA	NA	NA	>8.0	R	broth_microdilution_CLSI	1.0	S	broth_microdilution_CLSI	0.25	S	broth_microdilution_CLSI	NA	NA	NA	>2048	R	broth_microdilution_CLSI	1.0	S	broth_microdilution_CLSI	>32.0	R	broth_microdilution_CLSI	4.0	S	broth_microdilution_CLSI	NA	NA	NA	16.0	R	broth_microdilution_CLSI	8.0	S	broth_microdilution_CLSI	NA	NA	NA	R	broth_microdilution_CLSI	16.0	S	broth_microdilution_CLSI	NA	NA	NA	NA	NA	NA	NA	NA	NA	NA	NA	NA	NA	NA	NA	NA	NA	NA	NA	NA	NA	NA	NA	NA	1.0	S	broth_microdilution_CLSI	NA	NA	NA	>32.0	R	broth_microdilution_CLSI	NA	NA	NA	NA	NA	NA	NA	NA	NA	NA	NA	NA	NA	NA	NA	NA	NA	NA	NA	NA	NA	NA	NA	NA	NA	NA	NA	NA	NA	NA	NA	NA	NA	NA	NA	NA	NA	NA	NA	NA	NA	NA	NA	NA	NA	NA	NA	NA	NA	NA	NA	NA	NA	NA	NA	NA	NA
SAMN07981980	ID_1954697	SAMN07981980	NA	tyson2018	R	broth_microdilution_CLSI	1.0	S	broth_microdilution_CLSI	NA	NA	NA	>8.0	R	broth_microdilution_CLSI	2.0	S	broth_microdilution_CLSI	0.25	S	broth_microdilution_CLSI	NA	NA	NA	<=512	S	broth_microdilution_CLSI	1.0	S	broth_microdilution_CLSI	>32.0	R	broth_microdilution_CLSI	4.0	S	broth_microdilution_CLSI	NA	NA	NA	16.0	R	broth_microdilution_CLSI	>32.0	R	broth_microdilution_CLSI	NA	NA	NA	R	broth_microdilution_CLSI	16.0	S	broth_microdilution_CLSI	NA	NA	NA	NA	NA	NA	NA	NA	NA	NA	NA	NA	NA	NA	NA	NA	NA	NA	NA	NA	NA	NA	NA	NA	1.0	S	broth_microdilution_CLSI	NA	NA	NA	>32.0	R	broth_microdilution_CLSI	NA	NA	NA	NA	NA	NA	NA	NA	NA	NA	NA	NA	NA	NA	NA	NA	NA	NA	NA	NA	NA	NA	NA	NA	NA	NA	NA	NA	NA	NA	NA	NA	NA	NA	NA	NA	NA	NA	NA	NA	NA	NA	NA	NA	NA	NA	NA	NA	NA	NA	NA	NA	NA	NA	NA	NA	NA
SAMN07981981	ID_6446641	SAMN07981981	NA	tyson2018	R	broth_microdilution_CLSI	1.0	S	broth_microdilution_CLSI	NA	NA	NA	>8.0	R	broth_microdilution_CLSI	1.0	S	broth_microdilution_CLSI	0.25	S	broth_microdilution_CLSI	NA	NA	NA	>2048	R	broth_microdilution_CLSI	2.0	S	broth_microdilution_CLSI	>32.0	R	broth_microdilution_CLSI	4.0	S	broth_microdilution_CLSI	NA	NA	NA	16.0	R	broth_microdilution_CLSI	8.0	S	broth_microdilution_CLSI	NA	NA	NA	R	broth_microdilution_CLSI	16.0	S	broth_microdilution_CLSI	NA	NA	NA	NA	NA	NA	NA	NA	NA	NA	NA	NA	NA	NA	NA	NA	NA	NA	NA	NA	NA	NA	NA	NA	1.0	S	broth_microdilution_CLSI	NA	NA	NA	>32.0	R	broth_microdilution_CLSI	NA	NA	NA	NA	NA	NA	NA	NA	NA	NA	NA	NA	NA	NA	NA	NA	NA	NA	NA	NA	NA	NA	NA	NA	NA	NA	NA	NA	NA	NA	NA	NA	NA	NA	NA	NA	NA	NA	NA	NA	NA	NA	NA	NA	NA	NA	NA	NA	NA	NA	NA	NA	NA	NA	NA	NA	NA
SAMN07981982	ID_4843460	SAMN07981982	NA	tyson2018	R	broth_microdilution_CLSI	4.0	S	broth_microdilution_CLSI	NA	NA	NA	>8.0	R	broth_microdilution_CLSI	1.0	S	broth_microdilution_CLSI	0.25	S	broth_microdilution_CLSI	NA	NA	NA	>2048	R	broth_microdilution_CLSI	1.0	S	broth_microdilution_CLSI	>32.0	R	broth_microdilution_CLSI	4.0	S	broth_microdilution_CLSI	NA	NA	NA	8.0	R	broth_microdilution_CLSI	8.0	S	broth_microdilution_CLSI	NA	NA	NA	R	broth_microdilution_CLSI	16.0	S	broth_microdilution_CLSI	NA	NA	NA	NA	NA	NA	NA	NA	NA	NA	NA	NA	NA	NA	NA	NA	NA	NA	NA	NA	NA	NA	NA	NA	2.0	S	broth_microdilution_CLSI	NA	NA	NA	>32.0	R	broth_microdilution_CLSI	NA	NA	NA	NA	NA	NA	NA	NA	NA	NA	NA	NA	NA	NA	NA	NA	NA	NA	NA	NA	NA	NA	NA	NA	NA	NA	NA	NA	NA	NA	NA	NA	NA	NA	NA	NA	NA	NA	NA	NA	NA	NA	NA	NA	NA	NA	NA	NA	NA	NA	NA	NA	NA	NA	NA	NA	NA
SAMN07981983	ID_2224953	SAMN07981983	NA	tyson2018	R	broth_microdilution_CLSI	1.0	S	broth_microdilution_CLSI	NA	NA	NA	>8.0	R	broth_microdilution_CLSI	1.0	S	broth_microdilution_CLSI	0.25	S	broth_microdilution_CLSI	NA	NA	NA	>2048	R	broth_microdilution_CLSI	2.0	S	broth_microdilution_CLSI	>32.0	R	broth_microdilution_CLSI	4.0	S	broth_microdilution_CLSI	NA	NA	NA	8.0	R	broth_microdilution_CLSI	8.0	S	broth_microdilution_CLSI	NA	NA	NA	R	broth_microdilution_CLSI	16.0	S	broth_microdilution_CLSI	NA	NA	NA	NA	NA	NA	NA	NA	NA	NA	NA	NA	NA	NA	NA	NA	NA	NA	NA	NA	NA	NA	NA	NA	2.0	S	broth_microdilution_CLSI	NA	NA	NA	>32.0	R	broth_microdilution_CLSI	NA	NA	NA	NA	NA	NA	NA	NA	NA	NA	NA	NA	NA	NA	NA	NA	NA	NA	NA	NA	NA	NA	NA	NA	NA	NA	NA	NA	NA	NA	NA	NA	NA	NA	NA	NA	NA	NA	NA	NA	NA	NA	NA	NA	NA	NA	NA	NA	NA	NA	NA	NA	NA	NA	NA	NA	NA
SAMN07981984	ID_2180993	SAMN07981984	NA	tyson2018	S	broth_microdilution_CLSI	1.0	S	broth_microdilution_CLSI	NA	NA	NA	1.0	S	broth_microdilution_CLSI	2.0	S	broth_microdilution_CLSI	0.5	R	broth_microdilution_CLSI	NA	NA	NA	<=512	S	broth_microdilution_CLSI	1.0	S	broth_microdilution_CLSI	>32.0	R	broth_microdilution_CLSI	2.0	S	broth_microdilution_CLSI	NA	NA	NA	16.0	R	broth_microdilution_CLSI	8.0	S	broth_microdilution_CLSI	NA	NA	NA	S	broth_microdilution_CLSI	16.0	S	broth_microdilution_CLSI	NA	NA	NA	NA	NA	NA	NA	NA	NA	NA	NA	NA	NA	NA	NA	NA	NA	NA	NA	NA	NA	NA	NA	NA	1.0	S	broth_microdilution_CLSI	NA	NA	NA	2.0	S	broth_microdilution_CLSI	NA	NA	NA	NA	NA	NA	NA	NA	NA	NA	NA	NA	NA	NA	NA	NA	NA	NA	NA	NA	NA	NA	NA	NA	NA	NA	NA	NA	NA	NA	NA	NA	NA	NA	NA	NA	NA	NA	NA	NA	NA	NA	NA	NA	NA	NA	NA	NA	NA	NA	NA	NA	NA	NA	NA	NA	NA
SAMN07981986	ID_7495565	SAMN07981986	NA	tyson2018	S	broth_microdilution_CLSI	2.0	S	broth_microdilution_CLSI	NA	NA	NA	1.0	S	broth_microdilution_CLSI	2.0	S	broth_microdilution_CLSI	0.25	S	broth_microdilution_CLSI	NA	NA	NA	<=512	S	broth_microdilution_CLSI	4.0	S	broth_microdilution_CLSI	>32.0	R	broth_microdilution_CLSI	4.0	S	broth_microdilution_CLSI	NA	NA	NA	8.0	R	broth_microdilution_CLSI	>32.0	R	broth_microdilution_CLSI	NA	NA	NA	S	broth_microdilution_CLSI	16.0	S	broth_microdilution_CLSI	NA	NA	NA	NA	NA	NA	NA	NA	NA	NA	NA	NA	NA	NA	NA	NA	NA	NA	NA	NA	NA	NA	NA	NA	2.0	S	broth_microdilution_CLSI	NA	NA	NA	2.0	S	broth_microdilution_CLSI	NA	NA	NA	NA	NA	NA	NA	NA	NA	NA	NA	NA	NA	NA	NA	NA	NA	NA	NA	NA	NA	NA	NA	NA	NA	NA	NA	NA	NA	NA	NA	NA	NA	NA	NA	NA	NA	NA	NA	NA	NA	NA	NA	NA	NA	NA	NA	NA	NA	NA	NA	NA	NA	NA	NA	NA	NA
SAMN07981988	ID_8473670	SAMN07981988	NA	tyson2018	S	broth_microdilution_CLSI	1.0	S	broth_microdilution_CLSI	NA	NA	NA	1.0	S	broth_microdilution_CLSI	2.0	S	broth_microdilution_CLSI	0.12	S	broth_microdilution_CLSI	NA	NA	NA	<=512	S	broth_microdilution_CLSI	2.0	S	broth_microdilution_CLSI	<=1.0	S	broth_microdilution_CLSI	4.0	S	broth_microdilution_CLSI	NA	NA	NA	8.0	R	broth_microdilution_CLSI	8.0	S	broth_microdilution_CLSI	NA	NA	NA	S	broth_microdilution_CLSI	16.0	S	broth_microdilution_CLSI	NA	NA	NA	NA	NA	NA	NA	NA	NA	NA	NA	NA	NA	NA	NA	NA	NA	NA	NA	NA	NA	NA	NA	NA	1.0	S	broth_microdilution_CLSI	NA	NA	NA	2.0	S	broth_microdilution_CLSI	NA	NA	NA	NA	NA	NA	NA	NA	NA	NA	NA	NA	NA	NA	NA	NA	NA	NA	NA	NA	NA	NA	NA	NA	NA	NA	NA	NA	NA	NA	NA	NA	NA	NA	NA	NA	NA	NA	NA	NA	NA	NA	NA	NA	NA	NA	NA	NA	NA	NA	NA	NA	NA	NA	NA	NA	NA
SAMN07981989	ID_8617314	SAMN07981989	NA	tyson2018	R	broth_microdilution_CLSI	1.0	S	broth_microdilution_CLSI	NA	NA	NA	>8.0	R	broth_microdilution_CLSI	1.0	S	broth_microdilution_CLSI	0.12	S	broth_microdilution_CLSI	NA	NA	NA	>2048	R	broth_microdilution_CLSI	1.0	S	broth_microdilution_CLSI	>32.0	R	broth_microdilution_CLSI	4.0	S	broth_microdilution_CLSI	NA	NA	NA	8.0	R	broth_microdilution_CLSI	8.0	S	broth_microdilution_CLSI	NA	NA	NA	R	broth_microdilution_CLSI	16.0	S	broth_microdilution_CLSI	NA	NA	NA	NA	NA	NA	NA	NA	NA	NA	NA	NA	NA	NA	NA	NA	NA	NA	NA	NA	NA	NA	NA	NA	1.0	S	broth_microdilution_CLSI	NA	NA	NA	>32.0	R	broth_microdilution_CLSI	NA	NA	NA	NA	NA	NA	NA	NA	NA	NA	NA	NA	NA	NA	NA	NA	NA	NA	NA	NA	NA	NA	NA	NA	NA	NA	NA	NA	NA	NA	NA	NA	NA	NA	NA	NA	NA	NA	NA	NA	NA	NA	NA	NA	NA	NA	NA	NA	NA	NA	NA	NA	NA	NA	NA	NA	NA
SAMN07981995	ID_8730010	SAMN07981995	NA	tyson2018	R	broth_microdilution_CLSI	1.0	S	broth_microdilution_CLSI	NA	NA	NA	>8.0	R	broth_microdilution_CLSI	1.0	S	broth_microdilution_CLSI	0.12	S	broth_microdilution_CLSI	NA	NA	NA	>2048	R	broth_microdilution_CLSI	2.0	S	broth_microdilution_CLSI	>32.0	R	broth_microdilution_CLSI	4.0	S	broth_microdilution_CLSI	NA	NA	NA	16.0	R	broth_microdilution_CLSI	8.0	S	broth_microdilution_CLSI	NA	NA	NA	R	broth_microdilution_CLSI	16.0	S	broth_microdilution_CLSI	NA	NA	NA	NA	NA	NA	NA	NA	NA	NA	NA	NA	NA	NA	NA	NA	NA	NA	NA	NA	NA	NA	NA	NA	2.0	S	broth_microdilution_CLSI	NA	NA	NA	>32.0	R	broth_microdilution_CLSI	NA	NA	NA	NA	NA	NA	NA	NA	NA	NA	NA	NA	NA	NA	NA	NA	NA	NA	NA	NA	NA	NA	NA	NA	NA	NA	NA	NA	NA	NA	NA	NA	NA	NA	NA	NA	NA	NA	NA	NA	NA	NA	NA	NA	NA	NA	NA	NA	NA	NA	NA	NA	NA	NA	NA	NA	NA
SAMN07981997	ID_3920345	SAMN07981997	NA	tyson2018	R	broth_microdilution_CLSI	1.0	S	broth_microdilution_CLSI	NA	NA	NA	>8.0	R	broth_microdilution_CLSI	1.0	S	broth_microdilution_CLSI	0.25	S	broth_microdilution_CLSI	NA	NA	NA	>2048	R	broth_microdilution_CLSI	2.0	S	broth_microdilution_CLSI	>32.0	R	broth_microdilution_CLSI	4.0	S	broth_microdilution_CLSI	NA	NA	NA	8.0	R	broth_microdilution_CLSI	8.0	S	broth_microdilution_CLSI	NA	NA	NA	R	broth_microdilution_CLSI	8.0	S	broth_microdilution_CLSI	NA	NA	NA	NA	NA	NA	NA	NA	NA	NA	NA	NA	NA	NA	NA	NA	NA	NA	NA	NA	NA	NA	NA	NA	1.0	S	broth_microdilution_CLSI	NA	NA	NA	>32.0	R	broth_microdilution_CLSI	NA	NA	NA	NA	NA	NA	NA	NA	NA	NA	NA	NA	NA	NA	NA	NA	NA	NA	NA	NA	NA	NA	NA	NA	NA	NA	NA	NA	NA	NA	NA	NA	NA	NA	NA	NA	NA	NA	NA	NA	NA	NA	NA	NA	NA	NA	NA	NA	NA	NA	NA	NA	NA	NA	NA	NA	NA
SAMN07981998	ID_1234997	SAMN07981998	NA	tyson2018	S	broth_microdilution_CLSI	1.0	S	broth_microdilution_CLSI	NA	NA	NA	2.0	S	broth_microdilution_CLSI	2.0	S	broth_microdilution_CLSI	0.5	R	broth_microdilution_CLSI	NA	NA	NA	<=512	S	broth_microdilution_CLSI	1.0	S	broth_microdilution_CLSI	>32.0	R	broth_microdilution_CLSI	4.0	S	broth_microdilution_CLSI	NA	NA	NA	8.0	R	broth_microdilution_CLSI	8.0	S	broth_microdilution_CLSI	NA	NA	NA	S	broth_microdilution_CLSI	8.0	S	broth_microdilution_CLSI	NA	NA	NA	NA	NA	NA	NA	NA	NA	NA	NA	NA	NA	NA	NA	NA	NA	NA	NA	NA	NA	NA	NA	NA	1.0	S	broth_microdilution_CLSI	NA	NA	NA	1.0	S	broth_microdilution_CLSI	NA	NA	NA	NA	NA	NA	NA	NA	NA	NA	NA	NA	NA	NA	NA	NA	NA	NA	NA	NA	NA	NA	NA	NA	NA	NA	NA	NA	NA	NA	NA	NA	NA	NA	NA	NA	NA	NA	NA	NA	NA	NA	NA	NA	NA	NA	NA	NA	NA	NA	NA	NA	NA	NA	NA	NA	NA
SAMN07981999	ID_1371426	SAMN07981999	NA	tyson2018	S	broth_microdilution_CLSI	1.0	S	broth_microdilution_CLSI	NA	NA	NA	2.0	S	broth_microdilution_CLSI	2.0	S	broth_microdilution_CLSI	0.5	R	broth_microdilution_CLSI	NA	NA	NA	<=512	S	broth_microdilution_CLSI	1.0	S	broth_microdilution_CLSI	>32.0	R	broth_microdilution_CLSI	4.0	S	broth_microdilution_CLSI	NA	NA	NA	8.0	R	broth_microdilution_CLSI	8.0	S	broth_microdilution_CLSI	NA	NA	NA	S	broth_microdilution_CLSI	16.0	S	broth_microdilution_CLSI	NA	NA	NA	NA	NA	NA	NA	NA	NA	NA	NA	NA	NA	NA	NA	NA	NA	NA	NA	NA	NA	NA	NA	NA	1.0	S	broth_microdilution_CLSI	NA	NA	NA	1.0	S	broth_microdilution_CLSI	NA	NA	NA	NA	NA	NA	NA	NA	NA	NA	NA	NA	NA	NA	NA	NA	NA	NA	NA	NA	NA	NA	NA	NA	NA	NA	NA	NA	NA	NA	NA	NA	NA	NA	NA	NA	NA	NA	NA	NA	NA	NA	NA	NA	NA	NA	NA	NA	NA	NA	NA	NA	NA	NA	NA	NA	NA
SAMN07982001	ID_2483363	SAMN07982001	NA	tyson2018	S	broth_microdilution_CLSI	2.0	S	broth_microdilution_CLSI	NA	NA	NA	1.0	S	broth_microdilution_CLSI	2.0	S	broth_microdilution_CLSI	0.5	R	broth_microdilution_CLSI	NA	NA	NA	<=512	S	broth_microdilution_CLSI	1.0	S	broth_microdilution_CLSI	>32.0	R	broth_microdilution_CLSI	4.0	S	broth_microdilution_CLSI	NA	NA	NA	8.0	R	broth_microdilution_CLSI	8.0	S	broth_microdilution_CLSI	NA	NA	NA	S	broth_microdilution_CLSI	16.0	S	broth_microdilution_CLSI	NA	NA	NA	NA	NA	NA	NA	NA	NA	NA	NA	NA	NA	NA	NA	NA	NA	NA	NA	NA	NA	NA	NA	NA	1.0	S	broth_microdilution_CLSI	NA	NA	NA	2.0	S	broth_microdilution_CLSI	NA	NA	NA	NA	NA	NA	NA	NA	NA	NA	NA	NA	NA	NA	NA	NA	NA	NA	NA	NA	NA	NA	NA	NA	NA	NA	NA	NA	NA	NA	NA	NA	NA	NA	NA	NA	NA	NA	NA	NA	NA	NA	NA	NA	NA	NA	NA	NA	NA	NA	NA	NA	NA	NA	NA	NA	NA
SAMN07982002	ID_8058429	SAMN07982002	NA	tyson2018	S	broth_microdilution_CLSI	2.0	S	broth_microdilution_CLSI	NA	NA	NA	<=0.25	S	broth_microdilution_CLSI	1.0	S	broth_microdilution_CLSI	0.25	S	broth_microdilution_CLSI	NA	NA	NA	<=512	S	broth_microdilution_CLSI	2.0	S	broth_microdilution_CLSI	32.0	R	broth_microdilution_CLSI	4.0	S	broth_microdilution_CLSI	NA	NA	NA	4.0	S	broth_microdilution_CLSI	4.0	S	broth_microdilution_CLSI	NA	NA	NA	S	broth_microdilution_CLSI	16.0	S	broth_microdilution_CLSI	NA	NA	NA	NA	NA	NA	NA	NA	NA	NA	NA	NA	NA	NA	NA	NA	NA	NA	NA	NA	NA	NA	NA	NA	2.0	S	broth_microdilution_CLSI	NA	NA	NA	1.0	S	broth_microdilution_CLSI	NA	NA	NA	NA	NA	NA	NA	NA	NA	NA	NA	NA	NA	NA	NA	NA	NA	NA	NA	NA	NA	NA	NA	NA	NA	NA	NA	NA	NA	NA	NA	NA	NA	NA	NA	NA	NA	NA	NA	NA	NA	NA	NA	NA	NA	NA	NA	NA	NA	NA	NA	NA	NA	NA	NA	NA	NA
SAMN07982003	ID_1382930	SAMN07982003	NA	tyson2018	R	broth_microdilution_CLSI	2.0	S	broth_microdilution_CLSI	NA	NA	NA	>8.0	R	broth_microdilution_CLSI	1.0	S	broth_microdilution_CLSI	0.12	S	broth_microdilution_CLSI	NA	NA	NA	2048	R	broth_microdilution_CLSI	1.0	S	broth_microdilution_CLSI	>32.0	R	broth_microdilution_CLSI	4.0	S	broth_microdilution_CLSI	NA	NA	NA	8.0	R	broth_microdilution_CLSI	4.0	S	broth_microdilution_CLSI	NA	NA	NA	R	broth_microdilution_CLSI	16.0	S	broth_microdilution_CLSI	NA	NA	NA	NA	NA	NA	NA	NA	NA	NA	NA	NA	NA	NA	NA	NA	NA	NA	NA	NA	NA	NA	NA	NA	1.0	S	broth_microdilution_CLSI	NA	NA	NA	>32.0	R	broth_microdilution_CLSI	NA	NA	NA	NA	NA	NA	NA	NA	NA	NA	NA	NA	NA	NA	NA	NA	NA	NA	NA	NA	NA	NA	NA	NA	NA	NA	NA	NA	NA	NA	NA	NA	NA	NA	NA	NA	NA	NA	NA	NA	NA	NA	NA	NA	NA	NA	NA	NA	NA	NA	NA	NA	NA	NA	NA	NA	NA
SAMN07982006	ID_7505746	SAMN07982006	NA	tyson2018	S	broth_microdilution_CLSI	1.0	S	broth_microdilution_CLSI	NA	NA	NA	>8.0	R	broth_microdilution_CLSI	1.0	S	broth_microdilution_CLSI	0.03	S	broth_microdilution_CLSI	NA	NA	NA	<=512	S	broth_microdilution_CLSI	1.0	S	broth_microdilution_CLSI	>32.0	R	broth_microdilution_CLSI	4.0	S	broth_microdilution_CLSI	NA	NA	NA	8.0	R	broth_microdilution_CLSI	4.0	S	broth_microdilution_CLSI	NA	NA	NA	S	broth_microdilution_CLSI	16.0	S	broth_microdilution_CLSI	NA	NA	NA	NA	NA	NA	NA	NA	NA	NA	NA	NA	NA	NA	NA	NA	NA	NA	NA	NA	NA	NA	NA	NA	1.0	S	broth_microdilution_CLSI	NA	NA	NA	>32.0	R	broth_microdilution_CLSI	NA	NA	NA	NA	NA	NA	NA	NA	NA	NA	NA	NA	NA	NA	NA	NA	NA	NA	NA	NA	NA	NA	NA	NA	NA	NA	NA	NA	NA	NA	NA	NA	NA	NA	NA	NA	NA	NA	NA	NA	NA	NA	NA	NA	NA	NA	NA	NA	NA	NA	NA	NA	NA	NA	NA	NA	NA
SAMN07982007	ID_1114253	SAMN07982007	NA	tyson2018	R	broth_microdilution_CLSI	1.0	S	broth_microdilution_CLSI	NA	NA	NA	>8.0	R	broth_microdilution_CLSI	1.0	S	broth_microdilution_CLSI	0.06	S	broth_microdilution_CLSI	NA	NA	NA	2048	R	broth_microdilution_CLSI	0.5	S	broth_microdilution_CLSI	>32.0	R	broth_microdilution_CLSI	4.0	S	broth_microdilution_CLSI	NA	NA	NA	8.0	R	broth_microdilution_CLSI	4.0	S	broth_microdilution_CLSI	NA	NA	NA	R	broth_microdilution_CLSI	8.0	S	broth_microdilution_CLSI	NA	NA	NA	NA	NA	NA	NA	NA	NA	NA	NA	NA	NA	NA	NA	NA	NA	NA	NA	NA	NA	NA	NA	NA	1.0	S	broth_microdilution_CLSI	NA	NA	NA	>32.0	R	broth_microdilution_CLSI	NA	NA	NA	NA	NA	NA	NA	NA	NA	NA	NA	NA	NA	NA	NA	NA	NA	NA	NA	NA	NA	NA	NA	NA	NA	NA	NA	NA	NA	NA	NA	NA	NA	NA	NA	NA	NA	NA	NA	NA	NA	NA	NA	NA	NA	NA	NA	NA	NA	NA	NA	NA	NA	NA	NA	NA	NA
SAMN07982008	ID_8530207	SAMN07982008	NA	tyson2018	S	broth_microdilution_CLSI	2.0	S	broth_microdilution_CLSI	NA	NA	NA	<=0.25	S	broth_microdilution_CLSI	1.0	S	broth_microdilution_CLSI	0.25	S	broth_microdilution_CLSI	NA	NA	NA	<=512	S	broth_microdilution_CLSI	1.0	S	broth_microdilution_CLSI	<=1.0	S	broth_microdilution_CLSI	4.0	S	broth_microdilution_CLSI	NA	NA	NA	4.0	S	broth_microdilution_CLSI	4.0	S	broth_microdilution_CLSI	NA	NA	NA	S	broth_microdilution_CLSI	8.0	S	broth_microdilution_CLSI	NA	NA	NA	NA	NA	NA	NA	NA	NA	NA	NA	NA	NA	NA	NA	NA	NA	NA	NA	NA	NA	NA	NA	NA	1.0	S	broth_microdilution_CLSI	NA	NA	NA	1.0	S	broth_microdilution_CLSI	NA	NA	NA	NA	NA	NA	NA	NA	NA	NA	NA	NA	NA	NA	NA	NA	NA	NA	NA	NA	NA	NA	NA	NA	NA	NA	NA	NA	NA	NA	NA	NA	NA	NA	NA	NA	NA	NA	NA	NA	NA	NA	NA	NA	NA	NA	NA	NA	NA	NA	NA	NA	NA	NA	NA	NA	NA
SAMN07982009	ID_2356984	SAMN07982009	NA	tyson2018	S	broth_microdilution_CLSI	1.0	S	broth_microdilution_CLSI	NA	NA	NA	1.0	S	broth_microdilution_CLSI	1.0	S	broth_microdilution_CLSI	0.12	S	broth_microdilution_CLSI	NA	NA	NA	1024	R	broth_microdilution_CLSI	1.0	S	broth_microdilution_CLSI	32.0	R	broth_microdilution_CLSI	4.0	S	broth_microdilution_CLSI	NA	NA	NA	4.0	S	broth_microdilution_CLSI	4.0	S	broth_microdilution_CLSI	NA	NA	NA	S	broth_microdilution_CLSI	16.0	S	broth_microdilution_CLSI	NA	NA	NA	NA	NA	NA	NA	NA	NA	NA	NA	NA	NA	NA	NA	NA	NA	NA	NA	NA	NA	NA	NA	NA	1.0	S	broth_microdilution_CLSI	NA	NA	NA	1.0	S	broth_microdilution_CLSI	NA	NA	NA	NA	NA	NA	NA	NA	NA	NA	NA	NA	NA	NA	NA	NA	NA	NA	NA	NA	NA	NA	NA	NA	NA	NA	NA	NA	NA	NA	NA	NA	NA	NA	NA	NA	NA	NA	NA	NA	NA	NA	NA	NA	NA	NA	NA	NA	NA	NA	NA	NA	NA	NA	NA	NA	NA
SAMN07982010	ID_6632618	SAMN07982010	NA	tyson2018	S	broth_microdilution_CLSI	1.0	S	broth_microdilution_CLSI	NA	NA	NA	>8.0	R	broth_microdilution_CLSI	1.0	S	broth_microdilution_CLSI	0.25	S	broth_microdilution_CLSI	NA	NA	NA	<=512	S	broth_microdilution_CLSI	1.0	S	broth_microdilution_CLSI	16.0	R	broth_microdilution_CLSI	4.0	S	broth_microdilution_CLSI	NA	NA	NA	8.0	R	broth_microdilution_CLSI	4.0	S	broth_microdilution_CLSI	NA	NA	NA	S	broth_microdilution_CLSI	>64.0	S	broth_microdilution_CLSI	NA	NA	NA	NA	NA	NA	NA	NA	NA	NA	NA	NA	NA	NA	NA	NA	NA	NA	NA	NA	NA	NA	NA	NA	1.0	S	broth_microdilution_CLSI	NA	NA	NA	>32.0	R	broth_microdilution_CLSI	NA	NA	NA	NA	NA	NA	NA	NA	NA	NA	NA	NA	NA	NA	NA	NA	NA	NA	NA	NA	NA	NA	NA	NA	NA	NA	NA	NA	NA	NA	NA	NA	NA	NA	NA	NA	NA	NA	NA	NA	NA	NA	NA	NA	NA	NA	NA	NA	NA	NA	NA	NA	NA	NA	NA	NA	NA
SAMN07982011	ID_5466991	SAMN07982011	NA	tyson2018	R	broth_microdilution_CLSI	2.0	S	broth_microdilution_CLSI	NA	NA	NA	>8.0	R	broth_microdilution_CLSI	1.0	S	broth_microdilution_CLSI	0.06	S	broth_microdilution_CLSI	NA	NA	NA	>2048	R	broth_microdilution_CLSI	0.5	S	broth_microdilution_CLSI	>32.0	R	broth_microdilution_CLSI	4.0	S	broth_microdilution_CLSI	NA	NA	NA	8.0	R	broth_microdilution_CLSI	4.0	S	broth_microdilution_CLSI	NA	NA	NA	R	broth_microdilution_CLSI	16.0	S	broth_microdilution_CLSI	NA	NA	NA	NA	NA	NA	NA	NA	NA	NA	NA	NA	NA	NA	NA	NA	NA	NA	NA	NA	NA	NA	NA	NA	1.0	S	broth_microdilution_CLSI	NA	NA	NA	>32.0	R	broth_microdilution_CLSI	NA	NA	NA	NA	NA	NA	NA	NA	NA	NA	NA	NA	NA	NA	NA	NA	NA	NA	NA	NA	NA	NA	NA	NA	NA	NA	NA	NA	NA	NA	NA	NA	NA	NA	NA	NA	NA	NA	NA	NA	NA	NA	NA	NA	NA	NA	NA	NA	NA	NA	NA	NA	NA	NA	NA	NA	NA
SAMN07982014	ID_1982436	SAMN07982014	NA	tyson2018	S	broth_microdilution_CLSI	1.0	S	broth_microdilution_CLSI	NA	NA	NA	1.0	S	broth_microdilution_CLSI	1.0	S	broth_microdilution_CLSI	0.03	S	broth_microdilution_CLSI	NA	NA	NA	<=512	S	broth_microdilution_CLSI	0.5	S	broth_microdilution_CLSI	8.0	R	broth_microdilution_CLSI	4.0	S	broth_microdilution_CLSI	NA	NA	NA	4.0	S	broth_microdilution_CLSI	<=2.0	S	broth_microdilution_CLSI	NA	NA	NA	S	broth_microdilution_CLSI	8.0	S	broth_microdilution_CLSI	NA	NA	NA	NA	NA	NA	NA	NA	NA	NA	NA	NA	NA	NA	NA	NA	NA	NA	NA	NA	NA	NA	NA	NA	1.0	S	broth_microdilution_CLSI	NA	NA	NA	1.0	S	broth_microdilution_CLSI	NA	NA	NA	NA	NA	NA	NA	NA	NA	NA	NA	NA	NA	NA	NA	NA	NA	NA	NA	NA	NA	NA	NA	NA	NA	NA	NA	NA	NA	NA	NA	NA	NA	NA	NA	NA	NA	NA	NA	NA	NA	NA	NA	NA	NA	NA	NA	NA	NA	NA	NA	NA	NA	NA	NA	NA	NA
SAMN07982018	ID_2381278	SAMN07982018	NA	tyson2018	R	broth_microdilution_CLSI	1.0	S	broth_microdilution_CLSI	NA	NA	NA	8.0	R	broth_microdilution_CLSI	<=0.5	S	broth_microdilution_CLSI	0.25	S	broth_microdilution_CLSI	NA	NA	NA	2048	R	broth_microdilution_CLSI	1.0	S	broth_microdilution_CLSI	>32.0	R	broth_microdilution_CLSI	4.0	S	broth_microdilution_CLSI	NA	NA	NA	8.0	R	broth_microdilution_CLSI	4.0	S	broth_microdilution_CLSI	NA	NA	NA	R	broth_microdilution_CLSI	8.0	S	broth_microdilution_CLSI	NA	NA	NA	NA	NA	NA	NA	NA	NA	NA	NA	NA	NA	NA	NA	NA	NA	NA	NA	NA	NA	NA	NA	NA	1.0	S	broth_microdilution_CLSI	NA	NA	NA	>32.0	R	broth_microdilution_CLSI	NA	NA	NA	NA	NA	NA	NA	NA	NA	NA	NA	NA	NA	NA	NA	NA	NA	NA	NA	NA	NA	NA	NA	NA	NA	NA	NA	NA	NA	NA	NA	NA	NA	NA	NA	NA	NA	NA	NA	NA	NA	NA	NA	NA	NA	NA	NA	NA	NA	NA	NA	NA	NA	NA	NA	NA	NA
SAMN07982019	ID_1565703	SAMN07982019	NA	tyson2018	S	broth_microdilution_CLSI	2.0	S	broth_microdilution_CLSI	NA	NA	NA	0.5	S	broth_microdilution_CLSI	1.0	S	broth_microdilution_CLSI	0.12	S	broth_microdilution_CLSI	NA	NA	NA	<=512	S	broth_microdilution_CLSI	2.0	S	broth_microdilution_CLSI	<=1.0	S	broth_microdilution_CLSI	4.0	S	broth_microdilution_CLSI	NA	NA	NA	8.0	R	broth_microdilution_CLSI	4.0	S	broth_microdilution_CLSI	NA	NA	NA	S	broth_microdilution_CLSI	8.0	S	broth_microdilution_CLSI	NA	NA	NA	NA	NA	NA	NA	NA	NA	NA	NA	NA	NA	NA	NA	NA	NA	NA	NA	NA	NA	NA	NA	NA	4.0	S	broth_microdilution_CLSI	NA	NA	NA	2.0	S	broth_microdilution_CLSI	NA	NA	NA	NA	NA	NA	NA	NA	NA	NA	NA	NA	NA	NA	NA	NA	NA	NA	NA	NA	NA	NA	NA	NA	NA	NA	NA	NA	NA	NA	NA	NA	NA	NA	NA	NA	NA	NA	NA	NA	NA	NA	NA	NA	NA	NA	NA	NA	NA	NA	NA	NA	NA	NA	NA	NA	NA
SAMN07982020	ID_8184496	SAMN07982020	NA	tyson2018	S	broth_microdilution_CLSI	1.0	S	broth_microdilution_CLSI	NA	NA	NA	>8.0	R	broth_microdilution_CLSI	1.0	S	broth_microdilution_CLSI	0.06	S	broth_microdilution_CLSI	NA	NA	NA	2048	R	broth_microdilution_CLSI	1.0	S	broth_microdilution_CLSI	>32.0	R	broth_microdilution_CLSI	4.0	S	broth_microdilution_CLSI	NA	NA	NA	8.0	R	broth_microdilution_CLSI	>32.0	R	broth_microdilution_CLSI	NA	NA	NA	R	broth_microdilution_CLSI	16.0	S	broth_microdilution_CLSI	NA	NA	NA	NA	NA	NA	NA	NA	NA	NA	NA	NA	NA	NA	NA	NA	NA	NA	NA	NA	NA	NA	NA	NA	1.0	S	broth_microdilution_CLSI	NA	NA	NA	>32.0	R	broth_microdilution_CLSI	NA	NA	NA	NA	NA	NA	NA	NA	NA	NA	NA	NA	NA	NA	NA	NA	NA	NA	NA	NA	NA	NA	NA	NA	NA	NA	NA	NA	NA	NA	NA	NA	NA	NA	NA	NA	NA	NA	NA	NA	NA	NA	NA	NA	NA	NA	NA	NA	NA	NA	NA	NA	NA	NA	NA	NA	NA
SAMN07982025	ID_7463120	SAMN07982025	NA	tyson2018	R	broth_microdilution_CLSI	1.0	S	broth_microdilution_CLSI	NA	NA	NA	>8.0	R	broth_microdilution_CLSI	<=0.5	S	broth_microdilution_CLSI	0.12	S	broth_microdilution_CLSI	NA	NA	NA	<=512	S	broth_microdilution_CLSI	0.5	S	broth_microdilution_CLSI	<=1.0	S	broth_microdilution_CLSI	4.0	S	broth_microdilution_CLSI	NA	NA	NA	8.0	R	broth_microdilution_CLSI	4.0	S	broth_microdilution_CLSI	NA	NA	NA	R	broth_microdilution_CLSI	8.0	S	broth_microdilution_CLSI	NA	NA	NA	NA	NA	NA	NA	NA	NA	NA	NA	NA	NA	NA	NA	NA	NA	NA	NA	NA	NA	NA	NA	NA	0.5	S	broth_microdilution_CLSI	NA	NA	NA	>32.0	R	broth_microdilution_CLSI	NA	NA	NA	NA	NA	NA	NA	NA	NA	NA	NA	NA	NA	NA	NA	NA	NA	NA	NA	NA	NA	NA	NA	NA	NA	NA	NA	NA	NA	NA	NA	NA	NA	NA	NA	NA	NA	NA	NA	NA	NA	NA	NA	NA	NA	NA	NA	NA	NA	NA	NA	NA	NA	NA	NA	NA	NA
SAMN07982027	ID_1735821	SAMN07982027	NA	tyson2018	S	broth_microdilution_CLSI	1.0	S	broth_microdilution_CLSI	NA	NA	NA	>8.0	R	broth_microdilution_CLSI	1.0	S	broth_microdilution_CLSI	0.06	S	broth_microdilution_CLSI	NA	NA	NA	2048	R	broth_microdilution_CLSI	1.0	S	broth_microdilution_CLSI	>32.0	R	broth_microdilution_CLSI	4.0	S	broth_microdilution_CLSI	NA	NA	NA	8.0	R	broth_microdilution_CLSI	>32.0	R	broth_microdilution_CLSI	NA	NA	NA	R	broth_microdilution_CLSI	16.0	S	broth_microdilution_CLSI	NA	NA	NA	NA	NA	NA	NA	NA	NA	NA	NA	NA	NA	NA	NA	NA	NA	NA	NA	NA	NA	NA	NA	NA	1.0	S	broth_microdilution_CLSI	NA	NA	NA	>32.0	R	broth_microdilution_CLSI	NA	NA	NA	NA	NA	NA	NA	NA	NA	NA	NA	NA	NA	NA	NA	NA	NA	NA	NA	NA	NA	NA	NA	NA	NA	NA	NA	NA	NA	NA	NA	NA	NA	NA	NA	NA	NA	NA	NA	NA	NA	NA	NA	NA	NA	NA	NA	NA	NA	NA	NA	NA	NA	NA	NA	NA	NA
SAMN07982028	ID_2939834	SAMN07982028	NA	tyson2018	S	broth_microdilution_CLSI	1.0	S	broth_microdilution_CLSI	NA	NA	NA	<=0.25	S	broth_microdilution_CLSI	1.0	S	broth_microdilution_CLSI	0.12	S	broth_microdilution_CLSI	NA	NA	NA	<=512	S	broth_microdilution_CLSI	1.0	S	broth_microdilution_CLSI	<=1.0	S	broth_microdilution_CLSI	4.0	S	broth_microdilution_CLSI	NA	NA	NA	8.0	R	broth_microdilution_CLSI	4.0	S	broth_microdilution_CLSI	NA	NA	NA	S	broth_microdilution_CLSI	16.0	S	broth_microdilution_CLSI	NA	NA	NA	NA	NA	NA	NA	NA	NA	NA	NA	NA	NA	NA	NA	NA	NA	NA	NA	NA	NA	NA	NA	NA	2.0	S	broth_microdilution_CLSI	NA	NA	NA	2.0	S	broth_microdilution_CLSI	NA	NA	NA	NA	NA	NA	NA	NA	NA	NA	NA	NA	NA	NA	NA	NA	NA	NA	NA	NA	NA	NA	NA	NA	NA	NA	NA	NA	NA	NA	NA	NA	NA	NA	NA	NA	NA	NA	NA	NA	NA	NA	NA	NA	NA	NA	NA	NA	NA	NA	NA	NA	NA	NA	NA	NA	NA
SAMN07982029	ID_7212933	SAMN07982029	NA	tyson2018	S	broth_microdilution_CLSI	1.0	S	broth_microdilution_CLSI	NA	NA	NA	1.0	S	broth_microdilution_CLSI	1.0	S	broth_microdilution_CLSI	0.12	S	broth_microdilution_CLSI	NA	NA	NA	<=512	S	broth_microdilution_CLSI	1.0	S	broth_microdilution_CLSI	>32.0	R	broth_microdilution_CLSI	4.0	S	broth_microdilution_CLSI	NA	NA	NA	8.0	R	broth_microdilution_CLSI	4.0	S	broth_microdilution_CLSI	NA	NA	NA	S	broth_microdilution_CLSI	8.0	S	broth_microdilution_CLSI	NA	NA	NA	NA	NA	NA	NA	NA	NA	NA	NA	NA	NA	NA	NA	NA	NA	NA	NA	NA	NA	NA	NA	NA	1.0	S	broth_microdilution_CLSI	NA	NA	NA	1.0	S	broth_microdilution_CLSI	NA	NA	NA	NA	NA	NA	NA	NA	NA	NA	NA	NA	NA	NA	NA	NA	NA	NA	NA	NA	NA	NA	NA	NA	NA	NA	NA	NA	NA	NA	NA	NA	NA	NA	NA	NA	NA	NA	NA	NA	NA	NA	NA	NA	NA	NA	NA	NA	NA	NA	NA	NA	NA	NA	NA	NA	NA
SAMN07982032	ID_2299793	SAMN07982032	NA	tyson2018	S	broth_microdilution_CLSI	2.0	S	broth_microdilution_CLSI	NA	NA	NA	0.5	S	broth_microdilution_CLSI	1.0	S	broth_microdilution_CLSI	0.12	S	broth_microdilution_CLSI	NA	NA	NA	<=512	S	broth_microdilution_CLSI	2.0	S	broth_microdilution_CLSI	32.0	R	broth_microdilution_CLSI	4.0	S	broth_microdilution_CLSI	NA	NA	NA	8.0	R	broth_microdilution_CLSI	4.0	S	broth_microdilution_CLSI	NA	NA	NA	S	broth_microdilution_CLSI	8.0	S	broth_microdilution_CLSI	NA	NA	NA	NA	NA	NA	NA	NA	NA	NA	NA	NA	NA	NA	NA	NA	NA	NA	NA	NA	NA	NA	NA	NA	1.0	S	broth_microdilution_CLSI	NA	NA	NA	1.0	S	broth_microdilution_CLSI	NA	NA	NA	NA	NA	NA	NA	NA	NA	NA	NA	NA	NA	NA	NA	NA	NA	NA	NA	NA	NA	NA	NA	NA	NA	NA	NA	NA	NA	NA	NA	NA	NA	NA	NA	NA	NA	NA	NA	NA	NA	NA	NA	NA	NA	NA	NA	NA	NA	NA	NA	NA	NA	NA	NA	NA	NA
SAMN07982034	ID_2558042	SAMN07982034	NA	tyson2018	S	broth_microdilution_CLSI	2.0	S	broth_microdilution_CLSI	NA	NA	NA	0.5	S	broth_microdilution_CLSI	1.0	S	broth_microdilution_CLSI	0.12	S	broth_microdilution_CLSI	NA	NA	NA	<=512	S	broth_microdilution_CLSI	1.0	S	broth_microdilution_CLSI	16.0	R	broth_microdilution_CLSI	2.0	S	broth_microdilution_CLSI	NA	NA	NA	8.0	R	broth_microdilution_CLSI	4.0	S	broth_microdilution_CLSI	NA	NA	NA	S	broth_microdilution_CLSI	16.0	S	broth_microdilution_CLSI	NA	NA	NA	NA	NA	NA	NA	NA	NA	NA	NA	NA	NA	NA	NA	NA	NA	NA	NA	NA	NA	NA	NA	NA	2.0	S	broth_microdilution_CLSI	NA	NA	NA	1.0	S	broth_microdilution_CLSI	NA	NA	NA	NA	NA	NA	NA	NA	NA	NA	NA	NA	NA	NA	NA	NA	NA	NA	NA	NA	NA	NA	NA	NA	NA	NA	NA	NA	NA	NA	NA	NA	NA	NA	NA	NA	NA	NA	NA	NA	NA	NA	NA	NA	NA	NA	NA	NA	NA	NA	NA	NA	NA	NA	NA	NA	NA
SAMN07982035	ID_1875792	SAMN07982035	NA	tyson2018	R	broth_microdilution_CLSI	1.0	S	broth_microdilution_CLSI	NA	NA	NA	4.0	S	broth_microdilution_CLSI	1.0	S	broth_microdilution_CLSI	0.06	S	broth_microdilution_CLSI	NA	NA	NA	<=512	S	broth_microdilution_CLSI	1.0	S	broth_microdilution_CLSI	>32.0	R	broth_microdilution_CLSI	2.0	S	broth_microdilution_CLSI	NA	NA	NA	4.0	S	broth_microdilution_CLSI	4.0	S	broth_microdilution_CLSI	NA	NA	NA	R	broth_microdilution_CLSI	16.0	S	broth_microdilution_CLSI	NA	NA	NA	NA	NA	NA	NA	NA	NA	NA	NA	NA	NA	NA	NA	NA	NA	NA	NA	NA	NA	NA	NA	NA	0.5	S	broth_microdilution_CLSI	NA	NA	NA	>32.0	R	broth_microdilution_CLSI	NA	NA	NA	NA	NA	NA	NA	NA	NA	NA	NA	NA	NA	NA	NA	NA	NA	NA	NA	NA	NA	NA	NA	NA	NA	NA	NA	NA	NA	NA	NA	NA	NA	NA	NA	NA	NA	NA	NA	NA	NA	NA	NA	NA	NA	NA	NA	NA	NA	NA	NA	NA	NA	NA	NA	NA	NA
SAMN07982036	ID_7662981	SAMN07982036	NA	tyson2018	S	broth_microdilution_CLSI	4.0	S	broth_microdilution_CLSI	NA	NA	NA	1.0	S	broth_microdilution_CLSI	1.0	S	broth_microdilution_CLSI	0.12	S	broth_microdilution_CLSI	NA	NA	NA	<=512	S	broth_microdilution_CLSI	1.0	S	broth_microdilution_CLSI	<=1.0	S	broth_microdilution_CLSI	2.0	S	broth_microdilution_CLSI	NA	NA	NA	4.0	S	broth_microdilution_CLSI	8.0	S	broth_microdilution_CLSI	NA	NA	NA	S	broth_microdilution_CLSI	8.0	S	broth_microdilution_CLSI	NA	NA	NA	NA	NA	NA	NA	NA	NA	NA	NA	NA	NA	NA	NA	NA	NA	NA	NA	NA	NA	NA	NA	NA	1.0	S	broth_microdilution_CLSI	NA	NA	NA	2.0	S	broth_microdilution_CLSI	NA	NA	NA	NA	NA	NA	NA	NA	NA	NA	NA	NA	NA	NA	NA	NA	NA	NA	NA	NA	NA	NA	NA	NA	NA	NA	NA	NA	NA	NA	NA	NA	NA	NA	NA	NA	NA	NA	NA	NA	NA	NA	NA	NA	NA	NA	NA	NA	NA	NA	NA	NA	NA	NA	NA	NA	NA
SAMN07982037	ID_6736896	SAMN07982037	NA	tyson2018	R	broth_microdilution_CLSI	2.0	S	broth_microdilution_CLSI	NA	NA	NA	>8.0	R	broth_microdilution_CLSI	<=0.5	S	broth_microdilution_CLSI	0.12	S	broth_microdilution_CLSI	NA	NA	NA	>2048	R	broth_microdilution_CLSI	1.0	S	broth_microdilution_CLSI	>32.0	R	broth_microdilution_CLSI	2.0	S	broth_microdilution_CLSI	NA	NA	NA	8.0	R	broth_microdilution_CLSI	4.0	S	broth_microdilution_CLSI	NA	NA	NA	R	broth_microdilution_CLSI	8.0	S	broth_microdilution_CLSI	NA	NA	NA	NA	NA	NA	NA	NA	NA	NA	NA	NA	NA	NA	NA	NA	NA	NA	NA	NA	NA	NA	NA	NA	1.0	S	broth_microdilution_CLSI	NA	NA	NA	>32.0	R	broth_microdilution_CLSI	NA	NA	NA	NA	NA	NA	NA	NA	NA	NA	NA	NA	NA	NA	NA	NA	NA	NA	NA	NA	NA	NA	NA	NA	NA	NA	NA	NA	NA	NA	NA	NA	NA	NA	NA	NA	NA	NA	NA	NA	NA	NA	NA	NA	NA	NA	NA	NA	NA	NA	NA	NA	NA	NA	NA	NA	NA
SAMN07982038	ID_4647113	SAMN07982038	NA	tyson2018	S	broth_microdilution_CLSI	2.0	S	broth_microdilution_CLSI	NA	NA	NA	>8.0	R	broth_microdilution_CLSI	<=0.5	S	broth_microdilution_CLSI	0.06	S	broth_microdilution_CLSI	NA	NA	NA	>2048	R	broth_microdilution_CLSI	1.0	S	broth_microdilution_CLSI	>32.0	R	broth_microdilution_CLSI	4.0	S	broth_microdilution_CLSI	NA	NA	NA	8.0	R	broth_microdilution_CLSI	>32.0	R	broth_microdilution_CLSI	NA	NA	NA	R	broth_microdilution_CLSI	16.0	S	broth_microdilution_CLSI	NA	NA	NA	NA	NA	NA	NA	NA	NA	NA	NA	NA	NA	NA	NA	NA	NA	NA	NA	NA	NA	NA	NA	NA	1.0	S	broth_microdilution_CLSI	NA	NA	NA	>32.0	R	broth_microdilution_CLSI	NA	NA	NA	NA	NA	NA	NA	NA	NA	NA	NA	NA	NA	NA	NA	NA	NA	NA	NA	NA	NA	NA	NA	NA	NA	NA	NA	NA	NA	NA	NA	NA	NA	NA	NA	NA	NA	NA	NA	NA	NA	NA	NA	NA	NA	NA	NA	NA	NA	NA	NA	NA	NA	NA	NA	NA	NA
SAMN07982039	ID_3476448	SAMN07982039	NA	tyson2018	S	broth_microdilution_CLSI	0.5	S	broth_microdilution_CLSI	NA	NA	NA	<=0.25	S	broth_microdilution_CLSI	2.0	S	broth_microdilution_CLSI	0.06	S	broth_microdilution_CLSI	NA	NA	NA	<=512	S	broth_microdilution_CLSI	1.0	S	broth_microdilution_CLSI	<=1.0	S	broth_microdilution_CLSI	1.0	S	broth_microdilution_CLSI	NA	NA	NA	2.0	S	broth_microdilution_CLSI	4.0	S	broth_microdilution_CLSI	NA	NA	NA	S	broth_microdilution_CLSI	16.0	S	broth_microdilution_CLSI	NA	NA	NA	NA	NA	NA	NA	NA	NA	NA	NA	NA	NA	NA	NA	NA	NA	NA	NA	NA	NA	NA	NA	NA	1.0	S	broth_microdilution_CLSI	NA	NA	NA	4.0	S	broth_microdilution_CLSI	NA	NA	NA	NA	NA	NA	NA	NA	NA	NA	NA	NA	NA	NA	NA	NA	NA	NA	NA	NA	NA	NA	NA	NA	NA	NA	NA	NA	NA	NA	NA	NA	NA	NA	NA	NA	NA	NA	NA	NA	NA	NA	NA	NA	NA	NA	NA	NA	NA	NA	NA	NA	NA	NA	NA	NA	NA
SAMN07982040	ID_3181710	SAMN07982040	NA	tyson2018	R	broth_microdilution_CLSI	1.0	S	broth_microdilution_CLSI	NA	NA	NA	>8.0	R	broth_microdilution_CLSI	1.0	S	broth_microdilution_CLSI	0.06	S	broth_microdilution_CLSI	NA	NA	NA	<=512	S	broth_microdilution_CLSI	1.0	S	broth_microdilution_CLSI	<=1.0	S	broth_microdilution_CLSI	4.0	S	broth_microdilution_CLSI	NA	NA	NA	4.0	S	broth_microdilution_CLSI	4.0	S	broth_microdilution_CLSI	NA	NA	NA	R	broth_microdilution_CLSI	64.0	S	broth_microdilution_CLSI	NA	NA	NA	NA	NA	NA	NA	NA	NA	NA	NA	NA	NA	NA	NA	NA	NA	NA	NA	NA	NA	NA	NA	NA	2.0	S	broth_microdilution_CLSI	NA	NA	NA	>32.0	R	broth_microdilution_CLSI	NA	NA	NA	NA	NA	NA	NA	NA	NA	NA	NA	NA	NA	NA	NA	NA	NA	NA	NA	NA	NA	NA	NA	NA	NA	NA	NA	NA	NA	NA	NA	NA	NA	NA	NA	NA	NA	NA	NA	NA	NA	NA	NA	NA	NA	NA	NA	NA	NA	NA	NA	NA	NA	NA	NA	NA	NA
SAMN07982043	ID_5113123	SAMN07982043	NA	tyson2018	R	broth_microdilution_CLSI	1.0	S	broth_microdilution_CLSI	NA	NA	NA	>8.0	R	broth_microdilution_CLSI	1.0	S	broth_microdilution_CLSI	0.12	S	broth_microdilution_CLSI	NA	NA	NA	>2048	R	broth_microdilution_CLSI	1.0	S	broth_microdilution_CLSI	>32.0	R	broth_microdilution_CLSI	2.0	S	broth_microdilution_CLSI	NA	NA	NA	8.0	R	broth_microdilution_CLSI	4.0	S	broth_microdilution_CLSI	NA	NA	NA	R	broth_microdilution_CLSI	8.0	S	broth_microdilution_CLSI	NA	NA	NA	NA	NA	NA	NA	NA	NA	NA	NA	NA	NA	NA	NA	NA	NA	NA	NA	NA	NA	NA	NA	NA	1.0	S	broth_microdilution_CLSI	NA	NA	NA	>32.0	R	broth_microdilution_CLSI	NA	NA	NA	NA	NA	NA	NA	NA	NA	NA	NA	NA	NA	NA	NA	NA	NA	NA	NA	NA	NA	NA	NA	NA	NA	NA	NA	NA	NA	NA	NA	NA	NA	NA	NA	NA	NA	NA	NA	NA	NA	NA	NA	NA	NA	NA	NA	NA	NA	NA	NA	NA	NA	NA	NA	NA	NA
SAMN07982045	ID_4845874	SAMN07982045	NA	tyson2018	S	broth_microdilution_CLSI	1.0	S	broth_microdilution_CLSI	NA	NA	NA	1.0	S	broth_microdilution_CLSI	1.0	S	broth_microdilution_CLSI	0.12	S	broth_microdilution_CLSI	NA	NA	NA	<=512	S	broth_microdilution_CLSI	0.5	S	broth_microdilution_CLSI	16.0	R	broth_microdilution_CLSI	2.0	S	broth_microdilution_CLSI	NA	NA	NA	4.0	S	broth_microdilution_CLSI	4.0	S	broth_microdilution_CLSI	NA	NA	NA	S	broth_microdilution_CLSI	16.0	S	broth_microdilution_CLSI	NA	NA	NA	NA	NA	NA	NA	NA	NA	NA	NA	NA	NA	NA	NA	NA	NA	NA	NA	NA	NA	NA	NA	NA	>16.0	R	broth_microdilution_CLSI	NA	NA	NA	1.0	S	broth_microdilution_CLSI	NA	NA	NA	NA	NA	NA	NA	NA	NA	NA	NA	NA	NA	NA	NA	NA	NA	NA	NA	NA	NA	NA	NA	NA	NA	NA	NA	NA	NA	NA	NA	NA	NA	NA	NA	NA	NA	NA	NA	NA	NA	NA	NA	NA	NA	NA	NA	NA	NA	NA	NA	NA	NA	NA	NA	NA	NA
SAMN07982052	ID_3956097	SAMN07982052	NA	tyson2018	S	broth_microdilution_CLSI	2.0	S	broth_microdilution_CLSI	NA	NA	NA	8.0	R	broth_microdilution_CLSI	1.0	S	broth_microdilution_CLSI	0.03	S	broth_microdilution_CLSI	NA	NA	NA	<=512	S	broth_microdilution_CLSI	1.0	S	broth_microdilution_CLSI	>32.0	R	broth_microdilution_CLSI	4.0	S	broth_microdilution_CLSI	NA	NA	NA	8.0	R	broth_microdilution_CLSI	>32.0	R	broth_microdilution_CLSI	NA	NA	NA	S	broth_microdilution_CLSI	16.0	S	broth_microdilution_CLSI	NA	NA	NA	NA	NA	NA	NA	NA	NA	NA	NA	NA	NA	NA	NA	NA	NA	NA	NA	NA	NA	NA	NA	NA	1.0	S	broth_microdilution_CLSI	NA	NA	NA	>32.0	R	broth_microdilution_CLSI	NA	NA	NA	NA	NA	NA	NA	NA	NA	NA	NA	NA	NA	NA	NA	NA	NA	NA	NA	NA	NA	NA	NA	NA	NA	NA	NA	NA	NA	NA	NA	NA	NA	NA	NA	NA	NA	NA	NA	NA	NA	NA	NA	NA	NA	NA	NA	NA	NA	NA	NA	NA	NA	NA	NA	NA	NA
SAMN07982053	ID_2366515	SAMN07982053	NA	tyson2018	R	broth_microdilution_CLSI	1.0	S	broth_microdilution_CLSI	NA	NA	NA	0.5	S	broth_microdilution_CLSI	1.0	S	broth_microdilution_CLSI	0.03	S	broth_microdilution_CLSI	NA	NA	NA	<=512	S	broth_microdilution_CLSI	1.0	S	broth_microdilution_CLSI	>32.0	R	broth_microdilution_CLSI	4.0	S	broth_microdilution_CLSI	NA	NA	NA	4.0	S	broth_microdilution_CLSI	4.0	S	broth_microdilution_CLSI	NA	NA	NA	R	broth_microdilution_CLSI	16.0	S	broth_microdilution_CLSI	NA	NA	NA	NA	NA	NA	NA	NA	NA	NA	NA	NA	NA	NA	NA	NA	NA	NA	NA	NA	NA	NA	NA	NA	1.0	S	broth_microdilution_CLSI	NA	NA	NA	2.0	S	broth_microdilution_CLSI	NA	NA	NA	NA	NA	NA	NA	NA	NA	NA	NA	NA	NA	NA	NA	NA	NA	NA	NA	NA	NA	NA	NA	NA	NA	NA	NA	NA	NA	NA	NA	NA	NA	NA	NA	NA	NA	NA	NA	NA	NA	NA	NA	NA	NA	NA	NA	NA	NA	NA	NA	NA	NA	NA	NA	NA	NA
SAMN07982054	ID_3603510	SAMN07982054	NA	tyson2018	S	broth_microdilution_CLSI	2.0	S	broth_microdilution_CLSI	NA	NA	NA	1.0	S	broth_microdilution_CLSI	2.0	S	broth_microdilution_CLSI	0.03	S	broth_microdilution_CLSI	NA	NA	NA	<=512	S	broth_microdilution_CLSI	2.0	S	broth_microdilution_CLSI	<=1.0	S	broth_microdilution_CLSI	4.0	S	broth_microdilution_CLSI	NA	NA	NA	4.0	S	broth_microdilution_CLSI	4.0	S	broth_microdilution_CLSI	NA	NA	NA	S	broth_microdilution_CLSI	16.0	S	broth_microdilution_CLSI	NA	NA	NA	NA	NA	NA	NA	NA	NA	NA	NA	NA	NA	NA	NA	NA	NA	NA	NA	NA	NA	NA	NA	NA	1.0	S	broth_microdilution_CLSI	NA	NA	NA	1.0	S	broth_microdilution_CLSI	NA	NA	NA	NA	NA	NA	NA	NA	NA	NA	NA	NA	NA	NA	NA	NA	NA	NA	NA	NA	NA	NA	NA	NA	NA	NA	NA	NA	NA	NA	NA	NA	NA	NA	NA	NA	NA	NA	NA	NA	NA	NA	NA	NA	NA	NA	NA	NA	NA	NA	NA	NA	NA	NA	NA	NA	NA
SAMN07982055	ID_2197696	SAMN07982055	NA	tyson2018	R	broth_microdilution_CLSI	1.0	S	broth_microdilution_CLSI	NA	NA	NA	>8.0	R	broth_microdilution_CLSI	<=0.5	S	broth_microdilution_CLSI	0.03	S	broth_microdilution_CLSI	NA	NA	NA	<=512	S	broth_microdilution_CLSI	0.5	S	broth_microdilution_CLSI	<=1.0	S	broth_microdilution_CLSI	4.0	S	broth_microdilution_CLSI	NA	NA	NA	8.0	R	broth_microdilution_CLSI	4.0	S	broth_microdilution_CLSI	NA	NA	NA	R	broth_microdilution_CLSI	8.0	S	broth_microdilution_CLSI	NA	NA	NA	NA	NA	NA	NA	NA	NA	NA	NA	NA	NA	NA	NA	NA	NA	NA	NA	NA	NA	NA	NA	NA	0.5	S	broth_microdilution_CLSI	NA	NA	NA	>32.0	R	broth_microdilution_CLSI	NA	NA	NA	NA	NA	NA	NA	NA	NA	NA	NA	NA	NA	NA	NA	NA	NA	NA	NA	NA	NA	NA	NA	NA	NA	NA	NA	NA	NA	NA	NA	NA	NA	NA	NA	NA	NA	NA	NA	NA	NA	NA	NA	NA	NA	NA	NA	NA	NA	NA	NA	NA	NA	NA	NA	NA	NA
SAMN07982056	ID_8346448	SAMN07982056	NA	tyson2018	S	broth_microdilution_CLSI	2.0	S	broth_microdilution_CLSI	NA	NA	NA	>8.0	R	broth_microdilution_CLSI	1.0	S	broth_microdilution_CLSI	0.12	S	broth_microdilution_CLSI	NA	NA	NA	<=512	S	broth_microdilution_CLSI	2.0	S	broth_microdilution_CLSI	>32.0	R	broth_microdilution_CLSI	4.0	S	broth_microdilution_CLSI	NA	NA	NA	8.0	R	broth_microdilution_CLSI	>32.0	R	broth_microdilution_CLSI	NA	NA	NA	R	broth_microdilution_CLSI	8.0	S	broth_microdilution_CLSI	NA	NA	NA	NA	NA	NA	NA	NA	NA	NA	NA	NA	NA	NA	NA	NA	NA	NA	NA	NA	NA	NA	NA	NA	1.0	S	broth_microdilution_CLSI	NA	NA	NA	>32.0	R	broth_microdilution_CLSI	NA	NA	NA	NA	NA	NA	NA	NA	NA	NA	NA	NA	NA	NA	NA	NA	NA	NA	NA	NA	NA	NA	NA	NA	NA	NA	NA	NA	NA	NA	NA	NA	NA	NA	NA	NA	NA	NA	NA	NA	NA	NA	NA	NA	NA	NA	NA	NA	NA	NA	NA	NA	NA	NA	NA	NA	NA
SAMN07982057	ID_3135980	SAMN07982057	NA	tyson2018	R	broth_microdilution_CLSI	2.0	S	broth_microdilution_CLSI	NA	NA	NA	>8.0	R	broth_microdilution_CLSI	1.0	S	broth_microdilution_CLSI	0.12	S	broth_microdilution_CLSI	NA	NA	NA	2048	R	broth_microdilution_CLSI	1.0	S	broth_microdilution_CLSI	>32.0	R	broth_microdilution_CLSI	2.0	S	broth_microdilution_CLSI	NA	NA	NA	8.0	R	broth_microdilution_CLSI	4.0	S	broth_microdilution_CLSI	NA	NA	NA	R	broth_microdilution_CLSI	8.0	S	broth_microdilution_CLSI	NA	NA	NA	NA	NA	NA	NA	NA	NA	NA	NA	NA	NA	NA	NA	NA	NA	NA	NA	NA	NA	NA	NA	NA	1.0	S	broth_microdilution_CLSI	NA	NA	NA	>32.0	R	broth_microdilution_CLSI	NA	NA	NA	NA	NA	NA	NA	NA	NA	NA	NA	NA	NA	NA	NA	NA	NA	NA	NA	NA	NA	NA	NA	NA	NA	NA	NA	NA	NA	NA	NA	NA	NA	NA	NA	NA	NA	NA	NA	NA	NA	NA	NA	NA	NA	NA	NA	NA	NA	NA	NA	NA	NA	NA	NA	NA	NA
SAMN07982059	ID_3403521	SAMN07982059	NA	tyson2018	R	broth_microdilution_CLSI	1.0	S	broth_microdilution_CLSI	NA	NA	NA	>8.0	R	broth_microdilution_CLSI	<=0.5	S	broth_microdilution_CLSI	0.06	S	broth_microdilution_CLSI	NA	NA	NA	>2048	R	broth_microdilution_CLSI	1.0	S	broth_microdilution_CLSI	>32.0	R	broth_microdilution_CLSI	4.0	S	broth_microdilution_CLSI	NA	NA	NA	8.0	R	broth_microdilution_CLSI	4.0	S	broth_microdilution_CLSI	NA	NA	NA	R	broth_microdilution_CLSI	8.0	S	broth_microdilution_CLSI	NA	NA	NA	NA	NA	NA	NA	NA	NA	NA	NA	NA	NA	NA	NA	NA	NA	NA	NA	NA	NA	NA	NA	NA	1.0	S	broth_microdilution_CLSI	NA	NA	NA	>32.0	R	broth_microdilution_CLSI	NA	NA	NA	NA	NA	NA	NA	NA	NA	NA	NA	NA	NA	NA	NA	NA	NA	NA	NA	NA	NA	NA	NA	NA	NA	NA	NA	NA	NA	NA	NA	NA	NA	NA	NA	NA	NA	NA	NA	NA	NA	NA	NA	NA	NA	NA	NA	NA	NA	NA	NA	NA	NA	NA	NA	NA	NA
SAMN07982061	ID_7905063	SAMN07982061	NA	tyson2018	S	broth_microdilution_CLSI	1.0	S	broth_microdilution_CLSI	NA	NA	NA	>8.0	R	broth_microdilution_CLSI	1.0	S	broth_microdilution_CLSI	0.12	S	broth_microdilution_CLSI	NA	NA	NA	2048	R	broth_microdilution_CLSI	1.0	S	broth_microdilution_CLSI	>32.0	R	broth_microdilution_CLSI	4.0	S	broth_microdilution_CLSI	NA	NA	NA	8.0	R	broth_microdilution_CLSI	>32.0	R	broth_microdilution_CLSI	NA	NA	NA	R	broth_microdilution_CLSI	16.0	S	broth_microdilution_CLSI	NA	NA	NA	NA	NA	NA	NA	NA	NA	NA	NA	NA	NA	NA	NA	NA	NA	NA	NA	NA	NA	NA	NA	NA	1.0	S	broth_microdilution_CLSI	NA	NA	NA	>32.0	R	broth_microdilution_CLSI	NA	NA	NA	NA	NA	NA	NA	NA	NA	NA	NA	NA	NA	NA	NA	NA	NA	NA	NA	NA	NA	NA	NA	NA	NA	NA	NA	NA	NA	NA	NA	NA	NA	NA	NA	NA	NA	NA	NA	NA	NA	NA	NA	NA	NA	NA	NA	NA	NA	NA	NA	NA	NA	NA	NA	NA	NA
SAMN07982062	ID_1569851	SAMN07982062	NA	tyson2018	R	broth_microdilution_CLSI	1.0	S	broth_microdilution_CLSI	NA	NA	NA	>8.0	R	broth_microdilution_CLSI	<=0.5	S	broth_microdilution_CLSI	0.03	S	broth_microdilution_CLSI	NA	NA	NA	>2048	R	broth_microdilution_CLSI	0.5	S	broth_microdilution_CLSI	>32.0	R	broth_microdilution_CLSI	2.0	S	broth_microdilution_CLSI	NA	NA	NA	4.0	S	broth_microdilution_CLSI	4.0	S	broth_microdilution_CLSI	NA	NA	NA	R	broth_microdilution_CLSI	8.0	S	broth_microdilution_CLSI	NA	NA	NA	NA	NA	NA	NA	NA	NA	NA	NA	NA	NA	NA	NA	NA	NA	NA	NA	NA	NA	NA	NA	NA	1.0	S	broth_microdilution_CLSI	NA	NA	NA	>32.0	R	broth_microdilution_CLSI	NA	NA	NA	NA	NA	NA	NA	NA	NA	NA	NA	NA	NA	NA	NA	NA	NA	NA	NA	NA	NA	NA	NA	NA	NA	NA	NA	NA	NA	NA	NA	NA	NA	NA	NA	NA	NA	NA	NA	NA	NA	NA	NA	NA	NA	NA	NA	NA	NA	NA	NA	NA	NA	NA	NA	NA	NA
SAMN07982066	ID_7069513	SAMN07982066	NA	tyson2018	S	broth_microdilution_CLSI	1.0	S	broth_microdilution_CLSI	NA	NA	NA	>8.0	R	broth_microdilution_CLSI	1.0	S	broth_microdilution_CLSI	0.06	S	broth_microdilution_CLSI	NA	NA	NA	<=512	S	broth_microdilution_CLSI	1.0	S	broth_microdilution_CLSI	<=1.0	S	broth_microdilution_CLSI	4.0	S	broth_microdilution_CLSI	NA	NA	NA	16.0	R	broth_microdilution_CLSI	4.0	S	broth_microdilution_CLSI	NA	NA	NA	S	broth_microdilution_CLSI	16.0	S	broth_microdilution_CLSI	NA	NA	NA	NA	NA	NA	NA	NA	NA	NA	NA	NA	NA	NA	NA	NA	NA	NA	NA	NA	NA	NA	NA	NA	2.0	S	broth_microdilution_CLSI	NA	NA	NA	>32.0	R	broth_microdilution_CLSI	NA	NA	NA	NA	NA	NA	NA	NA	NA	NA	NA	NA	NA	NA	NA	NA	NA	NA	NA	NA	NA	NA	NA	NA	NA	NA	NA	NA	NA	NA	NA	NA	NA	NA	NA	NA	NA	NA	NA	NA	NA	NA	NA	NA	NA	NA	NA	NA	NA	NA	NA	NA	NA	NA	NA	NA	NA
SAMN07982067	ID_4637526	SAMN07982067	NA	tyson2018	S	broth_microdilution_CLSI	2.0	S	broth_microdilution_CLSI	NA	NA	NA	<=0.25	S	broth_microdilution_CLSI	1.0	S	broth_microdilution_CLSI	0.12	S	broth_microdilution_CLSI	NA	NA	NA	<=512	S	broth_microdilution_CLSI	0.5	S	broth_microdilution_CLSI	<=1.0	S	broth_microdilution_CLSI	4.0	S	broth_microdilution_CLSI	NA	NA	NA	4.0	S	broth_microdilution_CLSI	4.0	S	broth_microdilution_CLSI	NA	NA	NA	S	broth_microdilution_CLSI	8.0	S	broth_microdilution_CLSI	NA	NA	NA	NA	NA	NA	NA	NA	NA	NA	NA	NA	NA	NA	NA	NA	NA	NA	NA	NA	NA	NA	NA	NA	2.0	S	broth_microdilution_CLSI	NA	NA	NA	2.0	S	broth_microdilution_CLSI	NA	NA	NA	NA	NA	NA	NA	NA	NA	NA	NA	NA	NA	NA	NA	NA	NA	NA	NA	NA	NA	NA	NA	NA	NA	NA	NA	NA	NA	NA	NA	NA	NA	NA	NA	NA	NA	NA	NA	NA	NA	NA	NA	NA	NA	NA	NA	NA	NA	NA	NA	NA	NA	NA	NA	NA	NA
SAMN07982070	ID_6564734	SAMN07982070	NA	tyson2018	S	broth_microdilution_CLSI	1.0	S	broth_microdilution_CLSI	NA	NA	NA	>8.0	R	broth_microdilution_CLSI	1.0	S	broth_microdilution_CLSI	0.25	S	broth_microdilution_CLSI	NA	NA	NA	<=512	S	broth_microdilution_CLSI	1.0	S	broth_microdilution_CLSI	>32.0	R	broth_microdilution_CLSI	4.0	S	broth_microdilution_CLSI	NA	NA	NA	32.0	R	broth_microdilution_CLSI	4.0	S	broth_microdilution_CLSI	NA	NA	NA	S	broth_microdilution_CLSI	8.0	S	broth_microdilution_CLSI	NA	NA	NA	NA	NA	NA	NA	NA	NA	NA	NA	NA	NA	NA	NA	NA	NA	NA	NA	NA	NA	NA	NA	NA	2.0	S	broth_microdilution_CLSI	NA	NA	NA	>32.0	R	broth_microdilution_CLSI	NA	NA	NA	NA	NA	NA	NA	NA	NA	NA	NA	NA	NA	NA	NA	NA	NA	NA	NA	NA	NA	NA	NA	NA	NA	NA	NA	NA	NA	NA	NA	NA	NA	NA	NA	NA	NA	NA	NA	NA	NA	NA	NA	NA	NA	NA	NA	NA	NA	NA	NA	NA	NA	NA	NA	NA	NA
SAMN07982071	ID_1461763	SAMN07982071	NA	tyson2018	S	broth_microdilution_CLSI	1.0	S	broth_microdilution_CLSI	NA	NA	NA	1.0	S	broth_microdilution_CLSI	1.0	S	broth_microdilution_CLSI	0.25	S	broth_microdilution_CLSI	NA	NA	NA	2048	R	broth_microdilution_CLSI	2.0	S	broth_microdilution_CLSI	>32.0	R	broth_microdilution_CLSI	4.0	S	broth_microdilution_CLSI	NA	NA	NA	8.0	R	broth_microdilution_CLSI	4.0	S	broth_microdilution_CLSI	NA	NA	NA	S	broth_microdilution_CLSI	16.0	S	broth_microdilution_CLSI	NA	NA	NA	NA	NA	NA	NA	NA	NA	NA	NA	NA	NA	NA	NA	NA	NA	NA	NA	NA	NA	NA	NA	NA	2.0	S	broth_microdilution_CLSI	NA	NA	NA	1.0	S	broth_microdilution_CLSI	NA	NA	NA	NA	NA	NA	NA	NA	NA	NA	NA	NA	NA	NA	NA	NA	NA	NA	NA	NA	NA	NA	NA	NA	NA	NA	NA	NA	NA	NA	NA	NA	NA	NA	NA	NA	NA	NA	NA	NA	NA	NA	NA	NA	NA	NA	NA	NA	NA	NA	NA	NA	NA	NA	NA	NA	NA
SAMN07982075	ID_3737347	SAMN07982075	NA	tyson2018	R	broth_microdilution_CLSI	2.0	S	broth_microdilution_CLSI	NA	NA	NA	>8.0	R	broth_microdilution_CLSI	1.0	S	broth_microdilution_CLSI	0.12	S	broth_microdilution_CLSI	NA	NA	NA	>2048	R	broth_microdilution_CLSI	2.0	S	broth_microdilution_CLSI	>32.0	R	broth_microdilution_CLSI	4.0	S	broth_microdilution_CLSI	NA	NA	NA	16.0	R	broth_microdilution_CLSI	>32.0	R	broth_microdilution_CLSI	NA	NA	NA	R	broth_microdilution_CLSI	8.0	S	broth_microdilution_CLSI	NA	NA	NA	NA	NA	NA	NA	NA	NA	NA	NA	NA	NA	NA	NA	NA	NA	NA	NA	NA	NA	NA	NA	NA	2.0	S	broth_microdilution_CLSI	NA	NA	NA	>32.0	R	broth_microdilution_CLSI	NA	NA	NA	NA	NA	NA	NA	NA	NA	NA	NA	NA	NA	NA	NA	NA	NA	NA	NA	NA	NA	NA	NA	NA	NA	NA	NA	NA	NA	NA	NA	NA	NA	NA	NA	NA	NA	NA	NA	NA	NA	NA	NA	NA	NA	NA	NA	NA	NA	NA	NA	NA	NA	NA	NA	NA	NA
SAMN07982076	ID_8776157	SAMN07982076	NA	tyson2018	S	broth_microdilution_CLSI	1.0	S	broth_microdilution_CLSI	NA	NA	NA	1.0	S	broth_microdilution_CLSI	1.0	S	broth_microdilution_CLSI	0.06	S	broth_microdilution_CLSI	NA	NA	NA	<=512	S	broth_microdilution_CLSI	2.0	S	broth_microdilution_CLSI	<=1.0	S	broth_microdilution_CLSI	4.0	S	broth_microdilution_CLSI	NA	NA	NA	8.0	R	broth_microdilution_CLSI	4.0	S	broth_microdilution_CLSI	NA	NA	NA	S	broth_microdilution_CLSI	16.0	S	broth_microdilution_CLSI	NA	NA	NA	NA	NA	NA	NA	NA	NA	NA	NA	NA	NA	NA	NA	NA	NA	NA	NA	NA	NA	NA	NA	NA	2.0	S	broth_microdilution_CLSI	NA	NA	NA	2.0	S	broth_microdilution_CLSI	NA	NA	NA	NA	NA	NA	NA	NA	NA	NA	NA	NA	NA	NA	NA	NA	NA	NA	NA	NA	NA	NA	NA	NA	NA	NA	NA	NA	NA	NA	NA	NA	NA	NA	NA	NA	NA	NA	NA	NA	NA	NA	NA	NA	NA	NA	NA	NA	NA	NA	NA	NA	NA	NA	NA	NA	NA
SAMN07982077	ID_1376293	SAMN07982077	NA	tyson2018	R	broth_microdilution_CLSI	1.0	S	broth_microdilution_CLSI	NA	NA	NA	>8.0	R	broth_microdilution_CLSI	2.0	S	broth_microdilution_CLSI	0.25	S	broth_microdilution_CLSI	NA	NA	NA	>2048	R	broth_microdilution_CLSI	1.0	S	broth_microdilution_CLSI	>32.0	R	broth_microdilution_CLSI	4.0	S	broth_microdilution_CLSI	NA	NA	NA	16.0	R	broth_microdilution_CLSI	>32.0	R	broth_microdilution_CLSI	NA	NA	NA	R	broth_microdilution_CLSI	16.0	S	broth_microdilution_CLSI	NA	NA	NA	NA	NA	NA	NA	NA	NA	NA	NA	NA	NA	NA	NA	NA	NA	NA	NA	NA	NA	NA	NA	NA	2.0	S	broth_microdilution_CLSI	NA	NA	NA	>32.0	R	broth_microdilution_CLSI	NA	NA	NA	NA	NA	NA	NA	NA	NA	NA	NA	NA	NA	NA	NA	NA	NA	NA	NA	NA	NA	NA	NA	NA	NA	NA	NA	NA	NA	NA	NA	NA	NA	NA	NA	NA	NA	NA	NA	NA	NA	NA	NA	NA	NA	NA	NA	NA	NA	NA	NA	NA	NA	NA	NA	NA	NA
SAMN07982083	ID_4206228	SAMN07982083	NA	tyson2018	S	broth_microdilution_CLSI	1.0	S	broth_microdilution_CLSI	NA	NA	NA	>8.0	R	broth_microdilution_CLSI	1.0	S	broth_microdilution_CLSI	0.06	S	broth_microdilution_CLSI	NA	NA	NA	2048	R	broth_microdilution_CLSI	2.0	S	broth_microdilution_CLSI	>32.0	R	broth_microdilution_CLSI	4.0	S	broth_microdilution_CLSI	NA	NA	NA	8.0	R	broth_microdilution_CLSI	>32.0	R	broth_microdilution_CLSI	NA	NA	NA	R	broth_microdilution_CLSI	32.0	S	broth_microdilution_CLSI	NA	NA	NA	NA	NA	NA	NA	NA	NA	NA	NA	NA	NA	NA	NA	NA	NA	NA	NA	NA	NA	NA	NA	NA	1.0	S	broth_microdilution_CLSI	NA	NA	NA	>32.0	R	broth_microdilution_CLSI	NA	NA	NA	NA	NA	NA	NA	NA	NA	NA	NA	NA	NA	NA	NA	NA	NA	NA	NA	NA	NA	NA	NA	NA	NA	NA	NA	NA	NA	NA	NA	NA	NA	NA	NA	NA	NA	NA	NA	NA	NA	NA	NA	NA	NA	NA	NA	NA	NA	NA	NA	NA	NA	NA	NA	NA	NA
SAMN07982084	ID_1430457	SAMN07982084	NA	tyson2018	S	broth_microdilution_CLSI	1.0	S	broth_microdilution_CLSI	NA	NA	NA	>8.0	R	broth_microdilution_CLSI	1.0	S	broth_microdilution_CLSI	0.12	S	broth_microdilution_CLSI	NA	NA	NA	<=512	S	broth_microdilution_CLSI	1.0	S	broth_microdilution_CLSI	>32.0	R	broth_microdilution_CLSI	4.0	S	broth_microdilution_CLSI	NA	NA	NA	32.0	R	broth_microdilution_CLSI	8.0	S	broth_microdilution_CLSI	NA	NA	NA	S	broth_microdilution_CLSI	16.0	S	broth_microdilution_CLSI	NA	NA	NA	NA	NA	NA	NA	NA	NA	NA	NA	NA	NA	NA	NA	NA	NA	NA	NA	NA	NA	NA	NA	NA	1.0	S	broth_microdilution_CLSI	NA	NA	NA	>32.0	R	broth_microdilution_CLSI	NA	NA	NA	NA	NA	NA	NA	NA	NA	NA	NA	NA	NA	NA	NA	NA	NA	NA	NA	NA	NA	NA	NA	NA	NA	NA	NA	NA	NA	NA	NA	NA	NA	NA	NA	NA	NA	NA	NA	NA	NA	NA	NA	NA	NA	NA	NA	NA	NA	NA	NA	NA	NA	NA	NA	NA	NA
SAMN07982085	ID_4440667	SAMN07982085	NA	tyson2018	S	broth_microdilution_CLSI	1.0	S	broth_microdilution_CLSI	NA	NA	NA	0.5	S	broth_microdilution_CLSI	1.0	S	broth_microdilution_CLSI	0.12	S	broth_microdilution_CLSI	NA	NA	NA	<=512	S	broth_microdilution_CLSI	1.0	S	broth_microdilution_CLSI	>32.0	R	broth_microdilution_CLSI	4.0	S	broth_microdilution_CLSI	NA	NA	NA	8.0	R	broth_microdilution_CLSI	4.0	S	broth_microdilution_CLSI	NA	NA	NA	S	broth_microdilution_CLSI	16.0	S	broth_microdilution_CLSI	NA	NA	NA	NA	NA	NA	NA	NA	NA	NA	NA	NA	NA	NA	NA	NA	NA	NA	NA	NA	NA	NA	NA	NA	2.0	S	broth_microdilution_CLSI	NA	NA	NA	2.0	S	broth_microdilution_CLSI	NA	NA	NA	NA	NA	NA	NA	NA	NA	NA	NA	NA	NA	NA	NA	NA	NA	NA	NA	NA	NA	NA	NA	NA	NA	NA	NA	NA	NA	NA	NA	NA	NA	NA	NA	NA	NA	NA	NA	NA	NA	NA	NA	NA	NA	NA	NA	NA	NA	NA	NA	NA	NA	NA	NA	NA	NA
SAMN07982093	ID_5659532	SAMN07982093	NA	tyson2018	R	broth_microdilution_CLSI	2.0	S	broth_microdilution_CLSI	NA	NA	NA	>8.0	R	broth_microdilution_CLSI	1.0	S	broth_microdilution_CLSI	0.12	S	broth_microdilution_CLSI	NA	NA	NA	>2048	R	broth_microdilution_CLSI	1.0	S	broth_microdilution_CLSI	>32.0	R	broth_microdilution_CLSI	4.0	S	broth_microdilution_CLSI	NA	NA	NA	8.0	R	broth_microdilution_CLSI	>32.0	R	broth_microdilution_CLSI	NA	NA	NA	R	broth_microdilution_CLSI	8.0	S	broth_microdilution_CLSI	NA	NA	NA	NA	NA	NA	NA	NA	NA	NA	NA	NA	NA	NA	NA	NA	NA	NA	NA	NA	NA	NA	NA	NA	2.0	S	broth_microdilution_CLSI	NA	NA	NA	>32.0	R	broth_microdilution_CLSI	NA	NA	NA	NA	NA	NA	NA	NA	NA	NA	NA	NA	NA	NA	NA	NA	NA	NA	NA	NA	NA	NA	NA	NA	NA	NA	NA	NA	NA	NA	NA	NA	NA	NA	NA	NA	NA	NA	NA	NA	NA	NA	NA	NA	NA	NA	NA	NA	NA	NA	NA	NA	NA	NA	NA	NA	NA
SAMN07982096	ID_1442570	SAMN07982096	NA	tyson2018	R	broth_microdilution_CLSI	1.0	S	broth_microdilution_CLSI	NA	NA	NA	>8.0	R	broth_microdilution_CLSI	1.0	S	broth_microdilution_CLSI	0.12	S	broth_microdilution_CLSI	NA	NA	NA	2048	R	broth_microdilution_CLSI	>4.0	S	broth_microdilution_CLSI	>32.0	R	broth_microdilution_CLSI	4.0	S	broth_microdilution_CLSI	NA	NA	NA	16.0	R	broth_microdilution_CLSI	8.0	S	broth_microdilution_CLSI	NA	NA	NA	R	broth_microdilution_CLSI	16.0	S	broth_microdilution_CLSI	NA	NA	NA	NA	NA	NA	NA	NA	NA	NA	NA	NA	NA	NA	NA	NA	NA	NA	NA	NA	NA	NA	NA	NA	1.0	S	broth_microdilution_CLSI	NA	NA	NA	>32.0	R	broth_microdilution_CLSI	NA	NA	NA	NA	NA	NA	NA	NA	NA	NA	NA	NA	NA	NA	NA	NA	NA	NA	NA	NA	NA	NA	NA	NA	NA	NA	NA	NA	NA	NA	NA	NA	NA	NA	NA	NA	NA	NA	NA	NA	NA	NA	NA	NA	NA	NA	NA	NA	NA	NA	NA	NA	NA	NA	NA	NA	NA
SAMN12082465	ID_5688947	SAMN12082465	NA	holman2021	S	broth microdilution	2.0	S	broth microdilution	NA	NA	NA	<=0.25	S	broth microdilution	1.0	S	broth microdilution	0.12	S	broth microdilution	NA	NA	NA	<=512	S	broth microdilution	2.0	I	broth microdilution	>32.0	R	broth microdilution	2.0	S	broth microdilution	NA	NA	NA	8.0	R	broth microdilution	8.0	S	broth microdilution	NA	NA	NA	S	broth microdilution	32.0	S	broth microdilution	NA	NA	NA	NA	NA	NA	NA	NA	NA	NA	NA	NA	NA	NA	NA	NA	NA	NA	NA	NA	NA	NA	NA	NA	1.0	S	broth microdilution	>8.0	R	broth microdilution	2.0	S	broth microdilution	NA	NA	NA	NA	NA	NA	NA	NA	NA	NA	NA	NA	NA	NA	NA	NA	NA	NA	NA	NA	NA	NA	NA	NA	NA	NA	NA	NA	NA	NA	NA	NA	NA	NA	NA	NA	NA	NA	NA	NA	NA	NA	NA	NA	NA	NA	NA	NA	NA	NA	NA	NA	NA	NA	NA	NA	NA
SAMN12082466	ID_8940526	SAMN12082466	NA	holman2021	S	broth microdilution	2.0	S	broth microdilution	NA	NA	NA	2.0	I	broth microdilution	2.0	S	broth microdilution	0.06	S	broth microdilution	NA	NA	NA	<=512	S	broth microdilution	2.0	I	broth microdilution	<=1.0	S	broth microdilution	8.0	S	broth microdilution	NA	NA	NA	8.0	R	broth microdilution	8.0	S	broth microdilution	NA	NA	NA	S	broth microdilution	32.0	S	broth microdilution	NA	NA	NA	NA	NA	NA	NA	NA	NA	NA	NA	NA	NA	NA	NA	NA	NA	NA	NA	NA	NA	NA	NA	NA	2.0	S	broth microdilution	>8.0	R	broth microdilution	4.0	S	broth microdilution	NA	NA	NA	NA	NA	NA	NA	NA	NA	NA	NA	NA	NA	NA	NA	NA	NA	NA	NA	NA	NA	NA	NA	NA	NA	NA	NA	NA	NA	NA	NA	NA	NA	NA	NA	NA	NA	NA	NA	NA	NA	NA	NA	NA	NA	NA	NA	NA	NA	NA	NA	NA	NA	NA	NA	NA	NA
SAMN12082467	ID_5902277	SAMN12082467	NA	holman2021	S	broth microdilution	1.0	S	broth microdilution	NA	NA	NA	2.0	I	broth microdilution	2.0	S	broth microdilution	0.12	S	broth microdilution	NA	NA	NA	<=512	S	broth microdilution	4.0	R	broth microdilution	<=1.0	S	broth microdilution	8.0	S	broth microdilution	NA	NA	NA	8.0	R	broth microdilution	8.0	S	broth microdilution	NA	NA	NA	S	broth microdilution	16.0	S	broth microdilution	NA	NA	NA	NA	NA	NA	NA	NA	NA	NA	NA	NA	NA	NA	NA	NA	NA	NA	NA	NA	NA	NA	NA	NA	2.0	S	broth microdilution	>8.0	R	broth microdilution	4.0	S	broth microdilution	NA	NA	NA	NA	NA	NA	NA	NA	NA	NA	NA	NA	NA	NA	NA	NA	NA	NA	NA	NA	NA	NA	NA	NA	NA	NA	NA	NA	NA	NA	NA	NA	NA	NA	NA	NA	NA	NA	NA	NA	NA	NA	NA	NA	NA	NA	NA	NA	NA	NA	NA	NA	NA	NA	NA	NA	NA
SAMN12082468	ID_6058218	SAMN12082468	NA	holman2021	S	broth microdilution	1.0	S	broth microdilution	NA	NA	NA	2.0	I	broth microdilution	2.0	S	broth microdilution	0.03	S	broth microdilution	NA	NA	NA	<=512	S	broth microdilution	2.0	I	broth microdilution	<=1.0	S	broth microdilution	4.0	S	broth microdilution	NA	NA	NA	8.0	R	broth microdilution	8.0	S	broth microdilution	NA	NA	NA	S	broth microdilution	16.0	S	broth microdilution	NA	NA	NA	NA	NA	NA	NA	NA	NA	NA	NA	NA	NA	NA	NA	NA	NA	NA	NA	NA	NA	NA	NA	NA	2.0	S	broth microdilution	>8.0	R	broth microdilution	4.0	S	broth microdilution	NA	NA	NA	NA	NA	NA	NA	NA	NA	NA	NA	NA	NA	NA	NA	NA	NA	NA	NA	NA	NA	NA	NA	NA	NA	NA	NA	NA	NA	NA	NA	NA	NA	NA	NA	NA	NA	NA	NA	NA	NA	NA	NA	NA	NA	NA	NA	NA	NA	NA	NA	NA	NA	NA	NA	NA	NA
SAMN12082469	ID_6456351	SAMN12082469	NA	holman2021	S	broth microdilution	2.0	S	broth microdilution	NA	NA	NA	2.0	I	broth microdilution	2.0	S	broth microdilution	0.12	S	broth microdilution	NA	NA	NA	<=512	S	broth microdilution	2.0	I	broth microdilution	>32.0	R	broth microdilution	4.0	S	broth microdilution	NA	NA	NA	8.0	R	broth microdilution	8.0	S	broth microdilution	NA	NA	NA	S	broth microdilution	32.0	S	broth microdilution	NA	NA	NA	NA	NA	NA	NA	NA	NA	NA	NA	NA	NA	NA	NA	NA	NA	NA	NA	NA	NA	NA	NA	NA	1.0	S	broth microdilution	>8.0	R	broth microdilution	4.0	S	broth microdilution	NA	NA	NA	NA	NA	NA	NA	NA	NA	NA	NA	NA	NA	NA	NA	NA	NA	NA	NA	NA	NA	NA	NA	NA	NA	NA	NA	NA	NA	NA	NA	NA	NA	NA	NA	NA	NA	NA	NA	NA	NA	NA	NA	NA	NA	NA	NA	NA	NA	NA	NA	NA	NA	NA	NA	NA	NA
SAMN12082470	ID_4873959	SAMN12082470	NA	holman2021	S	broth microdilution	2.0	S	broth microdilution	NA	NA	NA	0.5	S	broth microdilution	2.0	S	broth microdilution	0.06	S	broth microdilution	NA	NA	NA	<=512	S	broth microdilution	2.0	I	broth microdilution	>32.0	R	broth microdilution	4.0	S	broth microdilution	NA	NA	NA	4.0	R	broth microdilution	8.0	S	broth microdilution	NA	NA	NA	S	broth microdilution	32.0	S	broth microdilution	NA	NA	NA	NA	NA	NA	NA	NA	NA	NA	NA	NA	NA	NA	NA	NA	NA	NA	NA	NA	NA	NA	NA	NA	0.5	S	broth microdilution	>8.0	R	broth microdilution	2.0	S	broth microdilution	NA	NA	NA	NA	NA	NA	NA	NA	NA	NA	NA	NA	NA	NA	NA	NA	NA	NA	NA	NA	NA	NA	NA	NA	NA	NA	NA	NA	NA	NA	NA	NA	NA	NA	NA	NA	NA	NA	NA	NA	NA	NA	NA	NA	NA	NA	NA	NA	NA	NA	NA	NA	NA	NA	NA	NA	NA
SAMN12082471	ID_7388478	SAMN12082471	NA	holman2021	S	broth microdilution	2.0	S	broth microdilution	NA	NA	NA	2.0	I	broth microdilution	2.0	S	broth microdilution	0.03	S	broth microdilution	NA	NA	NA	<=512	S	broth microdilution	1.0	S	broth microdilution	<=1.0	S	broth microdilution	4.0	S	broth microdilution	NA	NA	NA	8.0	R	broth microdilution	4.0	S	broth microdilution	NA	NA	NA	S	broth microdilution	16.0	S	broth microdilution	NA	NA	NA	NA	NA	NA	NA	NA	NA	NA	NA	NA	NA	NA	NA	NA	NA	NA	NA	NA	NA	NA	NA	NA	1.0	S	broth microdilution	>8.0	R	broth microdilution	2.0	S	broth microdilution	NA	NA	NA	NA	NA	NA	NA	NA	NA	NA	NA	NA	NA	NA	NA	NA	NA	NA	NA	NA	NA	NA	NA	NA	NA	NA	NA	NA	NA	NA	NA	NA	NA	NA	NA	NA	NA	NA	NA	NA	NA	NA	NA	NA	NA	NA	NA	NA	NA	NA	NA	NA	NA	NA	NA	NA	NA
SAMN12082472	ID_4237625	SAMN12082472	NA	holman2021	S	broth microdilution	4.0	S	broth microdilution	NA	NA	NA	4.0	I	broth microdilution	2.0	S	broth microdilution	0.06	S	broth microdilution	NA	NA	NA	<=512	S	broth microdilution	2.0	I	broth microdilution	<=1.0	S	broth microdilution	4.0	S	broth microdilution	NA	NA	NA	8.0	R	broth microdilution	8.0	S	broth microdilution	NA	NA	NA	S	broth microdilution	32.0	S	broth microdilution	NA	NA	NA	NA	NA	NA	NA	NA	NA	NA	NA	NA	NA	NA	NA	NA	NA	NA	NA	NA	NA	NA	NA	NA	1.0	S	broth microdilution	>8.0	R	broth microdilution	2.0	S	broth microdilution	NA	NA	NA	NA	NA	NA	NA	NA	NA	NA	NA	NA	NA	NA	NA	NA	NA	NA	NA	NA	NA	NA	NA	NA	NA	NA	NA	NA	NA	NA	NA	NA	NA	NA	NA	NA	NA	NA	NA	NA	NA	NA	NA	NA	NA	NA	NA	NA	NA	NA	NA	NA	NA	NA	NA	NA	NA
SAMN12082473	ID_6711393	SAMN12082473	NA	holman2021	S	broth microdilution	4.0	S	broth microdilution	NA	NA	NA	2.0	I	broth microdilution	2.0	S	broth microdilution	0.06	S	broth microdilution	NA	NA	NA	<=512	S	broth microdilution	4.0	R	broth microdilution	>32.0	R	broth microdilution	4.0	S	broth microdilution	NA	NA	NA	8.0	R	broth microdilution	8.0	S	broth microdilution	NA	NA	NA	S	broth microdilution	32.0	S	broth microdilution	NA	NA	NA	NA	NA	NA	NA	NA	NA	NA	NA	NA	NA	NA	NA	NA	NA	NA	NA	NA	NA	NA	NA	NA	2.0	S	broth microdilution	>8.0	R	broth microdilution	4.0	S	broth microdilution	NA	NA	NA	NA	NA	NA	NA	NA	NA	NA	NA	NA	NA	NA	NA	NA	NA	NA	NA	NA	NA	NA	NA	NA	NA	NA	NA	NA	NA	NA	NA	NA	NA	NA	NA	NA	NA	NA	NA	NA	NA	NA	NA	NA	NA	NA	NA	NA	NA	NA	NA	NA	NA	NA	NA	NA	NA
SAMN12082474	ID_4465155	SAMN12082474	NA	holman2021	S	broth microdilution	4.0	S	broth microdilution	NA	NA	NA	>8.0	R	broth microdilution	2.0	S	broth microdilution	0.5	R	broth microdilution	NA	NA	NA	<=512	S	broth microdilution	2.0	I	broth microdilution	>32.0	R	broth microdilution	4.0	S	broth microdilution	NA	NA	NA	8.0	R	broth microdilution	8.0	S	broth microdilution	NA	NA	NA	S	broth microdilution	16.0	S	broth microdilution	NA	NA	NA	NA	NA	NA	NA	NA	NA	NA	NA	NA	NA	NA	NA	NA	NA	NA	NA	NA	NA	NA	NA	NA	1.0	S	broth microdilution	>8.0	R	broth microdilution	>32.0	R	broth microdilution	NA	NA	NA	NA	NA	NA	NA	NA	NA	NA	NA	NA	NA	NA	NA	NA	NA	NA	NA	NA	NA	NA	NA	NA	NA	NA	NA	NA	NA	NA	NA	NA	NA	NA	NA	NA	NA	NA	NA	NA	NA	NA	NA	NA	NA	NA	NA	NA	NA	NA	NA	NA	NA	NA	NA	NA	NA
SAMN12082475	ID_3404410	SAMN12082475	NA	holman2021	S	broth microdilution	2.0	S	broth microdilution	NA	NA	NA	4.0	I	broth microdilution	2.0	S	broth microdilution	0.12	S	broth microdilution	NA	NA	NA	<=512	S	broth microdilution	2.0	I	broth microdilution	<=1.0	S	broth microdilution	8.0	S	broth microdilution	NA	NA	NA	8.0	R	broth microdilution	8.0	S	broth microdilution	NA	NA	NA	S	broth microdilution	16.0	S	broth microdilution	NA	NA	NA	NA	NA	NA	NA	NA	NA	NA	NA	NA	NA	NA	NA	NA	NA	NA	NA	NA	NA	NA	NA	NA	2.0	S	broth microdilution	>8.0	R	broth microdilution	4.0	S	broth microdilution	NA	NA	NA	NA	NA	NA	NA	NA	NA	NA	NA	NA	NA	NA	NA	NA	NA	NA	NA	NA	NA	NA	NA	NA	NA	NA	NA	NA	NA	NA	NA	NA	NA	NA	NA	NA	NA	NA	NA	NA	NA	NA	NA	NA	NA	NA	NA	NA	NA	NA	NA	NA	NA	NA	NA	NA	NA
SAMN12082476	ID_3055388	SAMN12082476	NA	holman2021	S	broth microdilution	2.0	S	broth microdilution	NA	NA	NA	<=0.25	S	broth microdilution	1.0	S	broth microdilution	0.03	S	broth microdilution	NA	NA	NA	<=512	S	broth microdilution	2.0	I	broth microdilution	>32.0	R	broth microdilution	4.0	S	broth microdilution	NA	NA	NA	8.0	R	broth microdilution	4.0	S	broth microdilution	NA	NA	NA	S	broth microdilution	16.0	S	broth microdilution	NA	NA	NA	NA	NA	NA	NA	NA	NA	NA	NA	NA	NA	NA	NA	NA	NA	NA	NA	NA	NA	NA	NA	NA	2.0	S	broth microdilution	>8.0	R	broth microdilution	2.0	S	broth microdilution	NA	NA	NA	NA	NA	NA	NA	NA	NA	NA	NA	NA	NA	NA	NA	NA	NA	NA	NA	NA	NA	NA	NA	NA	NA	NA	NA	NA	NA	NA	NA	NA	NA	NA	NA	NA	NA	NA	NA	NA	NA	NA	NA	NA	NA	NA	NA	NA	NA	NA	NA	NA	NA	NA	NA	NA	NA
SAMN12082477	ID_6677617	SAMN12082477	NA	holman2021	S	broth microdilution	1.0	S	broth microdilution	NA	NA	NA	1.0	I	broth microdilution	1.0	S	broth microdilution	0.06	S	broth microdilution	NA	NA	NA	<=512	S	broth microdilution	1.0	S	broth microdilution	<=1.0	S	broth microdilution	2.0	S	broth microdilution	NA	NA	NA	8.0	R	broth microdilution	4.0	S	broth microdilution	NA	NA	NA	S	broth microdilution	8.0	S	broth microdilution	NA	NA	NA	NA	NA	NA	NA	NA	NA	NA	NA	NA	NA	NA	NA	NA	NA	NA	NA	NA	NA	NA	NA	NA	4.0	I	broth microdilution	>8.0	R	broth microdilution	2.0	S	broth microdilution	NA	NA	NA	NA	NA	NA	NA	NA	NA	NA	NA	NA	NA	NA	NA	NA	NA	NA	NA	NA	NA	NA	NA	NA	NA	NA	NA	NA	NA	NA	NA	NA	NA	NA	NA	NA	NA	NA	NA	NA	NA	NA	NA	NA	NA	NA	NA	NA	NA	NA	NA	NA	NA	NA	NA	NA	NA
SAMN12082480	ID_7488411	SAMN12082480	NA	holman2021	S	broth microdilution	2.0	S	broth microdilution	NA	NA	NA	2.0	I	broth microdilution	2.0	S	broth microdilution	0.06	S	broth microdilution	NA	NA	NA	<=512	S	broth microdilution	2.0	I	broth microdilution	<=1.0	S	broth microdilution	8.0	S	broth microdilution	NA	NA	NA	2.0	I	broth microdilution	8.0	S	broth microdilution	NA	NA	NA	S	broth microdilution	32.0	S	broth microdilution	NA	NA	NA	NA	NA	NA	NA	NA	NA	NA	NA	NA	NA	NA	NA	NA	NA	NA	NA	NA	NA	NA	NA	NA	2.0	S	broth microdilution	>8.0	R	broth microdilution	4.0	S	broth microdilution	NA	NA	NA	NA	NA	NA	NA	NA	NA	NA	NA	NA	NA	NA	NA	NA	NA	NA	NA	NA	NA	NA	NA	NA	NA	NA	NA	NA	NA	NA	NA	NA	NA	NA	NA	NA	NA	NA	NA	NA	NA	NA	NA	NA	NA	NA	NA	NA	NA	NA	NA	NA	NA	NA	NA	NA	NA
SAMN12082481	ID_3371034	SAMN12082481	NA	holman2021	R	broth microdilution	1.0	S	broth microdilution	NA	NA	NA	>8.0	R	broth microdilution	1.0	S	broth microdilution	0.03	S	broth microdilution	NA	NA	NA	2048	R	broth microdilution	1.0	S	broth microdilution	>32.0	R	broth microdilution	4.0	S	broth microdilution	NA	NA	NA	8.0	R	broth microdilution	32.0	R	broth microdilution	NA	NA	NA	R	broth microdilution	8.0	S	broth microdilution	NA	NA	NA	NA	NA	NA	NA	NA	NA	NA	NA	NA	NA	NA	NA	NA	NA	NA	NA	NA	NA	NA	NA	NA	2.0	S	broth microdilution	>8.0	R	broth microdilution	>32.0	R	broth microdilution	NA	NA	NA	NA	NA	NA	NA	NA	NA	NA	NA	NA	NA	NA	NA	NA	NA	NA	NA	NA	NA	NA	NA	NA	NA	NA	NA	NA	NA	NA	NA	NA	NA	NA	NA	NA	NA	NA	NA	NA	NA	NA	NA	NA	NA	NA	NA	NA	NA	NA	NA	NA	NA	NA	NA	NA	NA
SAMN12082482	ID_5834868	SAMN12082482	NA	holman2021	S	broth microdilution	2.0	S	broth microdilution	NA	NA	NA	1.0	I	broth microdilution	2.0	S	broth microdilution	0.12	S	broth microdilution	NA	NA	NA	<=512	S	broth microdilution	1.0	S	broth microdilution	<=1.0	S	broth microdilution	4.0	S	broth microdilution	NA	NA	NA	8.0	R	broth microdilution	8.0	S	broth microdilution	NA	NA	NA	S	broth microdilution	16.0	S	broth microdilution	NA	NA	NA	NA	NA	NA	NA	NA	NA	NA	NA	NA	NA	NA	NA	NA	NA	NA	NA	NA	NA	NA	NA	NA	2.0	S	broth microdilution	>8.0	R	broth microdilution	4.0	S	broth microdilution	NA	NA	NA	NA	NA	NA	NA	NA	NA	NA	NA	NA	NA	NA	NA	NA	NA	NA	NA	NA	NA	NA	NA	NA	NA	NA	NA	NA	NA	NA	NA	NA	NA	NA	NA	NA	NA	NA	NA	NA	NA	NA	NA	NA	NA	NA	NA	NA	NA	NA	NA	NA	NA	NA	NA	NA	NA
SAMN12082483	ID_8478671	SAMN12082483	NA	holman2021	S	broth microdilution	2.0	S	broth microdilution	NA	NA	NA	<=0.25	S	broth microdilution	4.0	I	broth microdilution	0.06	S	broth microdilution	NA	NA	NA	<=512	S	broth microdilution	2.0	I	broth microdilution	<=1.0	S	broth microdilution	4.0	S	broth microdilution	NA	NA	NA	8.0	R	broth microdilution	8.0	S	broth microdilution	NA	NA	NA	S	broth microdilution	16.0	S	broth microdilution	NA	NA	NA	NA	NA	NA	NA	NA	NA	NA	NA	NA	NA	NA	NA	NA	NA	NA	NA	NA	NA	NA	NA	NA	2.0	S	broth microdilution	>8.0	R	broth microdilution	2.0	S	broth microdilution	NA	NA	NA	NA	NA	NA	NA	NA	NA	NA	NA	NA	NA	NA	NA	NA	NA	NA	NA	NA	NA	NA	NA	NA	NA	NA	NA	NA	NA	NA	NA	NA	NA	NA	NA	NA	NA	NA	NA	NA	NA	NA	NA	NA	NA	NA	NA	NA	NA	NA	NA	NA	NA	NA	NA	NA	NA
SAMN12082484	ID_3291997	SAMN12082484	NA	holman2021	S	broth microdilution	2.0	S	broth microdilution	NA	NA	NA	2.0	I	broth microdilution	2.0	S	broth microdilution	0.03	S	broth microdilution	NA	NA	NA	<=512	S	broth microdilution	2.0	I	broth microdilution	<=1.0	S	broth microdilution	4.0	S	broth microdilution	NA	NA	NA	8.0	R	broth microdilution	4.0	S	broth microdilution	NA	NA	NA	S	broth microdilution	32.0	S	broth microdilution	NA	NA	NA	NA	NA	NA	NA	NA	NA	NA	NA	NA	NA	NA	NA	NA	NA	NA	NA	NA	NA	NA	NA	NA	2.0	S	broth microdilution	>8.0	R	broth microdilution	2.0	S	broth microdilution	NA	NA	NA	NA	NA	NA	NA	NA	NA	NA	NA	NA	NA	NA	NA	NA	NA	NA	NA	NA	NA	NA	NA	NA	NA	NA	NA	NA	NA	NA	NA	NA	NA	NA	NA	NA	NA	NA	NA	NA	NA	NA	NA	NA	NA	NA	NA	NA	NA	NA	NA	NA	NA	NA	NA	NA	NA
SAMN12082485	ID_8100553	SAMN12082485	NA	holman2021	S	broth microdilution	2.0	S	broth microdilution	NA	NA	NA	>8.0	R	broth microdilution	2.0	S	broth microdilution	0.12	S	broth microdilution	NA	NA	NA	<=512	S	broth microdilution	1.0	S	broth microdilution	>32.0	R	broth microdilution	4.0	S	broth microdilution	NA	NA	NA	8.0	R	broth microdilution	8.0	S	broth microdilution	NA	NA	NA	S	broth microdilution	16.0	S	broth microdilution	NA	NA	NA	NA	NA	NA	NA	NA	NA	NA	NA	NA	NA	NA	NA	NA	NA	NA	NA	NA	NA	NA	NA	NA	4.0	S	broth microdilution	>8.0	R	broth microdilution	>32.0	R	broth microdilution	NA	NA	NA	NA	NA	NA	NA	NA	NA	NA	NA	NA	NA	NA	NA	NA	NA	NA	NA	NA	NA	NA	NA	NA	NA	NA	NA	NA	NA	NA	NA	NA	NA	NA	NA	NA	NA	NA	NA	NA	NA	NA	NA	NA	NA	NA	NA	NA	NA	NA	NA	NA	NA	NA	NA	NA	NA
SAMN12082487	ID_1173482	SAMN12082487	NA	holman2021	S	broth microdilution	2.0	S	broth microdilution	NA	NA	NA	0.5	S	broth microdilution	2.0	S	broth microdilution	0.12	S	broth microdilution	NA	NA	NA	<=512	S	broth microdilution	2.0	I	broth microdilution	<=1.0	S	broth microdilution	4.0	S	broth microdilution	NA	NA	NA	4.0	R	broth microdilution	4.0	S	broth microdilution	NA	NA	NA	S	broth microdilution	16.0	S	broth microdilution	NA	NA	NA	NA	NA	NA	NA	NA	NA	NA	NA	NA	NA	NA	NA	NA	NA	NA	NA	NA	NA	NA	NA	NA	1.0	S	broth microdilution	>8.0	R	broth microdilution	2.0	S	broth microdilution	NA	NA	NA	NA	NA	NA	NA	NA	NA	NA	NA	NA	NA	NA	NA	NA	NA	NA	NA	NA	NA	NA	NA	NA	NA	NA	NA	NA	NA	NA	NA	NA	NA	NA	NA	NA	NA	NA	NA	NA	NA	NA	NA	NA	NA	NA	NA	NA	NA	NA	NA	NA	NA	NA	NA	NA	NA
SAMN12082489	ID_8588149	SAMN12082489	NA	holman2021	S	broth microdilution	2.0	S	broth microdilution	NA	NA	NA	0.5	S	broth microdilution	2.0	S	broth microdilution	0.12	S	broth microdilution	NA	NA	NA	<=512	S	broth microdilution	2.0	I	broth microdilution	<=1.0	S	broth microdilution	8.0	S	broth microdilution	NA	NA	NA	4.0	R	broth microdilution	8.0	S	broth microdilution	NA	NA	NA	S	broth microdilution	16.0	S	broth microdilution	NA	NA	NA	NA	NA	NA	NA	NA	NA	NA	NA	NA	NA	NA	NA	NA	NA	NA	NA	NA	NA	NA	NA	NA	1.0	S	broth microdilution	>8.0	R	broth microdilution	2.0	S	broth microdilution	NA	NA	NA	NA	NA	NA	NA	NA	NA	NA	NA	NA	NA	NA	NA	NA	NA	NA	NA	NA	NA	NA	NA	NA	NA	NA	NA	NA	NA	NA	NA	NA	NA	NA	NA	NA	NA	NA	NA	NA	NA	NA	NA	NA	NA	NA	NA	NA	NA	NA	NA	NA	NA	NA	NA	NA	NA
SAMN12082490	ID_4201226	SAMN12082490	NA	holman2021	S	broth microdilution	1.0	S	broth microdilution	NA	NA	NA	1.0	I	broth microdilution	2.0	S	broth microdilution	0.12	S	broth microdilution	NA	NA	NA	<=512	S	broth microdilution	2.0	I	broth microdilution	<=1.0	S	broth microdilution	4.0	S	broth microdilution	NA	NA	NA	4.0	R	broth microdilution	4.0	S	broth microdilution	NA	NA	NA	S	broth microdilution	16.0	S	broth microdilution	NA	NA	NA	NA	NA	NA	NA	NA	NA	NA	NA	NA	NA	NA	NA	NA	NA	NA	NA	NA	NA	NA	NA	NA	1.0	S	broth microdilution	>8.0	R	broth microdilution	2.0	S	broth microdilution	NA	NA	NA	NA	NA	NA	NA	NA	NA	NA	NA	NA	NA	NA	NA	NA	NA	NA	NA	NA	NA	NA	NA	NA	NA	NA	NA	NA	NA	NA	NA	NA	NA	NA	NA	NA	NA	NA	NA	NA	NA	NA	NA	NA	NA	NA	NA	NA	NA	NA	NA	NA	NA	NA	NA	NA	NA
SAMN12082491	ID_4116012	SAMN12082491	NA	holman2021	S	broth microdilution	1.0	S	broth microdilution	NA	NA	NA	0.5	S	broth microdilution	2.0	S	broth microdilution	0.12	S	broth microdilution	NA	NA	NA	<=512	S	broth microdilution	2.0	I	broth microdilution	<=1.0	S	broth microdilution	8.0	S	broth microdilution	NA	NA	NA	4.0	R	broth microdilution	8.0	S	broth microdilution	NA	NA	NA	S	broth microdilution	16.0	S	broth microdilution	NA	NA	NA	NA	NA	NA	NA	NA	NA	NA	NA	NA	NA	NA	NA	NA	NA	NA	NA	NA	NA	NA	NA	NA	1.0	S	broth microdilution	>8.0	R	broth microdilution	2.0	S	broth microdilution	NA	NA	NA	NA	NA	NA	NA	NA	NA	NA	NA	NA	NA	NA	NA	NA	NA	NA	NA	NA	NA	NA	NA	NA	NA	NA	NA	NA	NA	NA	NA	NA	NA	NA	NA	NA	NA	NA	NA	NA	NA	NA	NA	NA	NA	NA	NA	NA	NA	NA	NA	NA	NA	NA	NA	NA	NA
SAMN12082492	ID_1026569	SAMN12082492	NA	holman2021	S	broth microdilution	1.0	S	broth microdilution	NA	NA	NA	>8.0	R	broth microdilution	1.0	S	broth microdilution	0.03	S	broth microdilution	NA	NA	NA	<=512	S	broth microdilution	2.0	I	broth microdilution	<=1.0	S	broth microdilution	4.0	S	broth microdilution	NA	NA	NA	4.0	R	broth microdilution	8.0	S	broth microdilution	NA	NA	NA	S	broth microdilution	16.0	S	broth microdilution	NA	NA	NA	NA	NA	NA	NA	NA	NA	NA	NA	NA	NA	NA	NA	NA	NA	NA	NA	NA	NA	NA	NA	NA	<=0.25	S	broth microdilution	>8.0	R	broth microdilution	>32.0	R	broth microdilution	NA	NA	NA	NA	NA	NA	NA	NA	NA	NA	NA	NA	NA	NA	NA	NA	NA	NA	NA	NA	NA	NA	NA	NA	NA	NA	NA	NA	NA	NA	NA	NA	NA	NA	NA	NA	NA	NA	NA	NA	NA	NA	NA	NA	NA	NA	NA	NA	NA	NA	NA	NA	NA	NA	NA	NA	NA
SAMN12082493	ID_1525189	SAMN12082493	NA	holman2021	S	broth microdilution	1.0	S	broth microdilution	NA	NA	NA	1.0	I	broth microdilution	1.0	S	broth microdilution	0.12	S	broth microdilution	NA	NA	NA	<=512	S	broth microdilution	1.0	S	broth microdilution	<=1.0	S	broth microdilution	2.0	S	broth microdilution	NA	NA	NA	8.0	R	broth microdilution	4.0	S	broth microdilution	NA	NA	NA	S	broth microdilution	8.0	S	broth microdilution	NA	NA	NA	NA	NA	NA	NA	NA	NA	NA	NA	NA	NA	NA	NA	NA	NA	NA	NA	NA	NA	NA	NA	NA	1.0	S	broth microdilution	>8.0	R	broth microdilution	1.0	S	broth microdilution	NA	NA	NA	NA	NA	NA	NA	NA	NA	NA	NA	NA	NA	NA	NA	NA	NA	NA	NA	NA	NA	NA	NA	NA	NA	NA	NA	NA	NA	NA	NA	NA	NA	NA	NA	NA	NA	NA	NA	NA	NA	NA	NA	NA	NA	NA	NA	NA	NA	NA	NA	NA	NA	NA	NA	NA	NA
SAMN12082495	ID_8543385	SAMN12082495	NA	holman2021	S	broth microdilution	2.0	S	broth microdilution	NA	NA	NA	1.0	I	broth microdilution	2.0	S	broth microdilution	0.12	S	broth microdilution	NA	NA	NA	<=512	S	broth microdilution	2.0	I	broth microdilution	>32.0	R	broth microdilution	4.0	S	broth microdilution	NA	NA	NA	4.0	R	broth microdilution	4.0	S	broth microdilution	NA	NA	NA	S	broth microdilution	8.0	S	broth microdilution	NA	NA	NA	NA	NA	NA	NA	NA	NA	NA	NA	NA	NA	NA	NA	NA	NA	NA	NA	NA	NA	NA	NA	NA	1.0	NA	broth microdilution	>8.0	R	broth microdilution	2.0	S	broth microdilution	NA	NA	NA	NA	NA	NA	NA	NA	NA	NA	NA	NA	NA	NA	NA	NA	NA	NA	NA	NA	NA	NA	NA	NA	NA	NA	NA	NA	NA	NA	NA	NA	NA	NA	NA	NA	NA	NA	NA	NA	NA	NA	NA	NA	NA	NA	NA	NA	NA	NA	NA	NA	NA	NA	NA	NA	NA
SAMN12082496	ID_3367094	SAMN12082496	NA	holman2021	S	broth microdilution	1.0	S	broth microdilution	NA	NA	NA	2.0	I	broth microdilution	2.0	S	broth microdilution	0.12	S	broth microdilution	NA	NA	NA	<=512	S	broth microdilution	4.0	R	broth microdilution	<=1.0	S	broth microdilution	4.0	S	broth microdilution	NA	NA	NA	<=0.5	S	broth microdilution	8.0	S	broth microdilution	NA	NA	NA	S	broth microdilution	16.0	S	broth microdilution	NA	NA	NA	NA	NA	NA	NA	NA	NA	NA	NA	NA	NA	NA	NA	NA	NA	NA	NA	NA	NA	NA	NA	NA	1.0	S	broth microdilution	<=1.0	S	broth microdilution	2.0	S	broth microdilution	NA	NA	NA	NA	NA	NA	NA	NA	NA	NA	NA	NA	NA	NA	NA	NA	NA	NA	NA	NA	NA	NA	NA	NA	NA	NA	NA	NA	NA	NA	NA	NA	NA	NA	NA	NA	NA	NA	NA	NA	NA	NA	NA	NA	NA	NA	NA	NA	NA	NA	NA	NA	NA	NA	NA	NA	NA
SAMN12082497	ID_1120687	SAMN12082497	NA	holman2021	S	broth microdilution	1.0	S	broth microdilution	NA	NA	NA	0.5	S	broth microdilution	2.0	S	broth microdilution	0.12	S	broth microdilution	NA	NA	NA	<=512	S	broth microdilution	2.0	I	broth microdilution	<=1.0	S	broth microdilution	8.0	S	broth microdilution	NA	NA	NA	4.0	R	broth microdilution	8.0	S	broth microdilution	NA	NA	NA	S	broth microdilution	16.0	S	broth microdilution	NA	NA	NA	NA	NA	NA	NA	NA	NA	NA	NA	NA	NA	NA	NA	NA	NA	NA	NA	NA	NA	NA	NA	NA	1.0	S	broth microdilution	>8.0	R	broth microdilution	2.0	S	broth microdilution	NA	NA	NA	NA	NA	NA	NA	NA	NA	NA	NA	NA	NA	NA	NA	NA	NA	NA	NA	NA	NA	NA	NA	NA	NA	NA	NA	NA	NA	NA	NA	NA	NA	NA	NA	NA	NA	NA	NA	NA	NA	NA	NA	NA	NA	NA	NA	NA	NA	NA	NA	NA	NA	NA	NA	NA	NA
SAMN12082498	ID_7934829	SAMN12082498	NA	holman2021	S	broth microdilution	1.0	S	broth microdilution	NA	NA	NA	>8.0	R	broth microdilution	2.0	S	broth microdilution	0.12	S	broth microdilution	NA	NA	NA	<=512	S	broth microdilution	1.0	S	broth microdilution	<=1.0	S	broth microdilution	4.0	S	broth microdilution	NA	NA	NA	4.0	R	broth microdilution	4.0	S	broth microdilution	NA	NA	NA	S	broth microdilution	64.0	I	broth microdilution	NA	NA	NA	NA	NA	NA	NA	NA	NA	NA	NA	NA	NA	NA	NA	NA	NA	NA	NA	NA	NA	NA	NA	NA	4.0	S	broth microdilution	>8.0	R	broth microdilution	>32.0	R	broth microdilution	NA	NA	NA	NA	NA	NA	NA	NA	NA	NA	NA	NA	NA	NA	NA	NA	NA	NA	NA	NA	NA	NA	NA	NA	NA	NA	NA	NA	NA	NA	NA	NA	NA	NA	NA	NA	NA	NA	NA	NA	NA	NA	NA	NA	NA	NA	NA	NA	NA	NA	NA	NA	NA	NA	NA	NA	NA
SAMN12082499	ID_4539857	SAMN12082499	NA	holman2021	S	broth microdilution	2.0	S	broth microdilution	NA	NA	NA	>8.0	R	broth microdilution	1.0	S	broth microdilution	0.12	S	broth microdilution	NA	NA	NA	<=512	S	broth microdilution	1.0	S	broth microdilution	16.0	R	broth microdilution	2.0	S	broth microdilution	NA	NA	NA	8.0	R	broth microdilution	4.0	S	broth microdilution	NA	NA	NA	S	broth microdilution	8.0	S	broth microdilution	NA	NA	NA	NA	NA	NA	NA	NA	NA	NA	NA	NA	NA	NA	NA	NA	NA	NA	NA	NA	NA	NA	NA	NA	2.0	S	broth microdilution	>8.0	R	broth microdilution	1.0	S	broth microdilution	NA	NA	NA	NA	NA	NA	NA	NA	NA	NA	NA	NA	NA	NA	NA	NA	NA	NA	NA	NA	NA	NA	NA	NA	NA	NA	NA	NA	NA	NA	NA	NA	NA	NA	NA	NA	NA	NA	NA	NA	NA	NA	NA	NA	NA	NA	NA	NA	NA	NA	NA	NA	NA	NA	NA	NA	NA
SAMN12082500	ID_7886384	SAMN12082500	NA	holman2021	S	broth microdilution	1.0	S	broth microdilution	NA	NA	NA	<=0.25	S	broth microdilution	2.0	S	broth microdilution	0.06	S	broth microdilution	NA	NA	NA	<=512	S	broth microdilution	2.0	I	broth microdilution	<=1.0	S	broth microdilution	4.0	S	broth microdilution	NA	NA	NA	4.0	R	broth microdilution	4.0	S	broth microdilution	NA	NA	NA	S	broth microdilution	32.0	S	broth microdilution	NA	NA	NA	NA	NA	NA	NA	NA	NA	NA	NA	NA	NA	NA	NA	NA	NA	NA	NA	NA	NA	NA	NA	NA	1.0	S	broth microdilution	>8.0	R	broth microdilution	2.0	S	broth microdilution	NA	NA	NA	NA	NA	NA	NA	NA	NA	NA	NA	NA	NA	NA	NA	NA	NA	NA	NA	NA	NA	NA	NA	NA	NA	NA	NA	NA	NA	NA	NA	NA	NA	NA	NA	NA	NA	NA	NA	NA	NA	NA	NA	NA	NA	NA	NA	NA	NA	NA	NA	NA	NA	NA	NA	NA	NA
SAMN12082501	ID_1549809	SAMN12082501	NA	holman2021	S	broth microdilution	1.0	S	broth microdilution	NA	NA	NA	0.5	S	broth microdilution	1.0	S	broth microdilution	0.12	S	broth microdilution	NA	NA	NA	<=512	S	broth microdilution	2.0	I	broth microdilution	<=1.0	S	broth microdilution	2.0	S	broth microdilution	NA	NA	NA	4.0	R	broth microdilution	4.0	S	broth microdilution	NA	NA	NA	S	broth microdilution	16.0	S	broth microdilution	NA	NA	NA	NA	NA	NA	NA	NA	NA	NA	NA	NA	NA	NA	NA	NA	NA	NA	NA	NA	NA	NA	NA	NA	1.0	S	broth microdilution	>8.0	R	broth microdilution	2.0	S	broth microdilution	NA	NA	NA	NA	NA	NA	NA	NA	NA	NA	NA	NA	NA	NA	NA	NA	NA	NA	NA	NA	NA	NA	NA	NA	NA	NA	NA	NA	NA	NA	NA	NA	NA	NA	NA	NA	NA	NA	NA	NA	NA	NA	NA	NA	NA	NA	NA	NA	NA	NA	NA	NA	NA	NA	NA	NA	NA
SAMN12082505	ID_7214271	SAMN12082505	NA	holman2021	S	broth microdilution	2.0	S	broth microdilution	NA	NA	NA	<=0.25	S	broth microdilution	2.0	S	broth microdilution	0.06	S	broth microdilution	NA	NA	NA	<=512	S	broth microdilution	2.0	I	broth microdilution	>32.0	R	broth microdilution	4.0	S	broth microdilution	NA	NA	NA	4.0	R	broth microdilution	4.0	S	broth microdilution	NA	NA	NA	S	broth microdilution	32.0	S	broth microdilution	NA	NA	NA	NA	NA	NA	NA	NA	NA	NA	NA	NA	NA	NA	NA	NA	NA	NA	NA	NA	NA	NA	NA	NA	0.5	S	broth microdilution	>8.0	R	broth microdilution	2.0	S	broth microdilution	NA	NA	NA	NA	NA	NA	NA	NA	NA	NA	NA	NA	NA	NA	NA	NA	NA	NA	NA	NA	NA	NA	NA	NA	NA	NA	NA	NA	NA	NA	NA	NA	NA	NA	NA	NA	NA	NA	NA	NA	NA	NA	NA	NA	NA	NA	NA	NA	NA	NA	NA	NA	NA	NA	NA	NA	NA
SAMN12082506	ID_4151123	SAMN12082506	NA	holman2021	S	broth microdilution	1.0	S	broth microdilution	NA	NA	NA	NA1.0	I	broth microdilution	1.0	S	broth microdilution	0.03	S	broth microdilution	NA	NA	NA	<=512	S	broth microdilution	0.5	S	broth microdilution	<=1.0	S	broth microdilution	2.0	S	broth microdilution	NA	NA	NA	2.0	I	broth microdilution	4.0	S	broth microdilution	NA	NA	NA	S	broth microdilution	8.0	S	broth microdilution	NA	NA	NA	NA	NA	NA	NA	NA	NA	NA	NA	NA	NA	NA	NA	NA	NA	NA	NA	NA	NA	NA	NA	NA	0.5	S	broth microdilution	>8.0	R	broth microdilution	1.0	S	broth microdilution	NA	NA	NA	NA	NA	NA	NA	NA	NA	NA	NA	NA	NA	NA	NA	NA	NA	NA	NA	NA	NA	NA	NA	NA	NA	NA	NA	NA	NA	NA	NA	NA	NA	NA	NA	NA	NA	NA	NA	NA	NA	NA	NA	NA	NA	NA	NA	NA	NA	NA	NA	NA	NA	NA	NA	NA	NA
SAMN12082507	ID_1811218	SAMN12082507	NA	holman2021	S	broth microdilution	2.0	S	broth microdilution	NA	NA	NA	NA1.0	I	broth microdilution	2.0	S	broth microdilution	0.06	S	broth microdilution	NA	NA	NA	<=512	S	broth microdilution	1.0	S	broth microdilution	<=1.0	S	broth microdilution	4.0	S	broth microdilution	NA	NA	NA	4.0	R	broth microdilution	4.0	S	broth microdilution	NA	NA	NA	S	broth microdilution	32.0	S	broth microdilution	NA	NA	NA	NA	NA	NA	NA	NA	NA	NA	NA	NA	NA	NA	NA	NA	NA	NA	NA	NA	NA	NA	NA	NA	1.0	S	broth microdilution	>8.0	R	broth microdilution	2.0	S	broth microdilution	NA	NA	NA	NA	NA	NA	NA	NA	NA	NA	NA	NA	NA	NA	NA	NA	NA	NA	NA	NA	NA	NA	NA	NA	NA	NA	NA	NA	NA	NA	NA	NA	NA	NA	NA	NA	NA	NA	NA	NA	NA	NA	NA	NA	NA	NA	NA	NA	NA	NA	NA	NA	NA	NA	NA	NA	NA
SAMN13999611	ID_5289064	SAMN13999611	NA	zaheer2020	S	disk_diffusion_CLSI	NA	S	disk_diffusion_CLSI	NA	S	disk_diffusion_CLSI	NA	S	disk_diffusion_CLSI	NA	S	disk_diffusion_CLSI	NA	S	disk_diffusion_CLSI	NA	NA	disk_diffusion_CLSI	NA	S	disk_diffusion_CLSI	NA	NA	NA	NA	NA	NA	NA	NA	NA	NA	NA	NA	NA	R	disk_diffusion_CLSI	NA	NA	NA	NA	NA	NA	NA	NA	NA	S	disk_diffusion_CLSI	NA	R	disk_diffusion_CLSI	NA	NA	NA	NA	NA	NA	NA	NA	NA	NA	NA	NA	NA	NA	NA	NA	NA	NA	NA	NA	NA	NA	NA	NA	NA	NA	NA	NA	NA	NA	NA	NA	NA	NA	NA	NA	NA	NA	NA	NA	NA	NA	NA	NA	NA	NA	NA	NA	NA	NA	NA	NA	NA	NA	NA	NA	NA	NA	NA	NA	NA	NA	NA	NA	NA	NA	NA	NA	NA	NA	NA	NA	NA	NA	NA	NA	NA	NA	NA	NA	NA	NA	NA	NA	NA	NA	NA
SAMN13999612	ID_2113280	SAMN13999612	NA	zaheer2020	S	disk_diffusion_CLSI	NA	S	disk_diffusion_CLSI	NA	R	disk_diffusion_CLSI	NA	R	disk_diffusion_CLSI	NA	R	disk_diffusion_CLSI	NA	S	disk_diffusion_CLSI	NA	NA	disk_diffusion_CLSI	NA	S	disk_diffusion_CLSI	NA	NA	NA	NA	NA	NA	NA	NA	NA	NA	NA	NA	NA	R	disk_diffusion_CLSI	NA	NA	NA	NA	NA	NA	NA	NA	NA	S	disk_diffusion_CLSI	NA	S	disk_diffusion_CLSI	NA	NA	NA	NA	NA	NA	NA	NA	NA	NA	NA	NA	NA	NA	NA	NA	NA	NA	NA	NA	NA	NA	NA	NA	NA	NA	NA	NA	NA	NA	NA	NA	NA	NA	NA	NA	NA	NA	NA	NA	NA	NA	NA	NA	NA	NA	NA	NA	NA	NA	NA	NA	NA	NA	NA	NA	NA	NA	NA	NA	NA	NA	NA	NA	NA	NA	NA	NA	NA	NA	NA	NA	NA	NA	NA	NA	NA	NA	NA	NA	NA	NA	NA	NA	NA	NA	NA
SAMN13999613	ID_2391040	SAMN13999613	NA	zaheer2020	S	disk_diffusion_CLSI	NA	S	disk_diffusion_CLSI	NA	S	disk_diffusion_CLSI	NA	S	disk_diffusion_CLSI	NA	S	disk_diffusion_CLSI	NA	S	disk_diffusion_CLSI	NA	NA	disk_diffusion_CLSI	NA	S	disk_diffusion_CLSI	NA	NA	NA	NA	NA	NA	NA	NA	NA	NA	NA	NA	NA	R	disk_diffusion_CLSI	NA	NA	NA	NA	NA	NA	NA	NA	NA	S	disk_diffusion_CLSI	NA	S	disk_diffusion_CLSI	NA	NA	NA	NA	NA	NA	NA	NA	NA	NA	NA	NA	NA	NA	NA	NA	NA	NA	NA	NA	NA	NA	NA	NA	NA	NA	NA	NA	NA	NA	NA	NA	NA	NA	NA	NA	NA	NA	NA	NA	NA	NA	NA	NA	NA	NA	NA	NA	NA	NA	NA	NA	NA	NA	NA	NA	NA	NA	NA	NA	NA	NA	NA	NA	NA	NA	NA	NA	NA	NA	NA	NA	NA	NA	NA	NA	NA	NA	NA	NA	NA	NA	NA	NA	NA	NA	NA
SAMN13999614	ID_8757225	SAMN13999614	NA	zaheer2020	S	disk_diffusion_CLSI	NA	S	disk_diffusion_CLSI	NA	S	disk_diffusion_CLSI	NA	I	disk_diffusion_CLSI	NA	S	disk_diffusion_CLSI	NA	S	disk_diffusion_CLSI	NA	NA	disk_diffusion_CLSI	NA	S	disk_diffusion_CLSI	NA	NA	NA	NA	NA	NA	NA	NA	NA	NA	NA	NA	NA	R	disk_diffusion_CLSI	NA	NA	NA	NA	NA	NA	NA	NA	NA	S	disk_diffusion_CLSI	NA	S	disk_diffusion_CLSI	NA	NA	NA	NA	NA	NA	NA	NA	NA	NA	NA	NA	NA	NA	NA	NA	NA	NA	NA	NA	NA	NA	NA	NA	NA	NA	NA	NA	NA	NA	NA	NA	NA	NA	NA	NA	NA	NA	NA	NA	NA	NA	NA	NA	NA	NA	NA	NA	NA	NA	NA	NA	NA	NA	NA	NA	NA	NA	NA	NA	NA	NA	NA	NA	NA	NA	NA	NA	NA	NA	NA	NA	NA	NA	NA	NA	NA	NA	NA	NA	NA	NA	NA	NA	NA	NA	NA
SAMN13999615	ID_3292581	SAMN13999615	NA	zaheer2020	S	disk_diffusion_CLSI	NA	S	disk_diffusion_CLSI	NA	S	disk_diffusion_CLSI	NA	I	disk_diffusion_CLSI	NA	S	disk_diffusion_CLSI	NA	S	disk_diffusion_CLSI	NA	NA	disk_diffusion_CLSI	NA	S	disk_diffusion_CLSI	NA	NA	NA	NA	NA	NA	NA	NA	NA	NA	NA	NA	NA	R	disk_diffusion_CLSI	NA	NA	NA	NA	NA	NA	NA	NA	NA	S	disk_diffusion_CLSI	NA	R	disk_diffusion_CLSI	NA	NA	NA	NA	NA	NA	NA	NA	NA	NA	NA	NA	NA	NA	NA	NA	NA	NA	NA	NA	NA	NA	NA	NA	NA	NA	NA	NA	NA	NA	NA	NA	NA	NA	NA	NA	NA	NA	NA	NA	NA	NA	NA	NA	NA	NA	NA	NA	NA	NA	NA	NA	NA	NA	NA	NA	NA	NA	NA	NA	NA	NA	NA	NA	NA	NA	NA	NA	NA	NA	NA	NA	NA	NA	NA	NA	NA	NA	NA	NA	NA	NA	NA	NA	NA	NA	NA
SAMN13999616	ID_1671499	SAMN13999616	NA	zaheer2020	S	disk_diffusion_CLSI	NA	S	disk_diffusion_CLSI	NA	S	disk_diffusion_CLSI	NA	R	disk_diffusion_CLSI	NA	S	disk_diffusion_CLSI	NA	S	disk_diffusion_CLSI	NA	NA	disk_diffusion_CLSI	NA	S	disk_diffusion_CLSI	NA	NA	NA	NA	NA	NA	NA	NA	NA	NA	NA	NA	NA	R	disk_diffusion_CLSI	NA	NA	NA	NA	NA	NA	NA	NA	NA	S	disk_diffusion_CLSI	NA	R	disk_diffusion_CLSI	NA	NA	NA	NA	NA	NA	NA	NA	NA	NA	NA	NA	NA	NA	NA	NA	NA	NA	NA	NA	NA	NA	NA	NA	NA	NA	NA	NA	NA	NA	NA	NA	NA	NA	NA	NA	NA	NA	NA	NA	NA	NA	NA	NA	NA	NA	NA	NA	NA	NA	NA	NA	NA	NA	NA	NA	NA	NA	NA	NA	NA	NA	NA	NA	NA	NA	NA	NA	NA	NA	NA	NA	NA	NA	NA	NA	NA	NA	NA	NA	NA	NA	NA	NA	NA	NA	NA
SAMN13999617	ID_4909177	SAMN13999617	NA	zaheer2020	S	disk_diffusion_CLSI	NA	S	disk_diffusion_CLSI	NA	R	disk_diffusion_CLSI	NA	R	disk_diffusion_CLSI	NA	S	disk_diffusion_CLSI	NA	S	disk_diffusion_CLSI	NA	NA	disk_diffusion_CLSI	NA	S	disk_diffusion_CLSI	NA	NA	NA	NA	NA	NA	NA	NA	NA	NA	NA	NA	NA	R	disk_diffusion_CLSI	NA	NA	NA	NA	NA	NA	NA	NA	NA	S	disk_diffusion_CLSI	NA	S	disk_diffusion_CLSI	NA	NA	NA	NA	NA	NA	NA	NA	NA	NA	NA	NA	NA	NA	NA	NA	NA	NA	NA	NA	NA	NA	NA	NA	NA	NA	NA	NA	NA	NA	NA	NA	NA	NA	NA	NA	NA	NA	NA	NA	NA	NA	NA	NA	NA	NA	NA	NA	NA	NA	NA	NA	NA	NA	NA	NA	NA	NA	NA	NA	NA	NA	NA	NA	NA	NA	NA	NA	NA	NA	NA	NA	NA	NA	NA	NA	NA	NA	NA	NA	NA	NA	NA	NA	NA	NA	NA
SAMN13999618	ID_7550846	SAMN13999618	NA	zaheer2020	S	disk_diffusion_CLSI	NA	S	disk_diffusion_CLSI	NA	S	disk_diffusion_CLSI	NA	S	disk_diffusion_CLSI	NA	S	disk_diffusion_CLSI	NA	S	disk_diffusion_CLSI	NA	NA	disk_diffusion_CLSI	NA	S	disk_diffusion_CLSI	NA	NA	NA	NA	NA	NA	NA	NA	NA	NA	NA	NA	NA	R	disk_diffusion_CLSI	NA	NA	NA	NA	NA	NA	NA	NA	NA	S	disk_diffusion_CLSI	NA	R	disk_diffusion_CLSI	NA	NA	NA	NA	NA	NA	NA	NA	NA	NA	NA	NA	NA	NA	NA	NA	NA	NA	NA	NA	NA	NA	NA	NA	NA	NA	NA	NA	NA	NA	NA	NA	NA	NA	NA	NA	NA	NA	NA	NA	NA	NA	NA	NA	NA	NA	NA	NA	NA	NA	NA	NA	NA	NA	NA	NA	NA	NA	NA	NA	NA	NA	NA	NA	NA	NA	NA	NA	NA	NA	NA	NA	NA	NA	NA	NA	NA	NA	NA	NA	NA	NA	NA	NA	NA	NA	NA
SAMN13999619	ID_2899649	SAMN13999619	NA	zaheer2020	S	disk_diffusion_CLSI	NA	S	disk_diffusion_CLSI	NA	S	disk_diffusion_CLSI	NA	I	disk_diffusion_CLSI	NA	S	disk_diffusion_CLSI	NA	S	disk_diffusion_CLSI	NA	NA	disk_diffusion_CLSI	NA	S	disk_diffusion_CLSI	NA	NA	NA	NA	NA	NA	NA	NA	NA	NA	NA	NA	NA	R	disk_diffusion_CLSI	NA	NA	NA	NA	NA	NA	NA	NA	NA	S	disk_diffusion_CLSI	NA	S	disk_diffusion_CLSI	NA	NA	NA	NA	NA	NA	NA	NA	NA	NA	NA	NA	NA	NA	NA	NA	NA	NA	NA	NA	NA	NA	NA	NA	NA	NA	NA	NA	NA	NA	NA	NA	NA	NA	NA	NA	NA	NA	NA	NA	NA	NA	NA	NA	NA	NA	NA	NA	NA	NA	NA	NA	NA	NA	NA	NA	NA	NA	NA	NA	NA	NA	NA	NA	NA	NA	NA	NA	NA	NA	NA	NA	NA	NA	NA	NA	NA	NA	NA	NA	NA	NA	NA	NA	NA	NA	NA
SAMN13999620	ID_2469646	SAMN13999620	NA	zaheer2020	S	disk_diffusion_CLSI	NA	S	disk_diffusion_CLSI	NA	S	disk_diffusion_CLSI	NA	I	disk_diffusion_CLSI	NA	S	disk_diffusion_CLSI	NA	S	disk_diffusion_CLSI	NA	NA	disk_diffusion_CLSI	NA	S	disk_diffusion_CLSI	NA	NA	NA	NA	NA	NA	NA	NA	NA	NA	NA	NA	NA	I	disk_diffusion_CLSI	NA	NA	NA	NA	NA	NA	NA	NA	NA	S	disk_diffusion_CLSI	NA	S	disk_diffusion_CLSI	NA	NA	NA	NA	NA	NA	NA	NA	NA	NA	NA	NA	NA	NA	NA	NA	NA	NA	NA	NA	NA	NA	NA	NA	NA	NA	NA	NA	NA	NA	NA	NA	NA	NA	NA	NA	NA	NA	NA	NA	NA	NA	NA	NA	NA	NA	NA	NA	NA	NA	NA	NA	NA	NA	NA	NA	NA	NA	NA	NA	NA	NA	NA	NA	NA	NA	NA	NA	NA	NA	NA	NA	NA	NA	NA	NA	NA	NA	NA	NA	NA	NA	NA	NA	NA	NA	NA
SAMN13999621	ID_1676009	SAMN13999621	NA	zaheer2020	R	disk_diffusion_CLSI	NA	S	disk_diffusion_CLSI	NA	S	disk_diffusion_CLSI	NA	R	disk_diffusion_CLSI	NA	S	disk_diffusion_CLSI	NA	S	disk_diffusion_CLSI	NA	NA	disk_diffusion_CLSI	NA	R	disk_diffusion_CLSI	NA	NA	NA	NA	NA	NA	NA	NA	NA	NA	NA	NA	NA	R	disk_diffusion_CLSI	NA	NA	NA	NA	NA	NA	NA	NA	NA	S	disk_diffusion_CLSI	NA	R	disk_diffusion_CLSI	NA	NA	NA	NA	NA	NA	NA	NA	NA	NA	NA	NA	NA	NA	NA	NA	NA	NA	NA	NA	NA	NA	NA	NA	NA	NA	NA	NA	NA	NA	NA	NA	NA	NA	NA	NA	NA	NA	NA	NA	NA	NA	NA	NA	NA	NA	NA	NA	NA	NA	NA	NA	NA	NA	NA	NA	NA	NA	NA	NA	NA	NA	NA	NA	NA	NA	NA	NA	NA	NA	NA	NA	NA	NA	NA	NA	NA	NA	NA	NA	NA	NA	NA	NA	NA	NA	NA
SAMN13999622	ID_7678293	SAMN13999622	NA	zaheer2020	S	disk_diffusion_CLSI	NA	S	disk_diffusion_CLSI	NA	R	disk_diffusion_CLSI	NA	R	disk_diffusion_CLSI	NA	R	disk_diffusion_CLSI	NA	S	disk_diffusion_CLSI	NA	NA	disk_diffusion_CLSI	NA	S	disk_diffusion_CLSI	NA	NA	NA	NA	NA	NA	NA	NA	NA	NA	NA	NA	NA	R	disk_diffusion_CLSI	NA	NA	NA	NA	NA	NA	NA	NA	NA	S	disk_diffusion_CLSI	NA	S	disk_diffusion_CLSI	NA	NA	NA	NA	NA	NA	NA	NA	NA	NA	NA	NA	NA	NA	NA	NA	NA	NA	NA	NA	NA	NA	NA	NA	NA	NA	NA	NA	NA	NA	NA	NA	NA	NA	NA	NA	NA	NA	NA	NA	NA	NA	NA	NA	NA	NA	NA	NA	NA	NA	NA	NA	NA	NA	NA	NA	NA	NA	NA	NA	NA	NA	NA	NA	NA	NA	NA	NA	NA	NA	NA	NA	NA	NA	NA	NA	NA	NA	NA	NA	NA	NA	NA	NA	NA	NA	NA
SAMN13999623	ID_1437831	SAMN13999623	NA	zaheer2020	S	disk_diffusion_CLSI	NA	S	disk_diffusion_CLSI	NA	S	disk_diffusion_CLSI	NA	S	disk_diffusion_CLSI	NA	I	disk_diffusion_CLSI	NA	S	disk_diffusion_CLSI	NA	NA	disk_diffusion_CLSI	NA	S	disk_diffusion_CLSI	NA	NA	NA	NA	NA	NA	NA	NA	NA	NA	NA	NA	NA	R	disk_diffusion_CLSI	NA	NA	NA	NA	NA	NA	NA	NA	NA	S	disk_diffusion_CLSI	NA	S	disk_diffusion_CLSI	NA	NA	NA	NA	NA	NA	NA	NA	NA	NA	NA	NA	NA	NA	NA	NA	NA	NA	NA	NA	NA	NA	NA	NA	NA	NA	NA	NA	NA	NA	NA	NA	NA	NA	NA	NA	NA	NA	NA	NA	NA	NA	NA	NA	NA	NA	NA	NA	NA	NA	NA	NA	NA	NA	NA	NA	NA	NA	NA	NA	NA	NA	NA	NA	NA	NA	NA	NA	NA	NA	NA	NA	NA	NA	NA	NA	NA	NA	NA	NA	NA	NA	NA	NA	NA	NA	NA
SAMN13999625	ID_6742331	SAMN13999625	NA	zaheer2020	S	disk_diffusion_CLSI	NA	S	disk_diffusion_CLSI	NA	S	disk_diffusion_CLSI	NA	I	disk_diffusion_CLSI	NA	S	disk_diffusion_CLSI	NA	S	disk_diffusion_CLSI	NA	NA	disk_diffusion_CLSI	NA	S	disk_diffusion_CLSI	NA	NA	NA	NA	NA	NA	NA	NA	NA	NA	NA	NA	NA	R	disk_diffusion_CLSI	NA	NA	NA	NA	NA	NA	NA	NA	NA	S	disk_diffusion_CLSI	NA	S	disk_diffusion_CLSI	NA	NA	NA	NA	NA	NA	NA	NA	NA	NA	NA	NA	NA	NA	NA	NA	NA	NA	NA	NA	NA	NA	NA	NA	NA	NA	NA	NA	NA	NA	NA	NA	NA	NA	NA	NA	NA	NA	NA	NA	NA	NA	NA	NA	NA	NA	NA	NA	NA	NA	NA	NA	NA	NA	NA	NA	NA	NA	NA	NA	NA	NA	NA	NA	NA	NA	NA	NA	NA	NA	NA	NA	NA	NA	NA	NA	NA	NA	NA	NA	NA	NA	NA	NA	NA	NA	NA
SAMN13999626	ID_5218493	SAMN13999626	NA	zaheer2020	S	disk_diffusion_CLSI	NA	S	disk_diffusion_CLSI	NA	R	disk_diffusion_CLSI	NA	R	disk_diffusion_CLSI	NA	R	disk_diffusion_CLSI	NA	S	disk_diffusion_CLSI	NA	NA	disk_diffusion_CLSI	NA	S	disk_diffusion_CLSI	NA	NA	NA	NA	NA	NA	NA	NA	NA	NA	NA	NA	NA	R	disk_diffusion_CLSI	NA	NA	NA	NA	NA	NA	NA	NA	NA	S	disk_diffusion_CLSI	NA	R	disk_diffusion_CLSI	NA	NA	NA	NA	NA	NA	NA	NA	NA	NA	NA	NA	NA	NA	NA	NA	NA	NA	NA	NA	NA	NA	NA	NA	NA	NA	NA	NA	NA	NA	NA	NA	NA	NA	NA	NA	NA	NA	NA	NA	NA	NA	NA	NA	NA	NA	NA	NA	NA	NA	NA	NA	NA	NA	NA	NA	NA	NA	NA	NA	NA	NA	NA	NA	NA	NA	NA	NA	NA	NA	NA	NA	NA	NA	NA	NA	NA	NA	NA	NA	NA	NA	NA	NA	NA	NA	NA
SAMN13999627	ID_5919228	SAMN13999627	NA	zaheer2020	S	disk_diffusion_CLSI	NA	S	disk_diffusion_CLSI	NA	S	disk_diffusion_CLSI	NA	R	disk_diffusion_CLSI	NA	R	disk_diffusion_CLSI	NA	S	disk_diffusion_CLSI	NA	NA	disk_diffusion_CLSI	NA	S	disk_diffusion_CLSI	NA	NA	NA	NA	NA	NA	NA	NA	NA	NA	NA	NA	NA	R	disk_diffusion_CLSI	NA	NA	NA	NA	NA	NA	NA	NA	NA	S	disk_diffusion_CLSI	NA	R	disk_diffusion_CLSI	NA	NA	NA	NA	NA	NA	NA	NA	NA	NA	NA	NA	NA	NA	NA	NA	NA	NA	NA	NA	NA	NA	NA	NA	NA	NA	NA	NA	NA	NA	NA	NA	NA	NA	NA	NA	NA	NA	NA	NA	NA	NA	NA	NA	NA	NA	NA	NA	NA	NA	NA	NA	NA	NA	NA	NA	NA	NA	NA	NA	NA	NA	NA	NA	NA	NA	NA	NA	NA	NA	NA	NA	NA	NA	NA	NA	NA	NA	NA	NA	NA	NA	NA	NA	NA	NA	NA
SAMN13999628	ID_4340528	SAMN13999628	NA	zaheer2020	S	disk_diffusion_CLSI	NA	S	disk_diffusion_CLSI	NA	S	disk_diffusion_CLSI	NA	S	disk_diffusion_CLSI	NA	S	disk_diffusion_CLSI	NA	S	disk_diffusion_CLSI	NA	NA	disk_diffusion_CLSI	NA	S	disk_diffusion_CLSI	NA	NA	NA	NA	NA	NA	NA	NA	NA	NA	NA	NA	NA	R	disk_diffusion_CLSI	NA	NA	NA	NA	NA	NA	NA	NA	NA	S	disk_diffusion_CLSI	NA	S	disk_diffusion_CLSI	NA	NA	NA	NA	NA	NA	NA	NA	NA	NA	NA	NA	NA	NA	NA	NA	NA	NA	NA	NA	NA	NA	NA	NA	NA	NA	NA	NA	NA	NA	NA	NA	NA	NA	NA	NA	NA	NA	NA	NA	NA	NA	NA	NA	NA	NA	NA	NA	NA	NA	NA	NA	NA	NA	NA	NA	NA	NA	NA	NA	NA	NA	NA	NA	NA	NA	NA	NA	NA	NA	NA	NA	NA	NA	NA	NA	NA	NA	NA	NA	NA	NA	NA	NA	NA	NA	NA
SAMN13999629	ID_3907824	SAMN13999629	NA	zaheer2020	S	disk_diffusion_CLSI	NA	S	disk_diffusion_CLSI	NA	R	disk_diffusion_CLSI	NA	R	disk_diffusion_CLSI	NA	R	disk_diffusion_CLSI	NA	S	disk_diffusion_CLSI	NA	NA	disk_diffusion_CLSI	NA	S	disk_diffusion_CLSI	NA	NA	NA	NA	NA	NA	NA	NA	NA	NA	NA	NA	NA	R	disk_diffusion_CLSI	NA	NA	NA	NA	NA	NA	NA	NA	NA	S	disk_diffusion_CLSI	NA	R	disk_diffusion_CLSI	NA	NA	NA	NA	NA	NA	NA	NA	NA	NA	NA	NA	NA	NA	NA	NA	NA	NA	NA	NA	NA	NA	NA	NA	NA	NA	NA	NA	NA	NA	NA	NA	NA	NA	NA	NA	NA	NA	NA	NA	NA	NA	NA	NA	NA	NA	NA	NA	NA	NA	NA	NA	NA	NA	NA	NA	NA	NA	NA	NA	NA	NA	NA	NA	NA	NA	NA	NA	NA	NA	NA	NA	NA	NA	NA	NA	NA	NA	NA	NA	NA	NA	NA	NA	NA	NA	NA
SAMN13999630	ID_8906024	SAMN13999630	NA	zaheer2020	S	disk_diffusion_CLSI	NA	S	disk_diffusion_CLSI	NA	S	disk_diffusion_CLSI	NA	S	disk_diffusion_CLSI	NA	S	disk_diffusion_CLSI	NA	S	disk_diffusion_CLSI	NA	NA	disk_diffusion_CLSI	NA	S	disk_diffusion_CLSI	NA	NA	NA	NA	NA	NA	NA	NA	NA	NA	NA	NA	NA	R	disk_diffusion_CLSI	NA	NA	NA	NA	NA	NA	NA	NA	NA	S	disk_diffusion_CLSI	NA	S	disk_diffusion_CLSI	NA	NA	NA	NA	NA	NA	NA	NA	NA	NA	NA	NA	NA	NA	NA	NA	NA	NA	NA	NA	NA	NA	NA	NA	NA	NA	NA	NA	NA	NA	NA	NA	NA	NA	NA	NA	NA	NA	NA	NA	NA	NA	NA	NA	NA	NA	NA	NA	NA	NA	NA	NA	NA	NA	NA	NA	NA	NA	NA	NA	NA	NA	NA	NA	NA	NA	NA	NA	NA	NA	NA	NA	NA	NA	NA	NA	NA	NA	NA	NA	NA	NA	NA	NA	NA	NA	NA
SAMN13999631	ID_5138137	SAMN13999631	NA	zaheer2020	S	disk_diffusion_CLSI	NA	S	disk_diffusion_CLSI	NA	S	disk_diffusion_CLSI	NA	I	disk_diffusion_CLSI	NA	S	disk_diffusion_CLSI	NA	S	disk_diffusion_CLSI	NA	NA	disk_diffusion_CLSI	NA	S	disk_diffusion_CLSI	NA	NA	NA	NA	NA	NA	NA	NA	NA	NA	NA	NA	NA	R	disk_diffusion_CLSI	NA	NA	NA	NA	NA	NA	NA	NA	NA	S	disk_diffusion_CLSI	NA	S	disk_diffusion_CLSI	NA	NA	NA	NA	NA	NA	NA	NA	NA	NA	NA	NA	NA	NA	NA	NA	NA	NA	NA	NA	NA	NA	NA	NA	NA	NA	NA	NA	NA	NA	NA	NA	NA	NA	NA	NA	NA	NA	NA	NA	NA	NA	NA	NA	NA	NA	NA	NA	NA	NA	NA	NA	NA	NA	NA	NA	NA	NA	NA	NA	NA	NA	NA	NA	NA	NA	NA	NA	NA	NA	NA	NA	NA	NA	NA	NA	NA	NA	NA	NA	NA	NA	NA	NA	NA	NA	NA
SAMN13999632	ID_2316352	SAMN13999632	NA	zaheer2020	S	disk_diffusion_CLSI	NA	S	disk_diffusion_CLSI	NA	S	disk_diffusion_CLSI	NA	S	disk_diffusion_CLSI	NA	S	disk_diffusion_CLSI	NA	S	disk_diffusion_CLSI	NA	NA	disk_diffusion_CLSI	NA	S	disk_diffusion_CLSI	NA	NA	NA	NA	NA	NA	NA	NA	NA	NA	NA	NA	NA	R	disk_diffusion_CLSI	NA	NA	NA	NA	NA	NA	NA	NA	NA	S	disk_diffusion_CLSI	NA	S	disk_diffusion_CLSI	NA	NA	NA	NA	NA	NA	NA	NA	NA	NA	NA	NA	NA	NA	NA	NA	NA	NA	NA	NA	NA	NA	NA	NA	NA	NA	NA	NA	NA	NA	NA	NA	NA	NA	NA	NA	NA	NA	NA	NA	NA	NA	NA	NA	NA	NA	NA	NA	NA	NA	NA	NA	NA	NA	NA	NA	NA	NA	NA	NA	NA	NA	NA	NA	NA	NA	NA	NA	NA	NA	NA	NA	NA	NA	NA	NA	NA	NA	NA	NA	NA	NA	NA	NA	NA	NA	NA
SAMN13999633	ID_4473716	SAMN13999633	NA	zaheer2020	S	disk_diffusion_CLSI	NA	S	disk_diffusion_CLSI	NA	S	disk_diffusion_CLSI	NA	R	disk_diffusion_CLSI	NA	S	disk_diffusion_CLSI	NA	S	disk_diffusion_CLSI	NA	NA	disk_diffusion_CLSI	NA	S	disk_diffusion_CLSI	NA	NA	NA	NA	NA	NA	NA	NA	NA	NA	NA	NA	NA	R	disk_diffusion_CLSI	NA	NA	NA	NA	NA	NA	NA	NA	NA	S	disk_diffusion_CLSI	NA	S	disk_diffusion_CLSI	NA	NA	NA	NA	NA	NA	NA	NA	NA	NA	NA	NA	NA	NA	NA	NA	NA	NA	NA	NA	NA	NA	NA	NA	NA	NA	NA	NA	NA	NA	NA	NA	NA	NA	NA	NA	NA	NA	NA	NA	NA	NA	NA	NA	NA	NA	NA	NA	NA	NA	NA	NA	NA	NA	NA	NA	NA	NA	NA	NA	NA	NA	NA	NA	NA	NA	NA	NA	NA	NA	NA	NA	NA	NA	NA	NA	NA	NA	NA	NA	NA	NA	NA	NA	NA	NA	NA
SAMN13999634	ID_1718685	SAMN13999634	NA	zaheer2020	S	disk_diffusion_CLSI	NA	S	disk_diffusion_CLSI	NA	S	disk_diffusion_CLSI	NA	I	disk_diffusion_CLSI	NA	S	disk_diffusion_CLSI	NA	S	disk_diffusion_CLSI	NA	NA	disk_diffusion_CLSI	NA	S	disk_diffusion_CLSI	NA	NA	NA	NA	NA	NA	NA	NA	NA	NA	NA	NA	NA	R	disk_diffusion_CLSI	NA	NA	NA	NA	NA	NA	NA	NA	NA	S	disk_diffusion_CLSI	NA	S	disk_diffusion_CLSI	NA	NA	NA	NA	NA	NA	NA	NA	NA	NA	NA	NA	NA	NA	NA	NA	NA	NA	NA	NA	NA	NA	NA	NA	NA	NA	NA	NA	NA	NA	NA	NA	NA	NA	NA	NA	NA	NA	NA	NA	NA	NA	NA	NA	NA	NA	NA	NA	NA	NA	NA	NA	NA	NA	NA	NA	NA	NA	NA	NA	NA	NA	NA	NA	NA	NA	NA	NA	NA	NA	NA	NA	NA	NA	NA	NA	NA	NA	NA	NA	NA	NA	NA	NA	NA	NA	NA
SAMN13999635	ID_3362975	SAMN13999635	NA	zaheer2020	S	disk_diffusion_CLSI	NA	S	disk_diffusion_CLSI	NA	S	disk_diffusion_CLSI	NA	I	disk_diffusion_CLSI	NA	S	disk_diffusion_CLSI	NA	S	disk_diffusion_CLSI	NA	NA	disk_diffusion_CLSI	NA	S	disk_diffusion_CLSI	NA	NA	NA	NA	NA	NA	NA	NA	NA	NA	NA	NA	NA	R	disk_diffusion_CLSI	NA	NA	NA	NA	NA	NA	NA	NA	NA	S	disk_diffusion_CLSI	NA	R	disk_diffusion_CLSI	NA	NA	NA	NA	NA	NA	NA	NA	NA	NA	NA	NA	NA	NA	NA	NA	NA	NA	NA	NA	NA	NA	NA	NA	NA	NA	NA	NA	NA	NA	NA	NA	NA	NA	NA	NA	NA	NA	NA	NA	NA	NA	NA	NA	NA	NA	NA	NA	NA	NA	NA	NA	NA	NA	NA	NA	NA	NA	NA	NA	NA	NA	NA	NA	NA	NA	NA	NA	NA	NA	NA	NA	NA	NA	NA	NA	NA	NA	NA	NA	NA	NA	NA	NA	NA	NA	NA
SAMN13999636	ID_6563245	SAMN13999636	NA	zaheer2020	S	disk_diffusion_CLSI	NA	S	disk_diffusion_CLSI	NA	S	disk_diffusion_CLSI	NA	I	disk_diffusion_CLSI	NA	S	disk_diffusion_CLSI	NA	S	disk_diffusion_CLSI	NA	NA	disk_diffusion_CLSI	NA	S	disk_diffusion_CLSI	NA	NA	NA	NA	NA	NA	NA	NA	NA	NA	NA	NA	NA	S	disk_diffusion_CLSI	NA	NA	NA	NA	NA	NA	NA	NA	NA	S	disk_diffusion_CLSI	NA	S	disk_diffusion_CLSI	NA	NA	NA	NA	NA	NA	NA	NA	NA	NA	NA	NA	NA	NA	NA	NA	NA	NA	NA	NA	NA	NA	NA	NA	NA	NA	NA	NA	NA	NA	NA	NA	NA	NA	NA	NA	NA	NA	NA	NA	NA	NA	NA	NA	NA	NA	NA	NA	NA	NA	NA	NA	NA	NA	NA	NA	NA	NA	NA	NA	NA	NA	NA	NA	NA	NA	NA	NA	NA	NA	NA	NA	NA	NA	NA	NA	NA	NA	NA	NA	NA	NA	NA	NA	NA	NA	NA
SAMN13999637	ID_7404122	SAMN13999637	NA	zaheer2020	S	disk_diffusion_CLSI	NA	S	disk_diffusion_CLSI	NA	S	disk_diffusion_CLSI	NA	S	disk_diffusion_CLSI	NA	S	disk_diffusion_CLSI	NA	S	disk_diffusion_CLSI	NA	NA	disk_diffusion_CLSI	NA	S	disk_diffusion_CLSI	NA	NA	NA	NA	NA	NA	NA	NA	NA	NA	NA	NA	NA	R	disk_diffusion_CLSI	NA	NA	NA	NA	NA	NA	NA	NA	NA	S	disk_diffusion_CLSI	NA	S	disk_diffusion_CLSI	NA	NA	NA	NA	NA	NA	NA	NA	NA	NA	NA	NA	NA	NA	NA	NA	NA	NA	NA	NA	NA	NA	NA	NA	NA	NA	NA	NA	NA	NA	NA	NA	NA	NA	NA	NA	NA	NA	NA	NA	NA	NA	NA	NA	NA	NA	NA	NA	NA	NA	NA	NA	NA	NA	NA	NA	NA	NA	NA	NA	NA	NA	NA	NA	NA	NA	NA	NA	NA	NA	NA	NA	NA	NA	NA	NA	NA	NA	NA	NA	NA	NA	NA	NA	NA	NA	NA
SAMN13999638	ID_2804337	SAMN13999638	NA	zaheer2020	S	disk_diffusion_CLSI	NA	S	disk_diffusion_CLSI	NA	S	disk_diffusion_CLSI	NA	R	disk_diffusion_CLSI	NA	S	disk_diffusion_CLSI	NA	S	disk_diffusion_CLSI	NA	NA	disk_diffusion_CLSI	NA	S	disk_diffusion_CLSI	NA	NA	NA	NA	NA	NA	NA	NA	NA	NA	NA	NA	NA	R	disk_diffusion_CLSI	NA	NA	NA	NA	NA	NA	NA	NA	NA	S	disk_diffusion_CLSI	NA	S	disk_diffusion_CLSI	NA	NA	NA	NA	NA	NA	NA	NA	NA	NA	NA	NA	NA	NA	NA	NA	NA	NA	NA	NA	NA	NA	NA	NA	NA	NA	NA	NA	NA	NA	NA	NA	NA	NA	NA	NA	NA	NA	NA	NA	NA	NA	NA	NA	NA	NA	NA	NA	NA	NA	NA	NA	NA	NA	NA	NA	NA	NA	NA	NA	NA	NA	NA	NA	NA	NA	NA	NA	NA	NA	NA	NA	NA	NA	NA	NA	NA	NA	NA	NA	NA	NA	NA	NA	NA	NA	NA
SAMN13999639	ID_8653308	SAMN13999639	NA	zaheer2020	S	disk_diffusion_CLSI	NA	S	disk_diffusion_CLSI	NA	S	disk_diffusion_CLSI	NA	R	disk_diffusion_CLSI	NA	S	disk_diffusion_CLSI	NA	S	disk_diffusion_CLSI	NA	NA	disk_diffusion_CLSI	NA	S	disk_diffusion_CLSI	NA	NA	NA	NA	NA	NA	NA	NA	NA	NA	NA	NA	NA	R	disk_diffusion_CLSI	NA	NA	NA	NA	NA	NA	NA	NA	NA	S	disk_diffusion_CLSI	NA	R	disk_diffusion_CLSI	NA	NA	NA	NA	NA	NA	NA	NA	NA	NA	NA	NA	NA	NA	NA	NA	NA	NA	NA	NA	NA	NA	NA	NA	NA	NA	NA	NA	NA	NA	NA	NA	NA	NA	NA	NA	NA	NA	NA	NA	NA	NA	NA	NA	NA	NA	NA	NA	NA	NA	NA	NA	NA	NA	NA	NA	NA	NA	NA	NA	NA	NA	NA	NA	NA	NA	NA	NA	NA	NA	NA	NA	NA	NA	NA	NA	NA	NA	NA	NA	NA	NA	NA	NA	NA	NA	NA
SAMN13999640	ID_5484497	SAMN13999640	NA	zaheer2020	S	disk_diffusion_CLSI	NA	S	disk_diffusion_CLSI	NA	S	disk_diffusion_CLSI	NA	S	disk_diffusion_CLSI	NA	S	disk_diffusion_CLSI	NA	S	disk_diffusion_CLSI	NA	NA	disk_diffusion_CLSI	NA	S	disk_diffusion_CLSI	NA	NA	NA	NA	NA	NA	NA	NA	NA	NA	NA	NA	NA	R	disk_diffusion_CLSI	NA	NA	NA	NA	NA	NA	NA	NA	NA	S	disk_diffusion_CLSI	NA	S	disk_diffusion_CLSI	NA	NA	NA	NA	NA	NA	NA	NA	NA	NA	NA	NA	NA	NA	NA	NA	NA	NA	NA	NA	NA	NA	NA	NA	NA	NA	NA	NA	NA	NA	NA	NA	NA	NA	NA	NA	NA	NA	NA	NA	NA	NA	NA	NA	NA	NA	NA	NA	NA	NA	NA	NA	NA	NA	NA	NA	NA	NA	NA	NA	NA	NA	NA	NA	NA	NA	NA	NA	NA	NA	NA	NA	NA	NA	NA	NA	NA	NA	NA	NA	NA	NA	NA	NA	NA	NA	NA
SAMN13999641	ID_8416402	SAMN13999641	NA	zaheer2020	S	disk_diffusion_CLSI	NA	S	disk_diffusion_CLSI	NA	S	disk_diffusion_CLSI	NA	I	disk_diffusion_CLSI	NA	S	disk_diffusion_CLSI	NA	S	disk_diffusion_CLSI	NA	NA	disk_diffusion_CLSI	NA	S	disk_diffusion_CLSI	NA	NA	NA	NA	NA	NA	NA	NA	NA	NA	NA	NA	NA	S	disk_diffusion_CLSI	NA	NA	NA	NA	NA	NA	NA	NA	NA	S	disk_diffusion_CLSI	NA	S	disk_diffusion_CLSI	NA	NA	NA	NA	NA	NA	NA	NA	NA	NA	NA	NA	NA	NA	NA	NA	NA	NA	NA	NA	NA	NA	NA	NA	NA	NA	NA	NA	NA	NA	NA	NA	NA	NA	NA	NA	NA	NA	NA	NA	NA	NA	NA	NA	NA	NA	NA	NA	NA	NA	NA	NA	NA	NA	NA	NA	NA	NA	NA	NA	NA	NA	NA	NA	NA	NA	NA	NA	NA	NA	NA	NA	NA	NA	NA	NA	NA	NA	NA	NA	NA	NA	NA	NA	NA	NA	NA
SAMN13999642	ID_6086256	SAMN13999642	NA	zaheer2020	S	disk_diffusion_CLSI	NA	S	disk_diffusion_CLSI	NA	S	disk_diffusion_CLSI	NA	S	disk_diffusion_CLSI	NA	S	disk_diffusion_CLSI	NA	S	disk_diffusion_CLSI	NA	NA	disk_diffusion_CLSI	NA	S	disk_diffusion_CLSI	NA	NA	NA	NA	NA	NA	NA	NA	NA	NA	NA	NA	NA	R	disk_diffusion_CLSI	NA	NA	NA	NA	NA	NA	NA	NA	NA	S	disk_diffusion_CLSI	NA	R	disk_diffusion_CLSI	NA	NA	NA	NA	NA	NA	NA	NA	NA	NA	NA	NA	NA	NA	NA	NA	NA	NA	NA	NA	NA	NA	NA	NA	NA	NA	NA	NA	NA	NA	NA	NA	NA	NA	NA	NA	NA	NA	NA	NA	NA	NA	NA	NA	NA	NA	NA	NA	NA	NA	NA	NA	NA	NA	NA	NA	NA	NA	NA	NA	NA	NA	NA	NA	NA	NA	NA	NA	NA	NA	NA	NA	NA	NA	NA	NA	NA	NA	NA	NA	NA	NA	NA	NA	NA	NA	NA
SAMN13999643	ID_5918588	SAMN13999643	NA	zaheer2020	S	disk_diffusion_CLSI	NA	S	disk_diffusion_CLSI	NA	S	disk_diffusion_CLSI	NA	I	disk_diffusion_CLSI	NA	S	disk_diffusion_CLSI	NA	S	disk_diffusion_CLSI	NA	NA	disk_diffusion_CLSI	NA	S	disk_diffusion_CLSI	NA	NA	NA	NA	NA	NA	NA	NA	NA	NA	NA	NA	NA	I	disk_diffusion_CLSI	NA	NA	NA	NA	NA	NA	NA	NA	NA	S	disk_diffusion_CLSI	NA	S	disk_diffusion_CLSI	NA	NA	NA	NA	NA	NA	NA	NA	NA	NA	NA	NA	NA	NA	NA	NA	NA	NA	NA	NA	NA	NA	NA	NA	NA	NA	NA	NA	NA	NA	NA	NA	NA	NA	NA	NA	NA	NA	NA	NA	NA	NA	NA	NA	NA	NA	NA	NA	NA	NA	NA	NA	NA	NA	NA	NA	NA	NA	NA	NA	NA	NA	NA	NA	NA	NA	NA	NA	NA	NA	NA	NA	NA	NA	NA	NA	NA	NA	NA	NA	NA	NA	NA	NA	NA	NA	NA
SAMN13999644	ID_5837174	SAMN13999644	NA	zaheer2020	S	disk_diffusion_CLSI	NA	S	disk_diffusion_CLSI	NA	S	disk_diffusion_CLSI	NA	I	disk_diffusion_CLSI	NA	S	disk_diffusion_CLSI	NA	S	disk_diffusion_CLSI	NA	S	disk_diffusion_CLSI	NA	S	disk_diffusion_CLSI	NA	NA	NA	NA	NA	NA	NA	NA	NA	NA	NA	NA	NA	R	disk_diffusion_CLSI	NA	NA	NA	NA	NA	NA	NA	NA	NA	S	disk_diffusion_CLSI	NA	S	disk_diffusion_CLSI	NA	NA	NA	NA	NA	NA	NA	NA	NA	NA	NA	NA	NA	NA	NA	NA	NA	NA	NA	NA	NA	NA	NA	NA	NA	NA	NA	NA	NA	NA	NA	NA	NA	NA	NA	NA	NA	NA	NA	NA	NA	NA	NA	NA	NA	NA	NA	NA	NA	NA	NA	NA	NA	NA	NA	NA	NA	NA	NA	NA	NA	NA	NA	NA	NA	NA	NA	NA	NA	NA	NA	NA	NA	NA	NA	NA	NA	NA	NA	NA	NA	NA	NA	NA	NA	NA	NA
SAMN13999645	ID_8133571	SAMN13999645	NA	zaheer2020	S	disk_diffusion_CLSI	NA	I	disk_diffusion_CLSI	NA	S	disk_diffusion_CLSI	NA	I	disk_diffusion_CLSI	NA	I	disk_diffusion_CLSI	NA	S	disk_diffusion_CLSI	NA	S	disk_diffusion_CLSI	NA	S	disk_diffusion_CLSI	NA	NA	NA	NA	NA	NA	NA	NA	NA	NA	NA	NA	NA	R	disk_diffusion_CLSI	NA	NA	NA	NA	NA	NA	NA	NA	NA	S	disk_diffusion_CLSI	NA	R	disk_diffusion_CLSI	NA	NA	NA	NA	NA	NA	NA	NA	NA	NA	NA	NA	NA	NA	NA	NA	NA	NA	NA	NA	NA	NA	NA	NA	NA	NA	NA	NA	NA	NA	NA	NA	NA	NA	NA	NA	NA	NA	NA	NA	NA	NA	NA	NA	NA	NA	NA	NA	NA	NA	NA	NA	NA	NA	NA	NA	NA	NA	NA	NA	NA	NA	NA	NA	NA	NA	NA	NA	NA	NA	NA	NA	NA	NA	NA	NA	NA	NA	NA	NA	NA	NA	NA	NA	NA	NA	NA
SAMN13999646	ID_4434529	SAMN13999646	NA	zaheer2020	S	disk_diffusion_CLSI	NA	S	disk_diffusion_CLSI	NA	S	disk_diffusion_CLSI	NA	I	disk_diffusion_CLSI	NA	I	disk_diffusion_CLSI	NA	S	disk_diffusion_CLSI	NA	S	disk_diffusion_CLSI	NA	S	disk_diffusion_CLSI	NA	NA	NA	NA	NA	NA	NA	NA	NA	NA	NA	NA	NA	R	disk_diffusion_CLSI	NA	NA	NA	NA	NA	NA	NA	NA	NA	S	disk_diffusion_CLSI	NA	R	disk_diffusion_CLSI	NA	NA	NA	NA	NA	NA	NA	NA	NA	NA	NA	NA	NA	NA	NA	NA	NA	NA	NA	NA	NA	NA	NA	NA	NA	NA	NA	NA	NA	NA	NA	NA	NA	NA	NA	NA	NA	NA	NA	NA	NA	NA	NA	NA	NA	NA	NA	NA	NA	NA	NA	NA	NA	NA	NA	NA	NA	NA	NA	NA	NA	NA	NA	NA	NA	NA	NA	NA	NA	NA	NA	NA	NA	NA	NA	NA	NA	NA	NA	NA	NA	NA	NA	NA	NA	NA	NA
SAMN13999648	ID_8136797	SAMN13999648	NA	zaheer2020	S	disk_diffusion_CLSI	NA	S	disk_diffusion_CLSI	NA	S	disk_diffusion_CLSI	NA	I	disk_diffusion_CLSI	NA	S	disk_diffusion_CLSI	NA	S	disk_diffusion_CLSI	NA	S	disk_diffusion_CLSI	NA	S	disk_diffusion_CLSI	NA	NA	NA	NA	NA	NA	NA	NA	NA	NA	NA	NA	NA	R	disk_diffusion_CLSI	NA	NA	NA	NA	NA	NA	NA	NA	NA	S	disk_diffusion_CLSI	NA	S	disk_diffusion_CLSI	NA	NA	NA	NA	NA	NA	NA	NA	NA	NA	NA	NA	NA	NA	NA	NA	NA	NA	NA	NA	NA	NA	NA	NA	NA	NA	NA	NA	NA	NA	NA	NA	NA	NA	NA	NA	NA	NA	NA	NA	NA	NA	NA	NA	NA	NA	NA	NA	NA	NA	NA	NA	NA	NA	NA	NA	NA	NA	NA	NA	NA	NA	NA	NA	NA	NA	NA	NA	NA	NA	NA	NA	NA	NA	NA	NA	NA	NA	NA	NA	NA	NA	NA	NA	NA	NA	NA
SAMN13999649	ID_1136759	SAMN13999649	NA	zaheer2020	S	disk_diffusion_CLSI	NA	I	disk_diffusion_CLSI	NA	S	disk_diffusion_CLSI	NA	I	disk_diffusion_CLSI	NA	I	disk_diffusion_CLSI	NA	S	disk_diffusion_CLSI	NA	S	disk_diffusion_CLSI	NA	S	disk_diffusion_CLSI	NA	NA	NA	NA	NA	NA	NA	NA	NA	NA	NA	NA	NA	R	disk_diffusion_CLSI	NA	NA	NA	NA	NA	NA	NA	NA	NA	S	disk_diffusion_CLSI	NA	S	disk_diffusion_CLSI	NA	NA	NA	NA	NA	NA	NA	NA	NA	NA	NA	NA	NA	NA	NA	NA	NA	NA	NA	NA	NA	NA	NA	NA	NA	NA	NA	NA	NA	NA	NA	NA	NA	NA	NA	NA	NA	NA	NA	NA	NA	NA	NA	NA	NA	NA	NA	NA	NA	NA	NA	NA	NA	NA	NA	NA	NA	NA	NA	NA	NA	NA	NA	NA	NA	NA	NA	NA	NA	NA	NA	NA	NA	NA	NA	NA	NA	NA	NA	NA	NA	NA	NA	NA	NA	NA	NA
SAMN13999650	ID_8325734	SAMN13999650	NA	zaheer2020	S	disk_diffusion_CLSI	NA	S	disk_diffusion_CLSI	NA	S	disk_diffusion_CLSI	NA	I	disk_diffusion_CLSI	NA	S	disk_diffusion_CLSI	NA	S	disk_diffusion_CLSI	NA	S	disk_diffusion_CLSI	NA	S	disk_diffusion_CLSI	NA	NA	NA	NA	NA	NA	NA	NA	NA	NA	NA	NA	NA	R	disk_diffusion_CLSI	NA	NA	NA	NA	NA	NA	NA	NA	NA	S	disk_diffusion_CLSI	NA	S	disk_diffusion_CLSI	NA	NA	NA	NA	NA	NA	NA	NA	NA	NA	NA	NA	NA	NA	NA	NA	NA	NA	NA	NA	NA	NA	NA	NA	NA	NA	NA	NA	NA	NA	NA	NA	NA	NA	NA	NA	NA	NA	NA	NA	NA	NA	NA	NA	NA	NA	NA	NA	NA	NA	NA	NA	NA	NA	NA	NA	NA	NA	NA	NA	NA	NA	NA	NA	NA	NA	NA	NA	NA	NA	NA	NA	NA	NA	NA	NA	NA	NA	NA	NA	NA	NA	NA	NA	NA	NA	NA
SAMN13999652	ID_8773766	SAMN13999652	NA	zaheer2020	S	disk_diffusion_CLSI	NA	S	disk_diffusion_CLSI	NA	S	disk_diffusion_CLSI	NA	R	disk_diffusion_CLSI	NA	S	disk_diffusion_CLSI	NA	S	disk_diffusion_CLSI	NA	S	disk_diffusion_CLSI	NA	S	disk_diffusion_CLSI	NA	NA	NA	NA	NA	NA	NA	NA	NA	NA	NA	NA	NA	R	disk_diffusion_CLSI	NA	NA	NA	NA	NA	NA	NA	NA	NA	S	disk_diffusion_CLSI	NA	R	disk_diffusion_CLSI	NA	NA	NA	NA	NA	NA	NA	NA	NA	NA	NA	NA	NA	NA	NA	NA	NA	NA	NA	NA	NA	NA	NA	NA	NA	NA	NA	NA	NA	NA	NA	NA	NA	NA	NA	NA	NA	NA	NA	NA	NA	NA	NA	NA	NA	NA	NA	NA	NA	NA	NA	NA	NA	NA	NA	NA	NA	NA	NA	NA	NA	NA	NA	NA	NA	NA	NA	NA	NA	NA	NA	NA	NA	NA	NA	NA	NA	NA	NA	NA	NA	NA	NA	NA	NA	NA	NA
SAMN13999653	ID_7287021	SAMN13999653	NA	zaheer2020	S	disk_diffusion_CLSI	NA	I	disk_diffusion_CLSI	NA	S	disk_diffusion_CLSI	NA	R	disk_diffusion_CLSI	NA	I	disk_diffusion_CLSI	NA	S	disk_diffusion_CLSI	NA	S	disk_diffusion_CLSI	NA	S	disk_diffusion_CLSI	NA	NA	NA	NA	NA	NA	NA	NA	NA	NA	NA	NA	NA	R	disk_diffusion_CLSI	NA	NA	NA	NA	NA	NA	NA	NA	NA	S	disk_diffusion_CLSI	NA	R	disk_diffusion_CLSI	NA	NA	NA	NA	NA	NA	NA	NA	NA	NA	NA	NA	NA	NA	NA	NA	NA	NA	NA	NA	NA	NA	NA	NA	NA	NA	NA	NA	NA	NA	NA	NA	NA	NA	NA	NA	NA	NA	NA	NA	NA	NA	NA	NA	NA	NA	NA	NA	NA	NA	NA	NA	NA	NA	NA	NA	NA	NA	NA	NA	NA	NA	NA	NA	NA	NA	NA	NA	NA	NA	NA	NA	NA	NA	NA	NA	NA	NA	NA	NA	NA	NA	NA	NA	NA	NA	NA
SAMN13999654	ID_4371498	SAMN13999654	NA	zaheer2020	S	disk_diffusion_CLSI	NA	S	disk_diffusion_CLSI	NA	S	disk_diffusion_CLSI	NA	R	disk_diffusion_CLSI	NA	I	disk_diffusion_CLSI	NA	S	disk_diffusion_CLSI	NA	S	disk_diffusion_CLSI	NA	S	disk_diffusion_CLSI	NA	NA	NA	NA	NA	NA	NA	NA	NA	NA	NA	NA	NA	R	disk_diffusion_CLSI	NA	NA	NA	NA	NA	NA	NA	NA	NA	S	disk_diffusion_CLSI	NA	R	disk_diffusion_CLSI	NA	NA	NA	NA	NA	NA	NA	NA	NA	NA	NA	NA	NA	NA	NA	NA	NA	NA	NA	NA	NA	NA	NA	NA	NA	NA	NA	NA	NA	NA	NA	NA	NA	NA	NA	NA	NA	NA	NA	NA	NA	NA	NA	NA	NA	NA	NA	NA	NA	NA	NA	NA	NA	NA	NA	NA	NA	NA	NA	NA	NA	NA	NA	NA	NA	NA	NA	NA	NA	NA	NA	NA	NA	NA	NA	NA	NA	NA	NA	NA	NA	NA	NA	NA	NA	NA	NA
SAMN13999655	ID_4910807	SAMN13999655	NA	zaheer2020	S	disk_diffusion_CLSI	NA	I	disk_diffusion_CLSI	NA	S	disk_diffusion_CLSI	NA	R	disk_diffusion_CLSI	NA	I	disk_diffusion_CLSI	NA	S	disk_diffusion_CLSI	NA	S	disk_diffusion_CLSI	NA	S	disk_diffusion_CLSI	NA	NA	NA	NA	NA	NA	NA	NA	NA	NA	NA	NA	NA	R	disk_diffusion_CLSI	NA	NA	NA	NA	NA	NA	NA	NA	NA	S	disk_diffusion_CLSI	NA	R	disk_diffusion_CLSI	NA	NA	NA	NA	NA	NA	NA	NA	NA	NA	NA	NA	NA	NA	NA	NA	NA	NA	NA	NA	NA	NA	NA	NA	NA	NA	NA	NA	NA	NA	NA	NA	NA	NA	NA	NA	NA	NA	NA	NA	NA	NA	NA	NA	NA	NA	NA	NA	NA	NA	NA	NA	NA	NA	NA	NA	NA	NA	NA	NA	NA	NA	NA	NA	NA	NA	NA	NA	NA	NA	NA	NA	NA	NA	NA	NA	NA	NA	NA	NA	NA	NA	NA	NA	NA	NA	NA
SAMN13999656	ID_1247663	SAMN13999656	NA	zaheer2020	S	disk_diffusion_CLSI	NA	S	disk_diffusion_CLSI	NA	S	disk_diffusion_CLSI	NA	R	disk_diffusion_CLSI	NA	I	disk_diffusion_CLSI	NA	S	disk_diffusion_CLSI	NA	S	disk_diffusion_CLSI	NA	S	disk_diffusion_CLSI	NA	NA	NA	NA	NA	NA	NA	NA	NA	NA	NA	NA	NA	R	disk_diffusion_CLSI	NA	NA	NA	NA	NA	NA	NA	NA	NA	S	disk_diffusion_CLSI	NA	R	disk_diffusion_CLSI	NA	NA	NA	NA	NA	NA	NA	NA	NA	NA	NA	NA	NA	NA	NA	NA	NA	NA	NA	NA	NA	NA	NA	NA	NA	NA	NA	NA	NA	NA	NA	NA	NA	NA	NA	NA	NA	NA	NA	NA	NA	NA	NA	NA	NA	NA	NA	NA	NA	NA	NA	NA	NA	NA	NA	NA	NA	NA	NA	NA	NA	NA	NA	NA	NA	NA	NA	NA	NA	NA	NA	NA	NA	NA	NA	NA	NA	NA	NA	NA	NA	NA	NA	NA	NA	NA	NA
SAMN13999657	ID_8642542	SAMN13999657	NA	zaheer2020	S	disk_diffusion_CLSI	NA	I	disk_diffusion_CLSI	NA	S	disk_diffusion_CLSI	NA	R	disk_diffusion_CLSI	NA	I	disk_diffusion_CLSI	NA	S	disk_diffusion_CLSI	NA	S	disk_diffusion_CLSI	NA	R	disk_diffusion_CLSI	NA	NA	NA	NA	NA	NA	NA	NA	NA	NA	NA	NA	NA	R	disk_diffusion_CLSI	NA	NA	NA	NA	NA	NA	NA	NA	NA	S	disk_diffusion_CLSI	NA	S	disk_diffusion_CLSI	NA	NA	NA	NA	NA	NA	NA	NA	NA	NA	NA	NA	NA	NA	NA	NA	NA	NA	NA	NA	NA	NA	NA	NA	NA	NA	NA	NA	NA	NA	NA	NA	NA	NA	NA	NA	NA	NA	NA	NA	NA	NA	NA	NA	NA	NA	NA	NA	NA	NA	NA	NA	NA	NA	NA	NA	NA	NA	NA	NA	NA	NA	NA	NA	NA	NA	NA	NA	NA	NA	NA	NA	NA	NA	NA	NA	NA	NA	NA	NA	NA	NA	NA	NA	NA	NA	NA
SAMN13999658	ID_4773303	SAMN13999658	NA	zaheer2020	S	disk_diffusion_CLSI	NA	I	disk_diffusion_CLSI	NA	S	disk_diffusion_CLSI	NA	I	disk_diffusion_CLSI	NA	I	disk_diffusion_CLSI	NA	R	disk_diffusion_CLSI	NA	S	disk_diffusion_CLSI	NA	S	disk_diffusion_CLSI	NA	NA	NA	NA	NA	NA	NA	NA	NA	NA	NA	NA	NA	R	disk_diffusion_CLSI	NA	NA	NA	NA	NA	NA	NA	NA	NA	S	disk_diffusion_CLSI	NA	S	disk_diffusion_CLSI	NA	NA	NA	NA	NA	NA	NA	NA	NA	NA	NA	NA	NA	NA	NA	NA	NA	NA	NA	NA	NA	NA	NA	NA	NA	NA	NA	NA	NA	NA	NA	NA	NA	NA	NA	NA	NA	NA	NA	NA	NA	NA	NA	NA	NA	NA	NA	NA	NA	NA	NA	NA	NA	NA	NA	NA	NA	NA	NA	NA	NA	NA	NA	NA	NA	NA	NA	NA	NA	NA	NA	NA	NA	NA	NA	NA	NA	NA	NA	NA	NA	NA	NA	NA	NA	NA	NA
SAMN13999659	ID_7708412	SAMN13999659	NA	zaheer2020	S	disk_diffusion_CLSI	NA	I	disk_diffusion_CLSI	NA	S	disk_diffusion_CLSI	NA	I	disk_diffusion_CLSI	NA	I	disk_diffusion_CLSI	NA	S	disk_diffusion_CLSI	NA	S	disk_diffusion_CLSI	NA	S	disk_diffusion_CLSI	NA	NA	NA	NA	NA	NA	NA	NA	NA	NA	NA	NA	NA	R	disk_diffusion_CLSI	NA	NA	NA	NA	NA	NA	NA	NA	NA	S	disk_diffusion_CLSI	NA	R	disk_diffusion_CLSI	NA	NA	NA	NA	NA	NA	NA	NA	NA	NA	NA	NA	NA	NA	NA	NA	NA	NA	NA	NA	NA	NA	NA	NA	NA	NA	NA	NA	NA	NA	NA	NA	NA	NA	NA	NA	NA	NA	NA	NA	NA	NA	NA	NA	NA	NA	NA	NA	NA	NA	NA	NA	NA	NA	NA	NA	NA	NA	NA	NA	NA	NA	NA	NA	NA	NA	NA	NA	NA	NA	NA	NA	NA	NA	NA	NA	NA	NA	NA	NA	NA	NA	NA	NA	NA	NA	NA
SAMN13999660	ID_3278863	SAMN13999660	NA	zaheer2020	S	disk_diffusion_CLSI	NA	I	disk_diffusion_CLSI	NA	S	disk_diffusion_CLSI	NA	I	disk_diffusion_CLSI	NA	S	disk_diffusion_CLSI	NA	R	disk_diffusion_CLSI	NA	S	disk_diffusion_CLSI	NA	S	disk_diffusion_CLSI	NA	NA	NA	NA	NA	NA	NA	NA	NA	NA	NA	NA	NA	R	disk_diffusion_CLSI	NA	NA	NA	NA	NA	NA	NA	NA	NA	S	disk_diffusion_CLSI	NA	S	disk_diffusion_CLSI	NA	NA	NA	NA	NA	NA	NA	NA	NA	NA	NA	NA	NA	NA	NA	NA	NA	NA	NA	NA	NA	NA	NA	NA	NA	NA	NA	NA	NA	NA	NA	NA	NA	NA	NA	NA	NA	NA	NA	NA	NA	NA	NA	NA	NA	NA	NA	NA	NA	NA	NA	NA	NA	NA	NA	NA	NA	NA	NA	NA	NA	NA	NA	NA	NA	NA	NA	NA	NA	NA	NA	NA	NA	NA	NA	NA	NA	NA	NA	NA	NA	NA	NA	NA	NA	NA	NA
SAMN13999661	ID_3748176	SAMN13999661	NA	zaheer2020	S	disk_diffusion_CLSI	NA	I	disk_diffusion_CLSI	NA	S	disk_diffusion_CLSI	NA	R	disk_diffusion_CLSI	NA	R	disk_diffusion_CLSI	NA	R	disk_diffusion_CLSI	NA	S	disk_diffusion_CLSI	NA	R	disk_diffusion_CLSI	NA	NA	NA	NA	NA	NA	NA	NA	NA	NA	NA	NA	NA	R	disk_diffusion_CLSI	NA	NA	NA	NA	NA	NA	NA	NA	NA	S	disk_diffusion_CLSI	NA	R	disk_diffusion_CLSI	NA	NA	NA	NA	NA	NA	NA	NA	NA	NA	NA	NA	NA	NA	NA	NA	NA	NA	NA	NA	NA	NA	NA	NA	NA	NA	NA	NA	NA	NA	NA	NA	NA	NA	NA	NA	NA	NA	NA	NA	NA	NA	NA	NA	NA	NA	NA	NA	NA	NA	NA	NA	NA	NA	NA	NA	NA	NA	NA	NA	NA	NA	NA	NA	NA	NA	NA	NA	NA	NA	NA	NA	NA	NA	NA	NA	NA	NA	NA	NA	NA	NA	NA	NA	NA	NA	NA
SAMN13999662	ID_4631153	SAMN13999662	NA	zaheer2020	S	disk_diffusion_CLSI	NA	I	disk_diffusion_CLSI	NA	S	disk_diffusion_CLSI	NA	R	disk_diffusion_CLSI	NA	S	disk_diffusion_CLSI	NA	R	disk_diffusion_CLSI	NA	S	disk_diffusion_CLSI	NA	S	disk_diffusion_CLSI	NA	NA	NA	NA	NA	NA	NA	NA	NA	NA	NA	NA	NA	R	disk_diffusion_CLSI	NA	NA	NA	NA	NA	NA	NA	NA	NA	S	disk_diffusion_CLSI	NA	R	disk_diffusion_CLSI	NA	NA	NA	NA	NA	NA	NA	NA	NA	NA	NA	NA	NA	NA	NA	NA	NA	NA	NA	NA	NA	NA	NA	NA	NA	NA	NA	NA	NA	NA	NA	NA	NA	NA	NA	NA	NA	NA	NA	NA	NA	NA	NA	NA	NA	NA	NA	NA	NA	NA	NA	NA	NA	NA	NA	NA	NA	NA	NA	NA	NA	NA	NA	NA	NA	NA	NA	NA	NA	NA	NA	NA	NA	NA	NA	NA	NA	NA	NA	NA	NA	NA	NA	NA	NA	NA	NA
SAMN13999663	ID_5653774	SAMN13999663	NA	zaheer2020	S	disk_diffusion_CLSI	NA	S	disk_diffusion_CLSI	NA	S	disk_diffusion_CLSI	NA	R	disk_diffusion_CLSI	NA	S	disk_diffusion_CLSI	NA	S	disk_diffusion_CLSI	NA	S	disk_diffusion_CLSI	NA	R	disk_diffusion_CLSI	NA	NA	NA	NA	NA	NA	NA	NA	NA	NA	NA	NA	NA	R	disk_diffusion_CLSI	NA	NA	NA	NA	NA	NA	NA	NA	NA	S	disk_diffusion_CLSI	NA	R	disk_diffusion_CLSI	NA	NA	NA	NA	NA	NA	NA	NA	NA	NA	NA	NA	NA	NA	NA	NA	NA	NA	NA	NA	NA	NA	NA	NA	NA	NA	NA	NA	NA	NA	NA	NA	NA	NA	NA	NA	NA	NA	NA	NA	NA	NA	NA	NA	NA	NA	NA	NA	NA	NA	NA	NA	NA	NA	NA	NA	NA	NA	NA	NA	NA	NA	NA	NA	NA	NA	NA	NA	NA	NA	NA	NA	NA	NA	NA	NA	NA	NA	NA	NA	NA	NA	NA	NA	NA	NA	NA
SAMN13999664	ID_6874724	SAMN13999664	NA	zaheer2020	S	disk_diffusion_CLSI	NA	I	disk_diffusion_CLSI	NA	S	disk_diffusion_CLSI	NA	R	disk_diffusion_CLSI	NA	S	disk_diffusion_CLSI	NA	S	disk_diffusion_CLSI	NA	S	disk_diffusion_CLSI	NA	R	disk_diffusion_CLSI	NA	NA	NA	NA	NA	NA	NA	NA	NA	NA	NA	NA	NA	R	disk_diffusion_CLSI	NA	NA	NA	NA	NA	NA	NA	NA	NA	S	disk_diffusion_CLSI	NA	R	disk_diffusion_CLSI	NA	NA	NA	NA	NA	NA	NA	NA	NA	NA	NA	NA	NA	NA	NA	NA	NA	NA	NA	NA	NA	NA	NA	NA	NA	NA	NA	NA	NA	NA	NA	NA	NA	NA	NA	NA	NA	NA	NA	NA	NA	NA	NA	NA	NA	NA	NA	NA	NA	NA	NA	NA	NA	NA	NA	NA	NA	NA	NA	NA	NA	NA	NA	NA	NA	NA	NA	NA	NA	NA	NA	NA	NA	NA	NA	NA	NA	NA	NA	NA	NA	NA	NA	NA	NA	NA	NA
SAMN13999665	ID_1186800	SAMN13999665	NA	zaheer2020	S	disk_diffusion_CLSI	NA	I	disk_diffusion_CLSI	NA	S	disk_diffusion_CLSI	NA	R	disk_diffusion_CLSI	NA	S	disk_diffusion_CLSI	NA	S	disk_diffusion_CLSI	NA	S	disk_diffusion_CLSI	NA	S	disk_diffusion_CLSI	NA	NA	NA	NA	NA	NA	NA	NA	NA	NA	NA	NA	NA	R	disk_diffusion_CLSI	NA	NA	NA	NA	NA	NA	NA	NA	NA	S	disk_diffusion_CLSI	NA	R	disk_diffusion_CLSI	NA	NA	NA	NA	NA	NA	NA	NA	NA	NA	NA	NA	NA	NA	NA	NA	NA	NA	NA	NA	NA	NA	NA	NA	NA	NA	NA	NA	NA	NA	NA	NA	NA	NA	NA	NA	NA	NA	NA	NA	NA	NA	NA	NA	NA	NA	NA	NA	NA	NA	NA	NA	NA	NA	NA	NA	NA	NA	NA	NA	NA	NA	NA	NA	NA	NA	NA	NA	NA	NA	NA	NA	NA	NA	NA	NA	NA	NA	NA	NA	NA	NA	NA	NA	NA	NA	NA
SAMN13999666	ID_6800162	SAMN13999666	NA	zaheer2020	S	disk_diffusion_CLSI	NA	S	disk_diffusion_CLSI	NA	S	disk_diffusion_CLSI	NA	I	disk_diffusion_CLSI	NA	I	disk_diffusion_CLSI	NA	S	disk_diffusion_CLSI	NA	S	disk_diffusion_CLSI	NA	S	disk_diffusion_CLSI	NA	NA	NA	NA	NA	NA	NA	NA	NA	NA	NA	NA	NA	R	disk_diffusion_CLSI	NA	NA	NA	NA	NA	NA	NA	NA	NA	S	disk_diffusion_CLSI	NA	S	disk_diffusion_CLSI	NA	NA	NA	NA	NA	NA	NA	NA	NA	NA	NA	NA	NA	NA	NA	NA	NA	NA	NA	NA	NA	NA	NA	NA	NA	NA	NA	NA	NA	NA	NA	NA	NA	NA	NA	NA	NA	NA	NA	NA	NA	NA	NA	NA	NA	NA	NA	NA	NA	NA	NA	NA	NA	NA	NA	NA	NA	NA	NA	NA	NA	NA	NA	NA	NA	NA	NA	NA	NA	NA	NA	NA	NA	NA	NA	NA	NA	NA	NA	NA	NA	NA	NA	NA	NA	NA	NA
SAMN13999667	ID_7887911	SAMN13999667	NA	zaheer2020	S	disk_diffusion_CLSI	NA	I	disk_diffusion_CLSI	NA	S	disk_diffusion_CLSI	NA	I	disk_diffusion_CLSI	NA	R	disk_diffusion_CLSI	NA	R	disk_diffusion_CLSI	NA	S	disk_diffusion_CLSI	NA	S	disk_diffusion_CLSI	NA	NA	NA	NA	NA	NA	NA	NA	NA	NA	NA	NA	NA	R	disk_diffusion_CLSI	NA	NA	NA	NA	NA	NA	NA	NA	NA	S	disk_diffusion_CLSI	NA	R	disk_diffusion_CLSI	NA	NA	NA	NA	NA	NA	NA	NA	NA	NA	NA	NA	NA	NA	NA	NA	NA	NA	NA	NA	NA	NA	NA	NA	NA	NA	NA	NA	NA	NA	NA	NA	NA	NA	NA	NA	NA	NA	NA	NA	NA	NA	NA	NA	NA	NA	NA	NA	NA	NA	NA	NA	NA	NA	NA	NA	NA	NA	NA	NA	NA	NA	NA	NA	NA	NA	NA	NA	NA	NA	NA	NA	NA	NA	NA	NA	NA	NA	NA	NA	NA	NA	NA	NA	NA	NA	NA
SAMN13999668	ID_7246936	SAMN13999668	NA	zaheer2020	S	disk_diffusion_CLSI	NA	I	disk_diffusion_CLSI	NA	S	disk_diffusion_CLSI	NA	I	disk_diffusion_CLSI	NA	I	disk_diffusion_CLSI	NA	S	disk_diffusion_CLSI	NA	S	disk_diffusion_CLSI	NA	S	disk_diffusion_CLSI	NA	NA	NA	NA	NA	NA	NA	NA	NA	NA	NA	NA	NA	R	disk_diffusion_CLSI	NA	NA	NA	NA	NA	NA	NA	NA	NA	S	disk_diffusion_CLSI	NA	R	disk_diffusion_CLSI	NA	NA	NA	NA	NA	NA	NA	NA	NA	NA	NA	NA	NA	NA	NA	NA	NA	NA	NA	NA	NA	NA	NA	NA	NA	NA	NA	NA	NA	NA	NA	NA	NA	NA	NA	NA	NA	NA	NA	NA	NA	NA	NA	NA	NA	NA	NA	NA	NA	NA	NA	NA	NA	NA	NA	NA	NA	NA	NA	NA	NA	NA	NA	NA	NA	NA	NA	NA	NA	NA	NA	NA	NA	NA	NA	NA	NA	NA	NA	NA	NA	NA	NA	NA	NA	NA	NA
SAMN13999669	ID_6953684	SAMN13999669	NA	zaheer2020	S	disk_diffusion_CLSI	NA	S	disk_diffusion_CLSI	NA	S	disk_diffusion_CLSI	NA	R	disk_diffusion_CLSI	NA	I	disk_diffusion_CLSI	NA	S	disk_diffusion_CLSI	NA	S	disk_diffusion_CLSI	NA	R	disk_diffusion_CLSI	NA	NA	NA	NA	NA	NA	NA	NA	NA	NA	NA	NA	NA	R	disk_diffusion_CLSI	NA	NA	NA	NA	NA	NA	NA	NA	NA	S	disk_diffusion_CLSI	NA	R	disk_diffusion_CLSI	NA	NA	NA	NA	NA	NA	NA	NA	NA	NA	NA	NA	NA	NA	NA	NA	NA	NA	NA	NA	NA	NA	NA	NA	NA	NA	NA	NA	NA	NA	NA	NA	NA	NA	NA	NA	NA	NA	NA	NA	NA	NA	NA	NA	NA	NA	NA	NA	NA	NA	NA	NA	NA	NA	NA	NA	NA	NA	NA	NA	NA	NA	NA	NA	NA	NA	NA	NA	NA	NA	NA	NA	NA	NA	NA	NA	NA	NA	NA	NA	NA	NA	NA	NA	NA	NA	NA
SAMN13999670	ID_2991147	SAMN13999670	NA	zaheer2020	S	disk_diffusion_CLSI	NA	S	disk_diffusion_CLSI	NA	S	disk_diffusion_CLSI	NA	I	disk_diffusion_CLSI	NA	S	disk_diffusion_CLSI	NA	S	disk_diffusion_CLSI	NA	S	disk_diffusion_CLSI	NA	S	disk_diffusion_CLSI	NA	NA	NA	NA	NA	NA	NA	NA	NA	NA	NA	NA	NA	R	disk_diffusion_CLSI	NA	NA	NA	NA	NA	NA	NA	NA	NA	S	disk_diffusion_CLSI	NA	S	disk_diffusion_CLSI	NA	NA	NA	NA	NA	NA	NA	NA	NA	NA	NA	NA	NA	NA	NA	NA	NA	NA	NA	NA	NA	NA	NA	NA	NA	NA	NA	NA	NA	NA	NA	NA	NA	NA	NA	NA	NA	NA	NA	NA	NA	NA	NA	NA	NA	NA	NA	NA	NA	NA	NA	NA	NA	NA	NA	NA	NA	NA	NA	NA	NA	NA	NA	NA	NA	NA	NA	NA	NA	NA	NA	NA	NA	NA	NA	NA	NA	NA	NA	NA	NA	NA	NA	NA	NA	NA	NA
SAMN13999671	ID_5241009	SAMN13999671	NA	zaheer2020	S	disk_diffusion_CLSI	NA	S	disk_diffusion_CLSI	NA	S	disk_diffusion_CLSI	NA	S	disk_diffusion_CLSI	NA	S	disk_diffusion_CLSI	NA	S	disk_diffusion_CLSI	NA	S	disk_diffusion_CLSI	NA	S	disk_diffusion_CLSI	NA	NA	NA	NA	NA	NA	NA	NA	NA	NA	NA	NA	NA	R	disk_diffusion_CLSI	NA	NA	NA	NA	NA	NA	NA	NA	NA	S	disk_diffusion_CLSI	NA	S	disk_diffusion_CLSI	NA	NA	NA	NA	NA	NA	NA	NA	NA	NA	NA	NA	NA	NA	NA	NA	NA	NA	NA	NA	NA	NA	NA	NA	NA	NA	NA	NA	NA	NA	NA	NA	NA	NA	NA	NA	NA	NA	NA	NA	NA	NA	NA	NA	NA	NA	NA	NA	NA	NA	NA	NA	NA	NA	NA	NA	NA	NA	NA	NA	NA	NA	NA	NA	NA	NA	NA	NA	NA	NA	NA	NA	NA	NA	NA	NA	NA	NA	NA	NA	NA	NA	NA	NA	NA	NA	NA
SAMN13999672	ID_8955285	SAMN13999672	NA	zaheer2020	S	disk_diffusion_CLSI	NA	S	disk_diffusion_CLSI	NA	S	disk_diffusion_CLSI	NA	I	disk_diffusion_CLSI	NA	S	disk_diffusion_CLSI	NA	S	disk_diffusion_CLSI	NA	S	disk_diffusion_CLSI	NA	S	disk_diffusion_CLSI	NA	NA	NA	NA	NA	NA	NA	NA	NA	NA	NA	NA	NA	R	disk_diffusion_CLSI	NA	NA	NA	NA	NA	NA	NA	NA	NA	S	disk_diffusion_CLSI	NA	S	disk_diffusion_CLSI	NA	NA	NA	NA	NA	NA	NA	NA	NA	NA	NA	NA	NA	NA	NA	NA	NA	NA	NA	NA	NA	NA	NA	NA	NA	NA	NA	NA	NA	NA	NA	NA	NA	NA	NA	NA	NA	NA	NA	NA	NA	NA	NA	NA	NA	NA	NA	NA	NA	NA	NA	NA	NA	NA	NA	NA	NA	NA	NA	NA	NA	NA	NA	NA	NA	NA	NA	NA	NA	NA	NA	NA	NA	NA	NA	NA	NA	NA	NA	NA	NA	NA	NA	NA	NA	NA	NA
SAMN13999673	ID_4632222	SAMN13999673	NA	zaheer2020	S	disk_diffusion_CLSI	NA	S	disk_diffusion_CLSI	NA	S	disk_diffusion_CLSI	NA	I	disk_diffusion_CLSI	NA	S	disk_diffusion_CLSI	NA	S	disk_diffusion_CLSI	NA	S	disk_diffusion_CLSI	NA	S	disk_diffusion_CLSI	NA	NA	NA	NA	NA	NA	NA	NA	NA	NA	NA	NA	NA	R	disk_diffusion_CLSI	NA	NA	NA	NA	NA	NA	NA	NA	NA	S	disk_diffusion_CLSI	NA	I	disk_diffusion_CLSI	NA	NA	NA	NA	NA	NA	NA	NA	NA	NA	NA	NA	NA	NA	NA	NA	NA	NA	NA	NA	NA	NA	NA	NA	NA	NA	NA	NA	NA	NA	NA	NA	NA	NA	NA	NA	NA	NA	NA	NA	NA	NA	NA	NA	NA	NA	NA	NA	NA	NA	NA	NA	NA	NA	NA	NA	NA	NA	NA	NA	NA	NA	NA	NA	NA	NA	NA	NA	NA	NA	NA	NA	NA	NA	NA	NA	NA	NA	NA	NA	NA	NA	NA	NA	NA	NA	NA
SAMN13999674	ID_3564509	SAMN13999674	NA	zaheer2020	S	disk_diffusion_CLSI	NA	I	disk_diffusion_CLSI	NA	S	disk_diffusion_CLSI	NA	R	disk_diffusion_CLSI	NA	S	disk_diffusion_CLSI	NA	S	disk_diffusion_CLSI	NA	S	disk_diffusion_CLSI	NA	S	disk_diffusion_CLSI	NA	NA	NA	NA	NA	NA	NA	NA	NA	NA	NA	NA	NA	R	disk_diffusion_CLSI	NA	NA	NA	NA	NA	NA	NA	NA	NA	S	disk_diffusion_CLSI	NA	R	disk_diffusion_CLSI	NA	NA	NA	NA	NA	NA	NA	NA	NA	NA	NA	NA	NA	NA	NA	NA	NA	NA	NA	NA	NA	NA	NA	NA	NA	NA	NA	NA	NA	NA	NA	NA	NA	NA	NA	NA	NA	NA	NA	NA	NA	NA	NA	NA	NA	NA	NA	NA	NA	NA	NA	NA	NA	NA	NA	NA	NA	NA	NA	NA	NA	NA	NA	NA	NA	NA	NA	NA	NA	NA	NA	NA	NA	NA	NA	NA	NA	NA	NA	NA	NA	NA	NA	NA	NA	NA	NA
SAMN13999675	ID_6036258	SAMN13999675	NA	zaheer2020	S	disk_diffusion_CLSI	NA	I	disk_diffusion_CLSI	NA	S	disk_diffusion_CLSI	NA	S	disk_diffusion_CLSI	NA	S	disk_diffusion_CLSI	NA	S	disk_diffusion_CLSI	NA	S	disk_diffusion_CLSI	NA	S	disk_diffusion_CLSI	NA	NA	NA	NA	NA	NA	NA	NA	NA	NA	NA	NA	NA	R	disk_diffusion_CLSI	NA	NA	NA	NA	NA	NA	NA	NA	NA	S	disk_diffusion_CLSI	NA	R	disk_diffusion_CLSI	NA	NA	NA	NA	NA	NA	NA	NA	NA	NA	NA	NA	NA	NA	NA	NA	NA	NA	NA	NA	NA	NA	NA	NA	NA	NA	NA	NA	NA	NA	NA	NA	NA	NA	NA	NA	NA	NA	NA	NA	NA	NA	NA	NA	NA	NA	NA	NA	NA	NA	NA	NA	NA	NA	NA	NA	NA	NA	NA	NA	NA	NA	NA	NA	NA	NA	NA	NA	NA	NA	NA	NA	NA	NA	NA	NA	NA	NA	NA	NA	NA	NA	NA	NA	NA	NA	NA
SAMN13999676	ID_1535328	SAMN13999676	NA	zaheer2020	S	disk_diffusion_CLSI	NA	S	disk_diffusion_CLSI	NA	S	disk_diffusion_CLSI	NA	S	disk_diffusion_CLSI	NA	S	disk_diffusion_CLSI	NA	S	disk_diffusion_CLSI	NA	S	disk_diffusion_CLSI	NA	S	disk_diffusion_CLSI	NA	NA	NA	NA	NA	NA	NA	NA	NA	NA	NA	NA	NA	R	disk_diffusion_CLSI	NA	NA	NA	NA	NA	NA	NA	NA	NA	S	disk_diffusion_CLSI	NA	R	disk_diffusion_CLSI	NA	NA	NA	NA	NA	NA	NA	NA	NA	NA	NA	NA	NA	NA	NA	NA	NA	NA	NA	NA	NA	NA	NA	NA	NA	NA	NA	NA	NA	NA	NA	NA	NA	NA	NA	NA	NA	NA	NA	NA	NA	NA	NA	NA	NA	NA	NA	NA	NA	NA	NA	NA	NA	NA	NA	NA	NA	NA	NA	NA	NA	NA	NA	NA	NA	NA	NA	NA	NA	NA	NA	NA	NA	NA	NA	NA	NA	NA	NA	NA	NA	NA	NA	NA	NA	NA	NA
SAMN13999677	ID_8249593	SAMN13999677	NA	zaheer2020	S	disk_diffusion_CLSI	NA	I	disk_diffusion_CLSI	NA	S	disk_diffusion_CLSI	NA	I	disk_diffusion_CLSI	NA	S	disk_diffusion_CLSI	NA	S	disk_diffusion_CLSI	NA	S	disk_diffusion_CLSI	NA	S	disk_diffusion_CLSI	NA	NA	NA	NA	NA	NA	NA	NA	NA	NA	NA	NA	NA	R	disk_diffusion_CLSI	NA	NA	NA	NA	NA	NA	NA	NA	NA	S	disk_diffusion_CLSI	NA	S	disk_diffusion_CLSI	NA	NA	NA	NA	NA	NA	NA	NA	NA	NA	NA	NA	NA	NA	NA	NA	NA	NA	NA	NA	NA	NA	NA	NA	NA	NA	NA	NA	NA	NA	NA	NA	NA	NA	NA	NA	NA	NA	NA	NA	NA	NA	NA	NA	NA	NA	NA	NA	NA	NA	NA	NA	NA	NA	NA	NA	NA	NA	NA	NA	NA	NA	NA	NA	NA	NA	NA	NA	NA	NA	NA	NA	NA	NA	NA	NA	NA	NA	NA	NA	NA	NA	NA	NA	NA	NA	NA
SAMN13999678	ID_6684595	SAMN13999678	NA	zaheer2020	S	disk_diffusion_CLSI	NA	S	disk_diffusion_CLSI	NA	S	disk_diffusion_CLSI	NA	I	disk_diffusion_CLSI	NA	S	disk_diffusion_CLSI	NA	S	disk_diffusion_CLSI	NA	S	disk_diffusion_CLSI	NA	S	disk_diffusion_CLSI	NA	NA	NA	NA	NA	NA	NA	NA	NA	NA	NA	NA	NA	R	disk_diffusion_CLSI	NA	NA	NA	NA	NA	NA	NA	NA	NA	S	disk_diffusion_CLSI	NA	S	disk_diffusion_CLSI	NA	NA	NA	NA	NA	NA	NA	NA	NA	NA	NA	NA	NA	NA	NA	NA	NA	NA	NA	NA	NA	NA	NA	NA	NA	NA	NA	NA	NA	NA	NA	NA	NA	NA	NA	NA	NA	NA	NA	NA	NA	NA	NA	NA	NA	NA	NA	NA	NA	NA	NA	NA	NA	NA	NA	NA	NA	NA	NA	NA	NA	NA	NA	NA	NA	NA	NA	NA	NA	NA	NA	NA	NA	NA	NA	NA	NA	NA	NA	NA	NA	NA	NA	NA	NA	NA	NA
SAMN13999679	ID_7086560	SAMN13999679	NA	zaheer2020	S	disk_diffusion_CLSI	NA	S	disk_diffusion_CLSI	NA	S	disk_diffusion_CLSI	NA	I	disk_diffusion_CLSI	NA	S	disk_diffusion_CLSI	NA	S	disk_diffusion_CLSI	NA	S	disk_diffusion_CLSI	NA	S	disk_diffusion_CLSI	NA	NA	NA	NA	NA	NA	NA	NA	NA	NA	NA	NA	NA	R	disk_diffusion_CLSI	NA	NA	NA	NA	NA	NA	NA	NA	NA	S	disk_diffusion_CLSI	NA	S	disk_diffusion_CLSI	NA	NA	NA	NA	NA	NA	NA	NA	NA	NA	NA	NA	NA	NA	NA	NA	NA	NA	NA	NA	NA	NA	NA	NA	NA	NA	NA	NA	NA	NA	NA	NA	NA	NA	NA	NA	NA	NA	NA	NA	NA	NA	NA	NA	NA	NA	NA	NA	NA	NA	NA	NA	NA	NA	NA	NA	NA	NA	NA	NA	NA	NA	NA	NA	NA	NA	NA	NA	NA	NA	NA	NA	NA	NA	NA	NA	NA	NA	NA	NA	NA	NA	NA	NA	NA	NA	NA
SAMN13999680	ID_3749132	SAMN13999680	NA	zaheer2020	S	disk_diffusion_CLSI	NA	S	disk_diffusion_CLSI	NA	S	disk_diffusion_CLSI	NA	R	disk_diffusion_CLSI	NA	S	disk_diffusion_CLSI	NA	S	disk_diffusion_CLSI	NA	S	disk_diffusion_CLSI	NA	R	disk_diffusion_CLSI	NA	NA	NA	NA	NA	NA	NA	NA	NA	NA	NA	NA	NA	S	disk_diffusion_CLSI	NA	NA	NA	NA	NA	NA	NA	NA	NA	S	disk_diffusion_CLSI	NA	R	disk_diffusion_CLSI	NA	NA	NA	NA	NA	NA	NA	NA	NA	NA	NA	NA	NA	NA	NA	NA	NA	NA	NA	NA	NA	NA	NA	NA	NA	NA	NA	NA	NA	NA	NA	NA	NA	NA	NA	NA	NA	NA	NA	NA	NA	NA	NA	NA	NA	NA	NA	NA	NA	NA	NA	NA	NA	NA	NA	NA	NA	NA	NA	NA	NA	NA	NA	NA	NA	NA	NA	NA	NA	NA	NA	NA	NA	NA	NA	NA	NA	NA	NA	NA	NA	NA	NA	NA	NA	NA	NA
SAMN13999681	ID_5305071	SAMN13999681	NA	zaheer2020	S	disk_diffusion_CLSI	NA	S	disk_diffusion_CLSI	NA	S	disk_diffusion_CLSI	NA	R	disk_diffusion_CLSI	NA	S	disk_diffusion_CLSI	NA	S	disk_diffusion_CLSI	NA	S	disk_diffusion_CLSI	NA	S	disk_diffusion_CLSI	NA	NA	NA	NA	NA	NA	NA	NA	NA	NA	NA	NA	NA	R	disk_diffusion_CLSI	NA	NA	NA	NA	NA	NA	NA	NA	NA	S	disk_diffusion_CLSI	NA	R	disk_diffusion_CLSI	NA	NA	NA	NA	NA	NA	NA	NA	NA	NA	NA	NA	NA	NA	NA	NA	NA	NA	NA	NA	NA	NA	NA	NA	NA	NA	NA	NA	NA	NA	NA	NA	NA	NA	NA	NA	NA	NA	NA	NA	NA	NA	NA	NA	NA	NA	NA	NA	NA	NA	NA	NA	NA	NA	NA	NA	NA	NA	NA	NA	NA	NA	NA	NA	NA	NA	NA	NA	NA	NA	NA	NA	NA	NA	NA	NA	NA	NA	NA	NA	NA	NA	NA	NA	NA	NA	NA
SAMN13999682	ID_3629941	SAMN13999682	NA	zaheer2020	S	disk_diffusion_CLSI	NA	S	disk_diffusion_CLSI	NA	S	disk_diffusion_CLSI	NA	I	disk_diffusion_CLSI	NA	S	disk_diffusion_CLSI	NA	S	disk_diffusion_CLSI	NA	S	disk_diffusion_CLSI	NA	S	disk_diffusion_CLSI	NA	NA	NA	NA	NA	NA	NA	NA	NA	NA	NA	NA	NA	R	disk_diffusion_CLSI	NA	NA	NA	NA	NA	NA	NA	NA	NA	S	disk_diffusion_CLSI	NA	S	disk_diffusion_CLSI	NA	NA	NA	NA	NA	NA	NA	NA	NA	NA	NA	NA	NA	NA	NA	NA	NA	NA	NA	NA	NA	NA	NA	NA	NA	NA	NA	NA	NA	NA	NA	NA	NA	NA	NA	NA	NA	NA	NA	NA	NA	NA	NA	NA	NA	NA	NA	NA	NA	NA	NA	NA	NA	NA	NA	NA	NA	NA	NA	NA	NA	NA	NA	NA	NA	NA	NA	NA	NA	NA	NA	NA	NA	NA	NA	NA	NA	NA	NA	NA	NA	NA	NA	NA	NA	NA	NA
SAMN13999683	ID_1720027	SAMN13999683	NA	zaheer2020	S	disk_diffusion_CLSI	NA	S	disk_diffusion_CLSI	NA	S	disk_diffusion_CLSI	NA	I	disk_diffusion_CLSI	NA	S	disk_diffusion_CLSI	NA	S	disk_diffusion_CLSI	NA	S	disk_diffusion_CLSI	NA	S	disk_diffusion_CLSI	NA	NA	NA	NA	NA	NA	NA	NA	NA	NA	NA	NA	NA	R	disk_diffusion_CLSI	NA	NA	NA	NA	NA	NA	NA	NA	NA	S	disk_diffusion_CLSI	NA	I	disk_diffusion_CLSI	NA	NA	NA	NA	NA	NA	NA	NA	NA	NA	NA	NA	NA	NA	NA	NA	NA	NA	NA	NA	NA	NA	NA	NA	NA	NA	NA	NA	NA	NA	NA	NA	NA	NA	NA	NA	NA	NA	NA	NA	NA	NA	NA	NA	NA	NA	NA	NA	NA	NA	NA	NA	NA	NA	NA	NA	NA	NA	NA	NA	NA	NA	NA	NA	NA	NA	NA	NA	NA	NA	NA	NA	NA	NA	NA	NA	NA	NA	NA	NA	NA	NA	NA	NA	NA	NA	NA
SAMN13999684	ID_6757920	SAMN13999684	NA	zaheer2020	S	disk_diffusion_CLSI	NA	S	disk_diffusion_CLSI	NA	S	disk_diffusion_CLSI	NA	I	disk_diffusion_CLSI	NA	S	disk_diffusion_CLSI	NA	S	disk_diffusion_CLSI	NA	S	disk_diffusion_CLSI	NA	S	disk_diffusion_CLSI	NA	NA	NA	NA	NA	NA	NA	NA	NA	NA	NA	NA	NA	R	disk_diffusion_CLSI	NA	NA	NA	NA	NA	NA	NA	NA	NA	S	disk_diffusion_CLSI	NA	S	disk_diffusion_CLSI	NA	NA	NA	NA	NA	NA	NA	NA	NA	NA	NA	NA	NA	NA	NA	NA	NA	NA	NA	NA	NA	NA	NA	NA	NA	NA	NA	NA	NA	NA	NA	NA	NA	NA	NA	NA	NA	NA	NA	NA	NA	NA	NA	NA	NA	NA	NA	NA	NA	NA	NA	NA	NA	NA	NA	NA	NA	NA	NA	NA	NA	NA	NA	NA	NA	NA	NA	NA	NA	NA	NA	NA	NA	NA	NA	NA	NA	NA	NA	NA	NA	NA	NA	NA	NA	NA	NA
SAMN13999685	ID_5874557	SAMN13999685	NA	zaheer2020	S	disk_diffusion_CLSI	NA	I	disk_diffusion_CLSI	NA	S	disk_diffusion_CLSI	NA	I	disk_diffusion_CLSI	NA	S	disk_diffusion_CLSI	NA	S	disk_diffusion_CLSI	NA	S	disk_diffusion_CLSI	NA	S	disk_diffusion_CLSI	NA	NA	NA	NA	NA	NA	NA	NA	NA	NA	NA	NA	NA	R	disk_diffusion_CLSI	NA	NA	NA	NA	NA	NA	NA	NA	NA	S	disk_diffusion_CLSI	NA	S	disk_diffusion_CLSI	NA	NA	NA	NA	NA	NA	NA	NA	NA	NA	NA	NA	NA	NA	NA	NA	NA	NA	NA	NA	NA	NA	NA	NA	NA	NA	NA	NA	NA	NA	NA	NA	NA	NA	NA	NA	NA	NA	NA	NA	NA	NA	NA	NA	NA	NA	NA	NA	NA	NA	NA	NA	NA	NA	NA	NA	NA	NA	NA	NA	NA	NA	NA	NA	NA	NA	NA	NA	NA	NA	NA	NA	NA	NA	NA	NA	NA	NA	NA	NA	NA	NA	NA	NA	NA	NA	NA
SAMN13999686	ID_7069059	SAMN13999686	NA	zaheer2020	S	disk_diffusion_CLSI	NA	S	disk_diffusion_CLSI	NA	S	disk_diffusion_CLSI	NA	R	disk_diffusion_CLSI	NA	S	disk_diffusion_CLSI	NA	S	disk_diffusion_CLSI	NA	S	disk_diffusion_CLSI	NA	S	disk_diffusion_CLSI	NA	NA	NA	NA	NA	NA	NA	NA	NA	NA	NA	NA	NA	S	disk_diffusion_CLSI	NA	NA	NA	NA	NA	NA	NA	NA	NA	S	disk_diffusion_CLSI	NA	I	disk_diffusion_CLSI	NA	NA	NA	NA	NA	NA	NA	NA	NA	NA	NA	NA	NA	NA	NA	NA	NA	NA	NA	NA	NA	NA	NA	NA	NA	NA	NA	NA	NA	NA	NA	NA	NA	NA	NA	NA	NA	NA	NA	NA	NA	NA	NA	NA	NA	NA	NA	NA	NA	NA	NA	NA	NA	NA	NA	NA	NA	NA	NA	NA	NA	NA	NA	NA	NA	NA	NA	NA	NA	NA	NA	NA	NA	NA	NA	NA	NA	NA	NA	NA	NA	NA	NA	NA	NA	NA	NA
SAMN13999687	ID_4507328	SAMN13999687	NA	zaheer2020	S	disk_diffusion_CLSI	NA	S	disk_diffusion_CLSI	NA	S	disk_diffusion_CLSI	NA	R	disk_diffusion_CLSI	NA	S	disk_diffusion_CLSI	NA	S	disk_diffusion_CLSI	NA	S	disk_diffusion_CLSI	NA	S	disk_diffusion_CLSI	NA	NA	NA	NA	NA	NA	NA	NA	NA	NA	NA	NA	NA	S	disk_diffusion_CLSI	NA	NA	NA	NA	NA	NA	NA	NA	NA	I	disk_diffusion_CLSI	NA	R	disk_diffusion_CLSI	NA	NA	NA	NA	NA	NA	NA	NA	NA	NA	NA	NA	NA	NA	NA	NA	NA	NA	NA	NA	NA	NA	NA	NA	NA	NA	NA	NA	NA	NA	NA	NA	NA	NA	NA	NA	NA	NA	NA	NA	NA	NA	NA	NA	NA	NA	NA	NA	NA	NA	NA	NA	NA	NA	NA	NA	NA	NA	NA	NA	NA	NA	NA	NA	NA	NA	NA	NA	NA	NA	NA	NA	NA	NA	NA	NA	NA	NA	NA	NA	NA	NA	NA	NA	NA	NA	NA
SAMN13999688	ID_6836083	SAMN13999688	NA	zaheer2020	S	disk_diffusion_CLSI	NA	S	disk_diffusion_CLSI	NA	S	disk_diffusion_CLSI	NA	R	disk_diffusion_CLSI	NA	S	disk_diffusion_CLSI	NA	S	disk_diffusion_CLSI	NA	S	disk_diffusion_CLSI	NA	S	disk_diffusion_CLSI	NA	NA	NA	NA	NA	NA	NA	NA	NA	NA	NA	NA	NA	S	disk_diffusion_CLSI	NA	NA	NA	NA	NA	NA	NA	NA	NA	S	disk_diffusion_CLSI	NA	R	disk_diffusion_CLSI	NA	NA	NA	NA	NA	NA	NA	NA	NA	NA	NA	NA	NA	NA	NA	NA	NA	NA	NA	NA	NA	NA	NA	NA	NA	NA	NA	NA	NA	NA	NA	NA	NA	NA	NA	NA	NA	NA	NA	NA	NA	NA	NA	NA	NA	NA	NA	NA	NA	NA	NA	NA	NA	NA	NA	NA	NA	NA	NA	NA	NA	NA	NA	NA	NA	NA	NA	NA	NA	NA	NA	NA	NA	NA	NA	NA	NA	NA	NA	NA	NA	NA	NA	NA	NA	NA	NA
SAMN13999689	ID_4612593	SAMN13999689	NA	zaheer2020	S	disk_diffusion_CLSI	NA	S	disk_diffusion_CLSI	NA	S	disk_diffusion_CLSI	NA	R	disk_diffusion_CLSI	NA	S	disk_diffusion_CLSI	NA	S	disk_diffusion_CLSI	NA	S	disk_diffusion_CLSI	NA	S	disk_diffusion_CLSI	NA	NA	NA	NA	NA	NA	NA	NA	NA	NA	NA	NA	NA	I	disk_diffusion_CLSI	NA	NA	NA	NA	NA	NA	NA	NA	NA	S	disk_diffusion_CLSI	NA	S	disk_diffusion_CLSI	NA	NA	NA	NA	NA	NA	NA	NA	NA	NA	NA	NA	NA	NA	NA	NA	NA	NA	NA	NA	NA	NA	NA	NA	NA	NA	NA	NA	NA	NA	NA	NA	NA	NA	NA	NA	NA	NA	NA	NA	NA	NA	NA	NA	NA	NA	NA	NA	NA	NA	NA	NA	NA	NA	NA	NA	NA	NA	NA	NA	NA	NA	NA	NA	NA	NA	NA	NA	NA	NA	NA	NA	NA	NA	NA	NA	NA	NA	NA	NA	NA	NA	NA	NA	NA	NA	NA
SAMN13999690	ID_2839553	SAMN13999690	NA	zaheer2020	S	disk_diffusion_CLSI	NA	S	disk_diffusion_CLSI	NA	S	disk_diffusion_CLSI	NA	R	disk_diffusion_CLSI	NA	S	disk_diffusion_CLSI	NA	R	disk_diffusion_CLSI	NA	S	disk_diffusion_CLSI	NA	S	disk_diffusion_CLSI	NA	NA	NA	NA	NA	NA	NA	NA	NA	NA	NA	NA	NA	S	disk_diffusion_CLSI	NA	NA	NA	NA	NA	NA	NA	NA	NA	S	disk_diffusion_CLSI	NA	R	disk_diffusion_CLSI	NA	NA	NA	NA	NA	NA	NA	NA	NA	NA	NA	NA	NA	NA	NA	NA	NA	NA	NA	NA	NA	NA	NA	NA	NA	NA	NA	NA	NA	NA	NA	NA	NA	NA	NA	NA	NA	NA	NA	NA	NA	NA	NA	NA	NA	NA	NA	NA	NA	NA	NA	NA	NA	NA	NA	NA	NA	NA	NA	NA	NA	NA	NA	NA	NA	NA	NA	NA	NA	NA	NA	NA	NA	NA	NA	NA	NA	NA	NA	NA	NA	NA	NA	NA	NA	NA	NA
SAMN13999691	ID_7578972	SAMN13999691	NA	zaheer2020	NA	NA	NA	NA	NA	NA	NA	NA	NA	NA	NA	NA	NA	NA	NA	NA	NA	NA	NA	NA	NA	NA	NA	NA	NA	NA	NA	NA	NA	NA	NA	NA	NA	NA	NA	NA	NA	NA	NA	NA	NA	NA	NA	NA	NA	NA	NA	NA	NA	NA	NA	NA	NA	NA	NA	NA	NA	NA	NA	NA	NA	NA	NA	NA	NA	NA	NA	NA	NA	NA	NA	NA	NA	NA	NA	NA	NA	NA	NA	NA	NA	NA	NA	NA	NA	NA	NA	NA	NA	NA	NA	NA	NA	NA	NA	NA	NA	NA	NA	NA	NA	NA	NA	NA	NA	NA	NA	NA	NA	NA	NA	NA	NA	NA	NA	NA	NA	NA	NA	NA	NA	NA	NA	NA	NA	NA	NA	NA	NA	NA	NA	NA	NA	NA	NA	NA	NA	NA	NA
SAMN13999693	ID_1128535	SAMN13999693	NA	zaheer2020	NA	NA	NA	NA	NA	NA	NA	NA	NA	NA	NA	NA	NA	NA	NA	NA	NA	NA	NA	NA	NA	NA	NA	NA	NA	NA	NA	NA	NA	NA	NA	NA	NA	NA	NA	NA	NA	NA	NA	NA	NA	NA	NA	NA	NA	NA	NA	NA	NA	NA	NA	NA	NA	NA	NA	NA	NA	NA	NA	NA	NA	NA	NA	NA	NA	NA	NA	NA	NA	NA	NA	NA	NA	NA	NA	NA	NA	NA	NA	NA	NA	NA	NA	NA	NA	NA	NA	NA	NA	NA	NA	NA	NA	NA	NA	NA	NA	NA	NA	NA	NA	NA	NA	NA	NA	NA	NA	NA	NA	NA	NA	NA	NA	NA	NA	NA	NA	NA	NA	NA	NA	NA	NA	NA	NA	NA	NA	NA	NA	NA	NA	NA	NA	NA	NA	NA	NA	NA	NA
SAMN13999694	ID_5745080	SAMN13999694	NA	zaheer2020	NA	NA	NA	NA	NA	NA	NA	NA	NA	NA	NA	NA	NA	NA	NA	NA	NA	NA	NA	NA	NA	NA	NA	NA	NA	NA	NA	NA	NA	NA	NA	NA	NA	NA	NA	NA	NA	NA	NA	NA	NA	NA	NA	NA	NA	NA	NA	NA	NA	NA	NA	NA	NA	NA	NA	NA	NA	NA	NA	NA	NA	NA	NA	NA	NA	NA	NA	NA	NA	NA	NA	NA	NA	NA	NA	NA	NA	NA	NA	NA	NA	NA	NA	NA	NA	NA	NA	NA	NA	NA	NA	NA	NA	NA	NA	NA	NA	NA	NA	NA	NA	NA	NA	NA	NA	NA	NA	NA	NA	NA	NA	NA	NA	NA	NA	NA	NA	NA	NA	NA	NA	NA	NA	NA	NA	NA	NA	NA	NA	NA	NA	NA	NA	NA	NA	NA	NA	NA	NA
SAMN13999695	ID_6009884	SAMN13999695	NA	zaheer2020	NA	NA	NA	NA	NA	NA	NA	NA	NA	NA	NA	NA	NA	NA	NA	NA	NA	NA	NA	NA	NA	NA	NA	NA	NA	NA	NA	NA	NA	NA	NA	NA	NA	NA	NA	NA	NA	NA	NA	NA	NA	NA	NA	NA	NA	NA	NA	NA	NA	NA	NA	NA	NA	NA	NA	NA	NA	NA	NA	NA	NA	NA	NA	NA	NA	NA	NA	NA	NA	NA	NA	NA	NA	NA	NA	NA	NA	NA	NA	NA	NA	NA	NA	NA	NA	NA	NA	NA	NA	NA	NA	NA	NA	NA	NA	NA	NA	NA	NA	NA	NA	NA	NA	NA	NA	NA	NA	NA	NA	NA	NA	NA	NA	NA	NA	NA	NA	NA	NA	NA	NA	NA	NA	NA	NA	NA	NA	NA	NA	NA	NA	NA	NA	NA	NA	NA	NA	NA	NA
SAMN13999696	ID_8768814	SAMN13999696	NA	zaheer2020	NA	NA	NA	NA	NA	NA	NA	NA	NA	NA	NA	NA	NA	NA	NA	NA	NA	NA	NA	NA	NA	NA	NA	NA	NA	NA	NA	NA	NA	NA	NA	NA	NA	NA	NA	NA	NA	NA	NA	NA	NA	NA	NA	NA	NA	NA	NA	NA	NA	NA	NA	NA	NA	NA	NA	NA	NA	NA	NA	NA	NA	NA	NA	NA	NA	NA	NA	NA	NA	NA	NA	NA	NA	NA	NA	NA	NA	NA	NA	NA	NA	NA	NA	NA	NA	NA	NA	NA	NA	NA	NA	NA	NA	NA	NA	NA	NA	NA	NA	NA	NA	NA	NA	NA	NA	NA	NA	NA	NA	NA	NA	NA	NA	NA	NA	NA	NA	NA	NA	NA	NA	NA	NA	NA	NA	NA	NA	NA	NA	NA	NA	NA	NA	NA	NA	NA	NA	NA	NA
SAMN13999697	ID_3960673	SAMN13999697	NA	zaheer2020	NA	NA	NA	NA	NA	NA	NA	NA	NA	NA	NA	NA	NA	NA	NA	NA	NA	NA	NA	NA	NA	NA	NA	NA	NA	NA	NA	NA	NA	NA	NA	NA	NA	NA	NA	NA	NA	NA	NA	NA	NA	NA	NA	NA	NA	NA	NA	NA	NA	NA	NA	NA	NA	NA	NA	NA	NA	NA	NA	NA	NA	NA	NA	NA	NA	NA	NA	NA	NA	NA	NA	NA	NA	NA	NA	NA	NA	NA	NA	NA	NA	NA	NA	NA	NA	NA	NA	NA	NA	NA	NA	NA	NA	NA	NA	NA	NA	NA	NA	NA	NA	NA	NA	NA	NA	NA	NA	NA	NA	NA	NA	NA	NA	NA	NA	NA	NA	NA	NA	NA	NA	NA	NA	NA	NA	NA	NA	NA	NA	NA	NA	NA	NA	NA	NA	NA	NA	NA	NA
SAMN13999698	ID_1456916	SAMN13999698	NA	zaheer2020	NA	NA	NA	NA	NA	NA	NA	NA	NA	NA	NA	NA	NA	NA	NA	NA	NA	NA	NA	NA	NA	NA	NA	NA	NA	NA	NA	NA	NA	NA	NA	NA	NA	NA	NA	NA	NA	NA	NA	NA	NA	NA	NA	NA	NA	NA	NA	NA	NA	NA	NA	NA	NA	NA	NA	NA	NA	NA	NA	NA	NA	NA	NA	NA	NA	NA	NA	NA	NA	NA	NA	NA	NA	NA	NA	NA	NA	NA	NA	NA	NA	NA	NA	NA	NA	NA	NA	NA	NA	NA	NA	NA	NA	NA	NA	NA	NA	NA	NA	NA	NA	NA	NA	NA	NA	NA	NA	NA	NA	NA	NA	NA	NA	NA	NA	NA	NA	NA	NA	NA	NA	NA	NA	NA	NA	NA	NA	NA	NA	NA	NA	NA	NA	NA	NA	NA	NA	NA	NA
SAMN13999699	ID_1641585	SAMN13999699	NA	zaheer2020	NA	NA	NA	NA	NA	NA	NA	NA	NA	NA	NA	NA	NA	NA	NA	NA	NA	NA	NA	NA	NA	NA	NA	NA	NA	NA	NA	NA	NA	NA	NA	NA	NA	NA	NA	NA	NA	NA	NA	NA	NA	NA	NA	NA	NA	NA	NA	NA	NA	NA	NA	NA	NA	NA	NA	NA	NA	NA	NA	NA	NA	NA	NA	NA	NA	NA	NA	NA	NA	NA	NA	NA	NA	NA	NA	NA	NA	NA	NA	NA	NA	NA	NA	NA	NA	NA	NA	NA	NA	NA	NA	NA	NA	NA	NA	NA	NA	NA	NA	NA	NA	NA	NA	NA	NA	NA	NA	NA	NA	NA	NA	NA	NA	NA	NA	NA	NA	NA	NA	NA	NA	NA	NA	NA	NA	NA	NA	NA	NA	NA	NA	NA	NA	NA	NA	NA	NA	NA	NA
SAMN13999700	ID_3959924	SAMN13999700	NA	zaheer2020	NA	NA	NA	NA	NA	NA	NA	NA	NA	NA	NA	NA	NA	NA	NA	NA	NA	NA	NA	NA	NA	NA	NA	NA	NA	NA	NA	NA	NA	NA	NA	NA	NA	NA	NA	NA	NA	NA	NA	NA	NA	NA	NA	NA	NA	NA	NA	NA	NA	NA	NA	NA	NA	NA	NA	NA	NA	NA	NA	NA	NA	NA	NA	NA	NA	NA	NA	NA	NA	NA	NA	NA	NA	NA	NA	NA	NA	NA	NA	NA	NA	NA	NA	NA	NA	NA	NA	NA	NA	NA	NA	NA	NA	NA	NA	NA	NA	NA	NA	NA	NA	NA	NA	NA	NA	NA	NA	NA	NA	NA	NA	NA	NA	NA	NA	NA	NA	NA	NA	NA	NA	NA	NA	NA	NA	NA	NA	NA	NA	NA	NA	NA	NA	NA	NA	NA	NA	NA	NA
SAMN13999701	ID_2331628	SAMN13999701	NA	zaheer2020	NA	NA	NA	NA	NA	NA	NA	NA	NA	NA	NA	NA	NA	NA	NA	NA	NA	NA	NA	NA	NA	NA	NA	NA	NA	NA	NA	NA	NA	NA	NA	NA	NA	NA	NA	NA	NA	NA	NA	NA	NA	NA	NA	NA	NA	NA	NA	NA	NA	NA	NA	NA	NA	NA	NA	NA	NA	NA	NA	NA	NA	NA	NA	NA	NA	NA	NA	NA	NA	NA	NA	NA	NA	NA	NA	NA	NA	NA	NA	NA	NA	NA	NA	NA	NA	NA	NA	NA	NA	NA	NA	NA	NA	NA	NA	NA	NA	NA	NA	NA	NA	NA	NA	NA	NA	NA	NA	NA	NA	NA	NA	NA	NA	NA	NA	NA	NA	NA	NA	NA	NA	NA	NA	NA	NA	NA	NA	NA	NA	NA	NA	NA	NA	NA	NA	NA	NA	NA	NA
SAMN13999702	ID_8330120	SAMN13999702	NA	zaheer2020	NA	NA	NA	NA	NA	NA	NA	NA	NA	NA	NA	NA	NA	NA	NA	NA	NA	NA	NA	NA	NA	NA	NA	NA	NA	NA	NA	NA	NA	NA	NA	NA	NA	NA	NA	NA	NA	NA	NA	NA	NA	NA	NA	NA	NA	NA	NA	NA	NA	NA	NA	NA	NA	NA	NA	NA	NA	NA	NA	NA	NA	NA	NA	NA	NA	NA	NA	NA	NA	NA	NA	NA	NA	NA	NA	NA	NA	NA	NA	NA	NA	NA	NA	NA	NA	NA	NA	NA	NA	NA	NA	NA	NA	NA	NA	NA	NA	NA	NA	NA	NA	NA	NA	NA	NA	NA	NA	NA	NA	NA	NA	NA	NA	NA	NA	NA	NA	NA	NA	NA	NA	NA	NA	NA	NA	NA	NA	NA	NA	NA	NA	NA	NA	NA	NA	NA	NA	NA	NA
SAMN13999703	ID_4427337	SAMN13999703	NA	zaheer2020	NA	NA	NA	NA	NA	NA	NA	NA	NA	NA	NA	NA	NA	NA	NA	NA	NA	NA	NA	NA	NA	NA	NA	NA	NA	NA	NA	NA	NA	NA	NA	NA	NA	NA	NA	NA	NA	NA	NA	NA	NA	NA	NA	NA	NA	NA	NA	NA	NA	NA	NA	NA	NA	NA	NA	NA	NA	NA	NA	NA	NA	NA	NA	NA	NA	NA	NA	NA	NA	NA	NA	NA	NA	NA	NA	NA	NA	NA	NA	NA	NA	NA	NA	NA	NA	NA	NA	NA	NA	NA	NA	NA	NA	NA	NA	NA	NA	NA	NA	NA	NA	NA	NA	NA	NA	NA	NA	NA	NA	NA	NA	NA	NA	NA	NA	NA	NA	NA	NA	NA	NA	NA	NA	NA	NA	NA	NA	NA	NA	NA	NA	NA	NA	NA	NA	NA	NA	NA	NA
SAMN13999704	ID_7108398	SAMN13999704	NA	zaheer2020	NA	NA	NA	NA	NA	NA	NA	NA	NA	NA	NA	NA	NA	NA	NA	NA	NA	NA	NA	NA	NA	NA	NA	NA	NA	NA	NA	NA	NA	NA	NA	NA	NA	NA	NA	NA	NA	NA	NA	NA	NA	NA	NA	NA	NA	NA	NA	NA	NA	NA	NA	NA	NA	NA	NA	NA	NA	NA	NA	NA	NA	NA	NA	NA	NA	NA	NA	NA	NA	NA	NA	NA	NA	NA	NA	NA	NA	NA	NA	NA	NA	NA	NA	NA	NA	NA	NA	NA	NA	NA	NA	NA	NA	NA	NA	NA	NA	NA	NA	NA	NA	NA	NA	NA	NA	NA	NA	NA	NA	NA	NA	NA	NA	NA	NA	NA	NA	NA	NA	NA	NA	NA	NA	NA	NA	NA	NA	NA	NA	NA	NA	NA	NA	NA	NA	NA	NA	NA	NA
SAMN13999706	ID_5825449	SAMN13999706	NA	zaheer2020	NA	NA	NA	NA	NA	NA	NA	NA	NA	NA	NA	NA	NA	NA	NA	NA	NA	NA	NA	NA	NA	NA	NA	NA	NA	NA	NA	NA	NA	NA	NA	NA	NA	NA	NA	NA	NA	NA	NA	NA	NA	NA	NA	NA	NA	NA	NA	NA	NA	NA	NA	NA	NA	NA	NA	NA	NA	NA	NA	NA	NA	NA	NA	NA	NA	NA	NA	NA	NA	NA	NA	NA	NA	NA	NA	NA	NA	NA	NA	NA	NA	NA	NA	NA	NA	NA	NA	NA	NA	NA	NA	NA	NA	NA	NA	NA	NA	NA	NA	NA	NA	NA	NA	NA	NA	NA	NA	NA	NA	NA	NA	NA	NA	NA	NA	NA	NA	NA	NA	NA	NA	NA	NA	NA	NA	NA	NA	NA	NA	NA	NA	NA	NA	NA	NA	NA	NA	NA	NA
SAMN13999707	ID_3334219	SAMN13999707	NA	zaheer2020	NA	NA	NA	NA	NA	NA	NA	NA	NA	NA	NA	NA	NA	NA	NA	NA	NA	NA	NA	NA	NA	NA	NA	NA	NA	NA	NA	NA	NA	NA	NA	NA	NA	NA	NA	NA	NA	NA	NA	NA	NA	NA	NA	NA	NA	NA	NA	NA	NA	NA	NA	NA	NA	NA	NA	NA	NA	NA	NA	NA	NA	NA	NA	NA	NA	NA	NA	NA	NA	NA	NA	NA	NA	NA	NA	NA	NA	NA	NA	NA	NA	NA	NA	NA	NA	NA	NA	NA	NA	NA	NA	NA	NA	NA	NA	NA	NA	NA	NA	NA	NA	NA	NA	NA	NA	NA	NA	NA	NA	NA	NA	NA	NA	NA	NA	NA	NA	NA	NA	NA	NA	NA	NA	NA	NA	NA	NA	NA	NA	NA	NA	NA	NA	NA	NA	NA	NA	NA	NA
SAMN13999708	ID_4921483	SAMN13999708	NA	zaheer2020	NA	NA	NA	NA	NA	NA	NA	NA	NA	NA	NA	NA	NA	NA	NA	NA	NA	NA	NA	NA	NA	NA	NA	NA	NA	NA	NA	NA	NA	NA	NA	NA	NA	NA	NA	NA	NA	NA	NA	NA	NA	NA	NA	NA	NA	NA	NA	NA	NA	NA	NA	NA	NA	NA	NA	NA	NA	NA	NA	NA	NA	NA	NA	NA	NA	NA	NA	NA	NA	NA	NA	NA	NA	NA	NA	NA	NA	NA	NA	NA	NA	NA	NA	NA	NA	NA	NA	NA	NA	NA	NA	NA	NA	NA	NA	NA	NA	NA	NA	NA	NA	NA	NA	NA	NA	NA	NA	NA	NA	NA	NA	NA	NA	NA	NA	NA	NA	NA	NA	NA	NA	NA	NA	NA	NA	NA	NA	NA	NA	NA	NA	NA	NA	NA	NA	NA	NA	NA	NA
SAMN13999709	ID_6221003	SAMN13999709	NA	zaheer2020	NA	NA	NA	NA	NA	NA	NA	NA	NA	NA	NA	NA	NA	NA	NA	NA	NA	NA	NA	NA	NA	NA	NA	NA	NA	NA	NA	NA	NA	NA	NA	NA	NA	NA	NA	NA	NA	NA	NA	NA	NA	NA	NA	NA	NA	NA	NA	NA	NA	NA	NA	NA	NA	NA	NA	NA	NA	NA	NA	NA	NA	NA	NA	NA	NA	NA	NA	NA	NA	NA	NA	NA	NA	NA	NA	NA	NA	NA	NA	NA	NA	NA	NA	NA	NA	NA	NA	NA	NA	NA	NA	NA	NA	NA	NA	NA	NA	NA	NA	NA	NA	NA	NA	NA	NA	NA	NA	NA	NA	NA	NA	NA	NA	NA	NA	NA	NA	NA	NA	NA	NA	NA	NA	NA	NA	NA	NA	NA	NA	NA	NA	NA	NA	NA	NA	NA	NA	NA	NA
SAMN13999710	ID_7280721	SAMN13999710	NA	zaheer2020	NA	NA	NA	NA	NA	NA	NA	NA	NA	NA	NA	NA	NA	NA	NA	NA	NA	NA	NA	NA	NA	NA	NA	NA	NA	NA	NA	NA	NA	NA	NA	NA	NA	NA	NA	NA	NA	NA	NA	NA	NA	NA	NA	NA	NA	NA	NA	NA	NA	NA	NA	NA	NA	NA	NA	NA	NA	NA	NA	NA	NA	NA	NA	NA	NA	NA	NA	NA	NA	NA	NA	NA	NA	NA	NA	NA	NA	NA	NA	NA	NA	NA	NA	NA	NA	NA	NA	NA	NA	NA	NA	NA	NA	NA	NA	NA	NA	NA	NA	NA	NA	NA	NA	NA	NA	NA	NA	NA	NA	NA	NA	NA	NA	NA	NA	NA	NA	NA	NA	NA	NA	NA	NA	NA	NA	NA	NA	NA	NA	NA	NA	NA	NA	NA	NA	NA	NA	NA	NA
SAMN13999711	ID_4382094	SAMN13999711	NA	zaheer2020	NA	NA	NA	NA	NA	NA	NA	NA	NA	NA	NA	NA	NA	NA	NA	NA	NA	NA	NA	NA	NA	NA	NA	NA	NA	NA	NA	NA	NA	NA	NA	NA	NA	NA	NA	NA	NA	NA	NA	NA	NA	NA	NA	NA	NA	NA	NA	NA	NA	NA	NA	NA	NA	NA	NA	NA	NA	NA	NA	NA	NA	NA	NA	NA	NA	NA	NA	NA	NA	NA	NA	NA	NA	NA	NA	NA	NA	NA	NA	NA	NA	NA	NA	NA	NA	NA	NA	NA	NA	NA	NA	NA	NA	NA	NA	NA	NA	NA	NA	NA	NA	NA	NA	NA	NA	NA	NA	NA	NA	NA	NA	NA	NA	NA	NA	NA	NA	NA	NA	NA	NA	NA	NA	NA	NA	NA	NA	NA	NA	NA	NA	NA	NA	NA	NA	NA	NA	NA	NA
SAMN13999712	ID_2987466	SAMN13999712	NA	zaheer2020	NA	NA	NA	NA	NA	NA	NA	NA	NA	NA	NA	NA	NA	NA	NA	NA	NA	NA	NA	NA	NA	NA	NA	NA	NA	NA	NA	NA	NA	NA	NA	NA	NA	NA	NA	NA	NA	NA	NA	NA	NA	NA	NA	NA	NA	NA	NA	NA	NA	NA	NA	NA	NA	NA	NA	NA	NA	NA	NA	NA	NA	NA	NA	NA	NA	NA	NA	NA	NA	NA	NA	NA	NA	NA	NA	NA	NA	NA	NA	NA	NA	NA	NA	NA	NA	NA	NA	NA	NA	NA	NA	NA	NA	NA	NA	NA	NA	NA	NA	NA	NA	NA	NA	NA	NA	NA	NA	NA	NA	NA	NA	NA	NA	NA	NA	NA	NA	NA	NA	NA	NA	NA	NA	NA	NA	NA	NA	NA	NA	NA	NA	NA	NA	NA	NA	NA	NA	NA	NA
SAMN13999713	ID_7515217	SAMN13999713	NA	zaheer2020	NA	NA	NA	NA	NA	NA	NA	NA	NA	NA	NA	NA	NA	NA	NA	NA	NA	NA	NA	NA	NA	NA	NA	NA	NA	NA	NA	NA	NA	NA	NA	NA	NA	NA	NA	NA	NA	NA	NA	NA	NA	NA	NA	NA	NA	NA	NA	NA	NA	NA	NA	NA	NA	NA	NA	NA	NA	NA	NA	NA	NA	NA	NA	NA	NA	NA	NA	NA	NA	NA	NA	NA	NA	NA	NA	NA	NA	NA	NA	NA	NA	NA	NA	NA	NA	NA	NA	NA	NA	NA	NA	NA	NA	NA	NA	NA	NA	NA	NA	NA	NA	NA	NA	NA	NA	NA	NA	NA	NA	NA	NA	NA	NA	NA	NA	NA	NA	NA	NA	NA	NA	NA	NA	NA	NA	NA	NA	NA	NA	NA	NA	NA	NA	NA	NA	NA	NA	NA	NA
SAMN13999715	ID_3604069	SAMN13999715	NA	zaheer2020	NA	NA	NA	NA	NA	NA	NA	NA	NA	NA	NA	NA	NA	NA	NA	NA	NA	NA	NA	NA	NA	NA	NA	NA	NA	NA	NA	NA	NA	NA	NA	NA	NA	NA	NA	NA	NA	NA	NA	NA	NA	NA	NA	NA	NA	NA	NA	NA	NA	NA	NA	NA	NA	NA	NA	NA	NA	NA	NA	NA	NA	NA	NA	NA	NA	NA	NA	NA	NA	NA	NA	NA	NA	NA	NA	NA	NA	NA	NA	NA	NA	NA	NA	NA	NA	NA	NA	NA	NA	NA	NA	NA	NA	NA	NA	NA	NA	NA	NA	NA	NA	NA	NA	NA	NA	NA	NA	NA	NA	NA	NA	NA	NA	NA	NA	NA	NA	NA	NA	NA	NA	NA	NA	NA	NA	NA	NA	NA	NA	NA	NA	NA	NA	NA	NA	NA	NA	NA	NA
SAMN13999716	ID_6369309	SAMN13999716	NA	zaheer2020	NA	NA	NA	NA	NA	NA	NA	NA	NA	NA	NA	NA	NA	NA	NA	NA	NA	NA	NA	NA	NA	NA	NA	NA	NA	NA	NA	NA	NA	NA	NA	NA	NA	NA	NA	NA	NA	NA	NA	NA	NA	NA	NA	NA	NA	NA	NA	NA	NA	NA	NA	NA	NA	NA	NA	NA	NA	NA	NA	NA	NA	NA	NA	NA	NA	NA	NA	NA	NA	NA	NA	NA	NA	NA	NA	NA	NA	NA	NA	NA	NA	NA	NA	NA	NA	NA	NA	NA	NA	NA	NA	NA	NA	NA	NA	NA	NA	NA	NA	NA	NA	NA	NA	NA	NA	NA	NA	NA	NA	NA	NA	NA	NA	NA	NA	NA	NA	NA	NA	NA	NA	NA	NA	NA	NA	NA	NA	NA	NA	NA	NA	NA	NA	NA	NA	NA	NA	NA	NA
SAMN13999717	ID_5247670	SAMN13999717	NA	zaheer2020	NA	NA	NA	NA	NA	NA	NA	NA	NA	NA	NA	NA	NA	NA	NA	NA	NA	NA	NA	NA	NA	NA	NA	NA	NA	NA	NA	NA	NA	NA	NA	NA	NA	NA	NA	NA	NA	NA	NA	NA	NA	NA	NA	NA	NA	NA	NA	NA	NA	NA	NA	NA	NA	NA	NA	NA	NA	NA	NA	NA	NA	NA	NA	NA	NA	NA	NA	NA	NA	NA	NA	NA	NA	NA	NA	NA	NA	NA	NA	NA	NA	NA	NA	NA	NA	NA	NA	NA	NA	NA	NA	NA	NA	NA	NA	NA	NA	NA	NA	NA	NA	NA	NA	NA	NA	NA	NA	NA	NA	NA	NA	NA	NA	NA	NA	NA	NA	NA	NA	NA	NA	NA	NA	NA	NA	NA	NA	NA	NA	NA	NA	NA	NA	NA	NA	NA	NA	NA	NA
SAMN13999718	ID_3166825	SAMN13999718	NA	zaheer2020	NA	NA	NA	NA	NA	NA	NA	NA	NA	NA	NA	NA	NA	NA	NA	NA	NA	NA	NA	NA	NA	NA	NA	NA	NA	NA	NA	NA	NA	NA	NA	NA	NA	NA	NA	NA	NA	NA	NA	NA	NA	NA	NA	NA	NA	NA	NA	NA	NA	NA	NA	NA	NA	NA	NA	NA	NA	NA	NA	NA	NA	NA	NA	NA	NA	NA	NA	NA	NA	NA	NA	NA	NA	NA	NA	NA	NA	NA	NA	NA	NA	NA	NA	NA	NA	NA	NA	NA	NA	NA	NA	NA	NA	NA	NA	NA	NA	NA	NA	NA	NA	NA	NA	NA	NA	NA	NA	NA	NA	NA	NA	NA	NA	NA	NA	NA	NA	NA	NA	NA	NA	NA	NA	NA	NA	NA	NA	NA	NA	NA	NA	NA	NA	NA	NA	NA	NA	NA	NA
SAMN13999719	ID_8808726	SAMN13999719	NA	zaheer2020	NA	NA	NA	NA	NA	NA	NA	NA	NA	NA	NA	NA	NA	NA	NA	NA	NA	NA	NA	NA	NA	NA	NA	NA	NA	NA	NA	NA	NA	NA	NA	NA	NA	NA	NA	NA	NA	NA	NA	NA	NA	NA	NA	NA	NA	NA	NA	NA	NA	NA	NA	NA	NA	NA	NA	NA	NA	NA	NA	NA	NA	NA	NA	NA	NA	NA	NA	NA	NA	NA	NA	NA	NA	NA	NA	NA	NA	NA	NA	NA	NA	NA	NA	NA	NA	NA	NA	NA	NA	NA	NA	NA	NA	NA	NA	NA	NA	NA	NA	NA	NA	NA	NA	NA	NA	NA	NA	NA	NA	NA	NA	NA	NA	NA	NA	NA	NA	NA	NA	NA	NA	NA	NA	NA	NA	NA	NA	NA	NA	NA	NA	NA	NA	NA	NA	NA	NA	NA	NA
SAMN13999720	ID_1502790	SAMN13999720	NA	zaheer2020	NA	NA	NA	NA	NA	NA	NA	NA	NA	NA	NA	NA	NA	NA	NA	NA	NA	NA	NA	NA	NA	NA	NA	NA	NA	NA	NA	NA	NA	NA	NA	NA	NA	NA	NA	NA	NA	NA	NA	NA	NA	NA	NA	NA	NA	NA	NA	NA	NA	NA	NA	NA	NA	NA	NA	NA	NA	NA	NA	NA	NA	NA	NA	NA	NA	NA	NA	NA	NA	NA	NA	NA	NA	NA	NA	NA	NA	NA	NA	NA	NA	NA	NA	NA	NA	NA	NA	NA	NA	NA	NA	NA	NA	NA	NA	NA	NA	NA	NA	NA	NA	NA	NA	NA	NA	NA	NA	NA	NA	NA	NA	NA	NA	NA	NA	NA	NA	NA	NA	NA	NA	NA	NA	NA	NA	NA	NA	NA	NA	NA	NA	NA	NA	NA	NA	NA	NA	NA	NA
SAMN13999721	ID_2670449	SAMN13999721	NA	zaheer2020	NA	NA	NA	NA	NA	NA	NA	NA	NA	NA	NA	NA	NA	NA	NA	NA	NA	NA	NA	NA	NA	NA	NA	NA	NA	NA	NA	NA	NA	NA	NA	NA	NA	NA	NA	NA	NA	NA	NA	NA	NA	NA	NA	NA	NA	NA	NA	NA	NA	NA	NA	NA	NA	NA	NA	NA	NA	NA	NA	NA	NA	NA	NA	NA	NA	NA	NA	NA	NA	NA	NA	NA	NA	NA	NA	NA	NA	NA	NA	NA	NA	NA	NA	NA	NA	NA	NA	NA	NA	NA	NA	NA	NA	NA	NA	NA	NA	NA	NA	NA	NA	NA	NA	NA	NA	NA	NA	NA	NA	NA	NA	NA	NA	NA	NA	NA	NA	NA	NA	NA	NA	NA	NA	NA	NA	NA	NA	NA	NA	NA	NA	NA	NA	NA	NA	NA	NA	NA	NA
SAMN13999722	ID_1788792	SAMN13999722	NA	zaheer2020	NA	NA	NA	NA	NA	NA	NA	NA	NA	NA	NA	NA	NA	NA	NA	NA	NA	NA	NA	NA	NA	NA	NA	NA	NA	NA	NA	NA	NA	NA	NA	NA	NA	NA	NA	NA	NA	NA	NA	NA	NA	NA	NA	NA	NA	NA	NA	NA	NA	NA	NA	NA	NA	NA	NA	NA	NA	NA	NA	NA	NA	NA	NA	NA	NA	NA	NA	NA	NA	NA	NA	NA	NA	NA	NA	NA	NA	NA	NA	NA	NA	NA	NA	NA	NA	NA	NA	NA	NA	NA	NA	NA	NA	NA	NA	NA	NA	NA	NA	NA	NA	NA	NA	NA	NA	NA	NA	NA	NA	NA	NA	NA	NA	NA	NA	NA	NA	NA	NA	NA	NA	NA	NA	NA	NA	NA	NA	NA	NA	NA	NA	NA	NA	NA	NA	NA	NA	NA	NA
SAMN13999723	ID_8009138	SAMN13999723	NA	zaheer2020	NA	NA	NA	NA	NA	NA	NA	NA	NA	NA	NA	NA	NA	NA	NA	NA	NA	NA	NA	NA	NA	NA	NA	NA	NA	NA	NA	NA	NA	NA	NA	NA	NA	NA	NA	NA	NA	NA	NA	NA	NA	NA	NA	NA	NA	NA	NA	NA	NA	NA	NA	NA	NA	NA	NA	NA	NA	NA	NA	NA	NA	NA	NA	NA	NA	NA	NA	NA	NA	NA	NA	NA	NA	NA	NA	NA	NA	NA	NA	NA	NA	NA	NA	NA	NA	NA	NA	NA	NA	NA	NA	NA	NA	NA	NA	NA	NA	NA	NA	NA	NA	NA	NA	NA	NA	NA	NA	NA	NA	NA	NA	NA	NA	NA	NA	NA	NA	NA	NA	NA	NA	NA	NA	NA	NA	NA	NA	NA	NA	NA	NA	NA	NA	NA	NA	NA	NA	NA	NA
SAMN13999724	ID_7477737	SAMN13999724	NA	zaheer2020	NA	NA	NA	NA	NA	NA	NA	NA	NA	NA	NA	NA	NA	NA	NA	NA	NA	NA	NA	NA	NA	NA	NA	NA	NA	NA	NA	NA	NA	NA	NA	NA	NA	NA	NA	NA	NA	NA	NA	NA	NA	NA	NA	NA	NA	NA	NA	NA	NA	NA	NA	NA	NA	NA	NA	NA	NA	NA	NA	NA	NA	NA	NA	NA	NA	NA	NA	NA	NA	NA	NA	NA	NA	NA	NA	NA	NA	NA	NA	NA	NA	NA	NA	NA	NA	NA	NA	NA	NA	NA	NA	NA	NA	NA	NA	NA	NA	NA	NA	NA	NA	NA	NA	NA	NA	NA	NA	NA	NA	NA	NA	NA	NA	NA	NA	NA	NA	NA	NA	NA	NA	NA	NA	NA	NA	NA	NA	NA	NA	NA	NA	NA	NA	NA	NA	NA	NA	NA	NA
SAMN13999725	ID_7513446	SAMN13999725	NA	zaheer2020	NA	NA	NA	NA	NA	NA	NA	NA	NA	NA	NA	NA	NA	NA	NA	NA	NA	NA	NA	NA	NA	NA	NA	NA	NA	NA	NA	NA	NA	NA	NA	NA	NA	NA	NA	NA	NA	NA	NA	NA	NA	NA	NA	NA	NA	NA	NA	NA	NA	NA	NA	NA	NA	NA	NA	NA	NA	NA	NA	NA	NA	NA	NA	NA	NA	NA	NA	NA	NA	NA	NA	NA	NA	NA	NA	NA	NA	NA	NA	NA	NA	NA	NA	NA	NA	NA	NA	NA	NA	NA	NA	NA	NA	NA	NA	NA	NA	NA	NA	NA	NA	NA	NA	NA	NA	NA	NA	NA	NA	NA	NA	NA	NA	NA	NA	NA	NA	NA	NA	NA	NA	NA	NA	NA	NA	NA	NA	NA	NA	NA	NA	NA	NA	NA	NA	NA	NA	NA	NA
SAMN13999726	ID_2648993	SAMN13999726	NA	zaheer2020	NA	NA	NA	NA	NA	NA	NA	NA	NA	NA	NA	NA	NA	NA	NA	NA	NA	NA	NA	NA	NA	NA	NA	NA	NA	NA	NA	NA	NA	NA	NA	NA	NA	NA	NA	NA	NA	NA	NA	NA	NA	NA	NA	NA	NA	NA	NA	NA	NA	NA	NA	NA	NA	NA	NA	NA	NA	NA	NA	NA	NA	NA	NA	NA	NA	NA	NA	NA	NA	NA	NA	NA	NA	NA	NA	NA	NA	NA	NA	NA	NA	NA	NA	NA	NA	NA	NA	NA	NA	NA	NA	NA	NA	NA	NA	NA	NA	NA	NA	NA	NA	NA	NA	NA	NA	NA	NA	NA	NA	NA	NA	NA	NA	NA	NA	NA	NA	NA	NA	NA	NA	NA	NA	NA	NA	NA	NA	NA	NA	NA	NA	NA	NA	NA	NA	NA	NA	NA	NA
SAMN13999728	ID_4759356	SAMN13999728	NA	zaheer2020	NA	NA	NA	NA	NA	NA	NA	NA	NA	NA	NA	NA	NA	NA	NA	NA	NA	NA	NA	NA	NA	NA	NA	NA	NA	NA	NA	NA	NA	NA	NA	NA	NA	NA	NA	NA	NA	NA	NA	NA	NA	NA	NA	NA	NA	NA	NA	NA	NA	NA	NA	NA	NA	NA	NA	NA	NA	NA	NA	NA	NA	NA	NA	NA	NA	NA	NA	NA	NA	NA	NA	NA	NA	NA	NA	NA	NA	NA	NA	NA	NA	NA	NA	NA	NA	NA	NA	NA	NA	NA	NA	NA	NA	NA	NA	NA	NA	NA	NA	NA	NA	NA	NA	NA	NA	NA	NA	NA	NA	NA	NA	NA	NA	NA	NA	NA	NA	NA	NA	NA	NA	NA	NA	NA	NA	NA	NA	NA	NA	NA	NA	NA	NA	NA	NA	NA	NA	NA	NA
SAMN13999729	ID_5957362	SAMN13999729	NA	zaheer2020	NA	NA	NA	NA	NA	NA	NA	NA	NA	NA	NA	NA	NA	NA	NA	NA	NA	NA	NA	NA	NA	NA	NA	NA	NA	NA	NA	NA	NA	NA	NA	NA	NA	NA	NA	NA	NA	NA	NA	NA	NA	NA	NA	NA	NA	NA	NA	NA	NA	NA	NA	NA	NA	NA	NA	NA	NA	NA	NA	NA	NA	NA	NA	NA	NA	NA	NA	NA	NA	NA	NA	NA	NA	NA	NA	NA	NA	NA	NA	NA	NA	NA	NA	NA	NA	NA	NA	NA	NA	NA	NA	NA	NA	NA	NA	NA	NA	NA	NA	NA	NA	NA	NA	NA	NA	NA	NA	NA	NA	NA	NA	NA	NA	NA	NA	NA	NA	NA	NA	NA	NA	NA	NA	NA	NA	NA	NA	NA	NA	NA	NA	NA	NA	NA	NA	NA	NA	NA	NA
SAMN13999730	ID_3347646	SAMN13999730	NA	zaheer2020	NA	NA	NA	NA	NA	NA	NA	NA	NA	NA	NA	NA	NA	NA	NA	NA	NA	NA	NA	NA	NA	NA	NA	NA	NA	NA	NA	NA	NA	NA	NA	NA	NA	NA	NA	NA	NA	NA	NA	NA	NA	NA	NA	NA	NA	NA	NA	NA	NA	NA	NA	NA	NA	NA	NA	NA	NA	NA	NA	NA	NA	NA	NA	NA	NA	NA	NA	NA	NA	NA	NA	NA	NA	NA	NA	NA	NA	NA	NA	NA	NA	NA	NA	NA	NA	NA	NA	NA	NA	NA	NA	NA	NA	NA	NA	NA	NA	NA	NA	NA	NA	NA	NA	NA	NA	NA	NA	NA	NA	NA	NA	NA	NA	NA	NA	NA	NA	NA	NA	NA	NA	NA	NA	NA	NA	NA	NA	NA	NA	NA	NA	NA	NA	NA	NA	NA	NA	NA	NA
SAMN13999731	ID_2370851	SAMN13999731	NA	zaheer2020	NA	NA	NA	NA	NA	NA	NA	NA	NA	NA	NA	NA	NA	NA	NA	NA	NA	NA	NA	NA	NA	NA	NA	NA	NA	NA	NA	NA	NA	NA	NA	NA	NA	NA	NA	NA	NA	NA	NA	NA	NA	NA	NA	NA	NA	NA	NA	NA	NA	NA	NA	NA	NA	NA	NA	NA	NA	NA	NA	NA	NA	NA	NA	NA	NA	NA	NA	NA	NA	NA	NA	NA	NA	NA	NA	NA	NA	NA	NA	NA	NA	NA	NA	NA	NA	NA	NA	NA	NA	NA	NA	NA	NA	NA	NA	NA	NA	NA	NA	NA	NA	NA	NA	NA	NA	NA	NA	NA	NA	NA	NA	NA	NA	NA	NA	NA	NA	NA	NA	NA	NA	NA	NA	NA	NA	NA	NA	NA	NA	NA	NA	NA	NA	NA	NA	NA	NA	NA	NA
SAMN13999732	ID_8970210	SAMN13999732	NA	zaheer2020	NA	NA	NA	NA	NA	NA	NA	NA	NA	NA	NA	NA	NA	NA	NA	NA	NA	NA	NA	NA	NA	NA	NA	NA	NA	NA	NA	NA	NA	NA	NA	NA	NA	NA	NA	NA	NA	NA	NA	NA	NA	NA	NA	NA	NA	NA	NA	NA	NA	NA	NA	NA	NA	NA	NA	NA	NA	NA	NA	NA	NA	NA	NA	NA	NA	NA	NA	NA	NA	NA	NA	NA	NA	NA	NA	NA	NA	NA	NA	NA	NA	NA	NA	NA	NA	NA	NA	NA	NA	NA	NA	NA	NA	NA	NA	NA	NA	NA	NA	NA	NA	NA	NA	NA	NA	NA	NA	NA	NA	NA	NA	NA	NA	NA	NA	NA	NA	NA	NA	NA	NA	NA	NA	NA	NA	NA	NA	NA	NA	NA	NA	NA	NA	NA	NA	NA	NA	NA	NA
SAMN13999734	ID_6458883	SAMN13999734	NA	zaheer2020	NA	NA	NA	NA	NA	NA	NA	NA	NA	NA	NA	NA	NA	NA	NA	NA	NA	NA	NA	NA	NA	NA	NA	NA	NA	NA	NA	NA	NA	NA	NA	NA	NA	NA	NA	NA	NA	NA	NA	NA	NA	NA	NA	NA	NA	NA	NA	NA	NA	NA	NA	NA	NA	NA	NA	NA	NA	NA	NA	NA	NA	NA	NA	NA	NA	NA	NA	NA	NA	NA	NA	NA	NA	NA	NA	NA	NA	NA	NA	NA	NA	NA	NA	NA	NA	NA	NA	NA	NA	NA	NA	NA	NA	NA	NA	NA	NA	NA	NA	NA	NA	NA	NA	NA	NA	NA	NA	NA	NA	NA	NA	NA	NA	NA	NA	NA	NA	NA	NA	NA	NA	NA	NA	NA	NA	NA	NA	NA	NA	NA	NA	NA	NA	NA	NA	NA	NA	NA	NA
SAMN13999735	ID_1173313	SAMN13999735	NA	zaheer2020	NA	NA	NA	NA	NA	NA	NA	NA	NA	NA	NA	NA	NA	NA	NA	NA	NA	NA	NA	NA	NA	NA	NA	NA	NA	NA	NA	NA	NA	NA	NA	NA	NA	NA	NA	NA	NA	NA	NA	NA	NA	NA	NA	NA	NA	NA	NA	NA	NA	NA	NA	NA	NA	NA	NA	NA	NA	NA	NA	NA	NA	NA	NA	NA	NA	NA	NA	NA	NA	NA	NA	NA	NA	NA	NA	NA	NA	NA	NA	NA	NA	NA	NA	NA	NA	NA	NA	NA	NA	NA	NA	NA	NA	NA	NA	NA	NA	NA	NA	NA	NA	NA	NA	NA	NA	NA	NA	NA	NA	NA	NA	NA	NA	NA	NA	NA	NA	NA	NA	NA	NA	NA	NA	NA	NA	NA	NA	NA	NA	NA	NA	NA	NA	NA	NA	NA	NA	NA	NA
SAMN13999736	ID_6607053	SAMN13999736	NA	zaheer2020	NA	NA	NA	NA	NA	NA	NA	NA	NA	NA	NA	NA	NA	NA	NA	NA	NA	NA	NA	NA	NA	NA	NA	NA	NA	NA	NA	NA	NA	NA	NA	NA	NA	NA	NA	NA	NA	NA	NA	NA	NA	NA	NA	NA	NA	NA	NA	NA	NA	NA	NA	NA	NA	NA	NA	NA	NA	NA	NA	NA	NA	NA	NA	NA	NA	NA	NA	NA	NA	NA	NA	NA	NA	NA	NA	NA	NA	NA	NA	NA	NA	NA	NA	NA	NA	NA	NA	NA	NA	NA	NA	NA	NA	NA	NA	NA	NA	NA	NA	NA	NA	NA	NA	NA	NA	NA	NA	NA	NA	NA	NA	NA	NA	NA	NA	NA	NA	NA	NA	NA	NA	NA	NA	NA	NA	NA	NA	NA	NA	NA	NA	NA	NA	NA	NA	NA	NA	NA	NA
SAMN13999737	ID_5094874	SAMN13999737	NA	zaheer2020	NA	NA	NA	NA	NA	NA	NA	NA	NA	NA	NA	NA	NA	NA	NA	NA	NA	NA	NA	NA	NA	NA	NA	NA	NA	NA	NA	NA	NA	NA	NA	NA	NA	NA	NA	NA	NA	NA	NA	NA	NA	NA	NA	NA	NA	NA	NA	NA	NA	NA	NA	NA	NA	NA	NA	NA	NA	NA	NA	NA	NA	NA	NA	NA	NA	NA	NA	NA	NA	NA	NA	NA	NA	NA	NA	NA	NA	NA	NA	NA	NA	NA	NA	NA	NA	NA	NA	NA	NA	NA	NA	NA	NA	NA	NA	NA	NA	NA	NA	NA	NA	NA	NA	NA	NA	NA	NA	NA	NA	NA	NA	NA	NA	NA	NA	NA	NA	NA	NA	NA	NA	NA	NA	NA	NA	NA	NA	NA	NA	NA	NA	NA	NA	NA	NA	NA	NA	NA	NA
SAMN13999738	ID_1520130	SAMN13999738	NA	zaheer2020	NA	NA	NA	NA	NA	NA	NA	NA	NA	NA	NA	NA	NA	NA	NA	NA	NA	NA	NA	NA	NA	NA	NA	NA	NA	NA	NA	NA	NA	NA	NA	NA	NA	NA	NA	NA	NA	NA	NA	NA	NA	NA	NA	NA	NA	NA	NA	NA	NA	NA	NA	NA	NA	NA	NA	NA	NA	NA	NA	NA	NA	NA	NA	NA	NA	NA	NA	NA	NA	NA	NA	NA	NA	NA	NA	NA	NA	NA	NA	NA	NA	NA	NA	NA	NA	NA	NA	NA	NA	NA	NA	NA	NA	NA	NA	NA	NA	NA	NA	NA	NA	NA	NA	NA	NA	NA	NA	NA	NA	NA	NA	NA	NA	NA	NA	NA	NA	NA	NA	NA	NA	NA	NA	NA	NA	NA	NA	NA	NA	NA	NA	NA	NA	NA	NA	NA	NA	NA	NA
SAMN13999739	ID_2869791	SAMN13999739	NA	zaheer2020	NA	NA	NA	NA	NA	NA	NA	NA	NA	NA	NA	NA	NA	NA	NA	NA	NA	NA	NA	NA	NA	NA	NA	NA	NA	NA	NA	NA	NA	NA	NA	NA	NA	NA	NA	NA	NA	NA	NA	NA	NA	NA	NA	NA	NA	NA	NA	NA	NA	NA	NA	NA	NA	NA	NA	NA	NA	NA	NA	NA	NA	NA	NA	NA	NA	NA	NA	NA	NA	NA	NA	NA	NA	NA	NA	NA	NA	NA	NA	NA	NA	NA	NA	NA	NA	NA	NA	NA	NA	NA	NA	NA	NA	NA	NA	NA	NA	NA	NA	NA	NA	NA	NA	NA	NA	NA	NA	NA	NA	NA	NA	NA	NA	NA	NA	NA	NA	NA	NA	NA	NA	NA	NA	NA	NA	NA	NA	NA	NA	NA	NA	NA	NA	NA	NA	NA	NA	NA	NA
SAMN13999740	ID_6894838	SAMN13999740	NA	zaheer2020	NA	NA	NA	NA	NA	NA	NA	NA	NA	NA	NA	NA	NA	NA	NA	NA	NA	NA	NA	NA	NA	NA	NA	NA	NA	NA	NA	NA	NA	NA	NA	NA	NA	NA	NA	NA	NA	NA	NA	NA	NA	NA	NA	NA	NA	NA	NA	NA	NA	NA	NA	NA	NA	NA	NA	NA	NA	NA	NA	NA	NA	NA	NA	NA	NA	NA	NA	NA	NA	NA	NA	NA	NA	NA	NA	NA	NA	NA	NA	NA	NA	NA	NA	NA	NA	NA	NA	NA	NA	NA	NA	NA	NA	NA	NA	NA	NA	NA	NA	NA	NA	NA	NA	NA	NA	NA	NA	NA	NA	NA	NA	NA	NA	NA	NA	NA	NA	NA	NA	NA	NA	NA	NA	NA	NA	NA	NA	NA	NA	NA	NA	NA	NA	NA	NA	NA	NA	NA	NA
SAMN13999741	ID_7757038	SAMN13999741	NA	zaheer2020	NA	NA	NA	NA	NA	NA	NA	NA	NA	NA	NA	NA	NA	NA	NA	NA	NA	NA	NA	NA	NA	NA	NA	NA	NA	NA	NA	NA	NA	NA	NA	NA	NA	NA	NA	NA	NA	NA	NA	NA	NA	NA	NA	NA	NA	NA	NA	NA	NA	NA	NA	NA	NA	NA	NA	NA	NA	NA	NA	NA	NA	NA	NA	NA	NA	NA	NA	NA	NA	NA	NA	NA	NA	NA	NA	NA	NA	NA	NA	NA	NA	NA	NA	NA	NA	NA	NA	NA	NA	NA	NA	NA	NA	NA	NA	NA	NA	NA	NA	NA	NA	NA	NA	NA	NA	NA	NA	NA	NA	NA	NA	NA	NA	NA	NA	NA	NA	NA	NA	NA	NA	NA	NA	NA	NA	NA	NA	NA	NA	NA	NA	NA	NA	NA	NA	NA	NA	NA	NA
SAMN13999742	ID_1622691	SAMN13999742	NA	zaheer2020	NA	NA	NA	NA	NA	NA	NA	NA	NA	NA	NA	NA	NA	NA	NA	NA	NA	NA	NA	NA	NA	NA	NA	NA	NA	NA	NA	NA	NA	NA	NA	NA	NA	NA	NA	NA	NA	NA	NA	NA	NA	NA	NA	NA	NA	NA	NA	NA	NA	NA	NA	NA	NA	NA	NA	NA	NA	NA	NA	NA	NA	NA	NA	NA	NA	NA	NA	NA	NA	NA	NA	NA	NA	NA	NA	NA	NA	NA	NA	NA	NA	NA	NA	NA	NA	NA	NA	NA	NA	NA	NA	NA	NA	NA	NA	NA	NA	NA	NA	NA	NA	NA	NA	NA	NA	NA	NA	NA	NA	NA	NA	NA	NA	NA	NA	NA	NA	NA	NA	NA	NA	NA	NA	NA	NA	NA	NA	NA	NA	NA	NA	NA	NA	NA	NA	NA	NA	NA	NA
SAMN13999743	ID_7225987	SAMN13999743	NA	zaheer2020	NA	NA	NA	NA	NA	NA	NA	NA	NA	NA	NA	NA	NA	NA	NA	NA	NA	NA	NA	NA	NA	NA	NA	NA	NA	NA	NA	NA	NA	NA	NA	NA	NA	NA	NA	NA	NA	NA	NA	NA	NA	NA	NA	NA	NA	NA	NA	NA	NA	NA	NA	NA	NA	NA	NA	NA	NA	NA	NA	NA	NA	NA	NA	NA	NA	NA	NA	NA	NA	NA	NA	NA	NA	NA	NA	NA	NA	NA	NA	NA	NA	NA	NA	NA	NA	NA	NA	NA	NA	NA	NA	NA	NA	NA	NA	NA	NA	NA	NA	NA	NA	NA	NA	NA	NA	NA	NA	NA	NA	NA	NA	NA	NA	NA	NA	NA	NA	NA	NA	NA	NA	NA	NA	NA	NA	NA	NA	NA	NA	NA	NA	NA	NA	NA	NA	NA	NA	NA	NA
SAMN13999744	ID_2140442	SAMN13999744	NA	zaheer2020	NA	NA	NA	NA	NA	NA	NA	NA	NA	NA	NA	NA	NA	NA	NA	NA	NA	NA	NA	NA	NA	NA	NA	NA	NA	NA	NA	NA	NA	NA	NA	NA	NA	NA	NA	NA	NA	NA	NA	NA	NA	NA	NA	NA	NA	NA	NA	NA	NA	NA	NA	NA	NA	NA	NA	NA	NA	NA	NA	NA	NA	NA	NA	NA	NA	NA	NA	NA	NA	NA	NA	NA	NA	NA	NA	NA	NA	NA	NA	NA	NA	NA	NA	NA	NA	NA	NA	NA	NA	NA	NA	NA	NA	NA	NA	NA	NA	NA	NA	NA	NA	NA	NA	NA	NA	NA	NA	NA	NA	NA	NA	NA	NA	NA	NA	NA	NA	NA	NA	NA	NA	NA	NA	NA	NA	NA	NA	NA	NA	NA	NA	NA	NA	NA	NA	NA	NA	NA	NA
SAMN13999745	ID_4243198	SAMN13999745	NA	zaheer2020	NA	NA	NA	NA	NA	NA	NA	NA	NA	NA	NA	NA	NA	NA	NA	NA	NA	NA	NA	NA	NA	NA	NA	NA	NA	NA	NA	NA	NA	NA	NA	NA	NA	NA	NA	NA	NA	NA	NA	NA	NA	NA	NA	NA	NA	NA	NA	NA	NA	NA	NA	NA	NA	NA	NA	NA	NA	NA	NA	NA	NA	NA	NA	NA	NA	NA	NA	NA	NA	NA	NA	NA	NA	NA	NA	NA	NA	NA	NA	NA	NA	NA	NA	NA	NA	NA	NA	NA	NA	NA	NA	NA	NA	NA	NA	NA	NA	NA	NA	NA	NA	NA	NA	NA	NA	NA	NA	NA	NA	NA	NA	NA	NA	NA	NA	NA	NA	NA	NA	NA	NA	NA	NA	NA	NA	NA	NA	NA	NA	NA	NA	NA	NA	NA	NA	NA	NA	NA	NA
SAMN13999746	ID_5907543	SAMN13999746	NA	zaheer2020	NA	NA	NA	NA	NA	NA	NA	NA	NA	NA	NA	NA	NA	NA	NA	NA	NA	NA	NA	NA	NA	NA	NA	NA	NA	NA	NA	NA	NA	NA	NA	NA	NA	NA	NA	NA	NA	NA	NA	NA	NA	NA	NA	NA	NA	NA	NA	NA	NA	NA	NA	NA	NA	NA	NA	NA	NA	NA	NA	NA	NA	NA	NA	NA	NA	NA	NA	NA	NA	NA	NA	NA	NA	NA	NA	NA	NA	NA	NA	NA	NA	NA	NA	NA	NA	NA	NA	NA	NA	NA	NA	NA	NA	NA	NA	NA	NA	NA	NA	NA	NA	NA	NA	NA	NA	NA	NA	NA	NA	NA	NA	NA	NA	NA	NA	NA	NA	NA	NA	NA	NA	NA	NA	NA	NA	NA	NA	NA	NA	NA	NA	NA	NA	NA	NA	NA	NA	NA	NA
SAMN13999747	ID_5911109	SAMN13999747	NA	zaheer2020	NA	NA	NA	NA	NA	NA	NA	NA	NA	NA	NA	NA	NA	NA	NA	NA	NA	NA	NA	NA	NA	NA	NA	NA	NA	NA	NA	NA	NA	NA	NA	NA	NA	NA	NA	NA	NA	NA	NA	NA	NA	NA	NA	NA	NA	NA	NA	NA	NA	NA	NA	NA	NA	NA	NA	NA	NA	NA	NA	NA	NA	NA	NA	NA	NA	NA	NA	NA	NA	NA	NA	NA	NA	NA	NA	NA	NA	NA	NA	NA	NA	NA	NA	NA	NA	NA	NA	NA	NA	NA	NA	NA	NA	NA	NA	NA	NA	NA	NA	NA	NA	NA	NA	NA	NA	NA	NA	NA	NA	NA	NA	NA	NA	NA	NA	NA	NA	NA	NA	NA	NA	NA	NA	NA	NA	NA	NA	NA	NA	NA	NA	NA	NA	NA	NA	NA	NA	NA	NA
SAMN13999748	ID_6899221	SAMN13999748	NA	zaheer2020	NA	NA	NA	NA	NA	NA	NA	NA	NA	NA	NA	NA	NA	NA	NA	NA	NA	NA	NA	NA	NA	NA	NA	NA	NA	NA	NA	NA	NA	NA	NA	NA	NA	NA	NA	NA	NA	NA	NA	NA	NA	NA	NA	NA	NA	NA	NA	NA	NA	NA	NA	NA	NA	NA	NA	NA	NA	NA	NA	NA	NA	NA	NA	NA	NA	NA	NA	NA	NA	NA	NA	NA	NA	NA	NA	NA	NA	NA	NA	NA	NA	NA	NA	NA	NA	NA	NA	NA	NA	NA	NA	NA	NA	NA	NA	NA	NA	NA	NA	NA	NA	NA	NA	NA	NA	NA	NA	NA	NA	NA	NA	NA	NA	NA	NA	NA	NA	NA	NA	NA	NA	NA	NA	NA	NA	NA	NA	NA	NA	NA	NA	NA	NA	NA	NA	NA	NA	NA	NA
SAMN13999749	ID_3706604	SAMN13999749	NA	zaheer2020	NA	NA	NA	NA	NA	NA	NA	NA	NA	NA	NA	NA	NA	NA	NA	NA	NA	NA	NA	NA	NA	NA	NA	NA	NA	NA	NA	NA	NA	NA	NA	NA	NA	NA	NA	NA	NA	NA	NA	NA	NA	NA	NA	NA	NA	NA	NA	NA	NA	NA	NA	NA	NA	NA	NA	NA	NA	NA	NA	NA	NA	NA	NA	NA	NA	NA	NA	NA	NA	NA	NA	NA	NA	NA	NA	NA	NA	NA	NA	NA	NA	NA	NA	NA	NA	NA	NA	NA	NA	NA	NA	NA	NA	NA	NA	NA	NA	NA	NA	NA	NA	NA	NA	NA	NA	NA	NA	NA	NA	NA	NA	NA	NA	NA	NA	NA	NA	NA	NA	NA	NA	NA	NA	NA	NA	NA	NA	NA	NA	NA	NA	NA	NA	NA	NA	NA	NA	NA	NA
SAMN13999750	ID_2602424	SAMN13999750	NA	zaheer2020	NA	NA	NA	NA	NA	NA	NA	NA	NA	NA	NA	NA	NA	NA	NA	NA	NA	NA	NA	NA	NA	NA	NA	NA	NA	NA	NA	NA	NA	NA	NA	NA	NA	NA	NA	NA	NA	NA	NA	NA	NA	NA	NA	NA	NA	NA	NA	NA	NA	NA	NA	NA	NA	NA	NA	NA	NA	NA	NA	NA	NA	NA	NA	NA	NA	NA	NA	NA	NA	NA	NA	NA	NA	NA	NA	NA	NA	NA	NA	NA	NA	NA	NA	NA	NA	NA	NA	NA	NA	NA	NA	NA	NA	NA	NA	NA	NA	NA	NA	NA	NA	NA	NA	NA	NA	NA	NA	NA	NA	NA	NA	NA	NA	NA	NA	NA	NA	NA	NA	NA	NA	NA	NA	NA	NA	NA	NA	NA	NA	NA	NA	NA	NA	NA	NA	NA	NA	NA	NA
SAMN13999751	ID_4624373	SAMN13999751	NA	zaheer2020	NA	NA	NA	NA	NA	NA	NA	NA	NA	NA	NA	NA	NA	NA	NA	NA	NA	NA	NA	NA	NA	NA	NA	NA	NA	NA	NA	NA	NA	NA	NA	NA	NA	NA	NA	NA	NA	NA	NA	NA	NA	NA	NA	NA	NA	NA	NA	NA	NA	NA	NA	NA	NA	NA	NA	NA	NA	NA	NA	NA	NA	NA	NA	NA	NA	NA	NA	NA	NA	NA	NA	NA	NA	NA	NA	NA	NA	NA	NA	NA	NA	NA	NA	NA	NA	NA	NA	NA	NA	NA	NA	NA	NA	NA	NA	NA	NA	NA	NA	NA	NA	NA	NA	NA	NA	NA	NA	NA	NA	NA	NA	NA	NA	NA	NA	NA	NA	NA	NA	NA	NA	NA	NA	NA	NA	NA	NA	NA	NA	NA	NA	NA	NA	NA	NA	NA	NA	NA	NA
SAMN13999752	ID_6977454	SAMN13999752	NA	zaheer2020	NA	NA	NA	NA	NA	NA	NA	NA	NA	NA	NA	NA	NA	NA	NA	NA	NA	NA	NA	NA	NA	NA	NA	NA	NA	NA	NA	NA	NA	NA	NA	NA	NA	NA	NA	NA	NA	NA	NA	NA	NA	NA	NA	NA	NA	NA	NA	NA	NA	NA	NA	NA	NA	NA	NA	NA	NA	NA	NA	NA	NA	NA	NA	NA	NA	NA	NA	NA	NA	NA	NA	NA	NA	NA	NA	NA	NA	NA	NA	NA	NA	NA	NA	NA	NA	NA	NA	NA	NA	NA	NA	NA	NA	NA	NA	NA	NA	NA	NA	NA	NA	NA	NA	NA	NA	NA	NA	NA	NA	NA	NA	NA	NA	NA	NA	NA	NA	NA	NA	NA	NA	NA	NA	NA	NA	NA	NA	NA	NA	NA	NA	NA	NA	NA	NA	NA	NA	NA	NA
SAMN13999753	ID_6359567	SAMN13999753	NA	zaheer2020	NA	NA	NA	NA	NA	NA	NA	NA	NA	NA	NA	NA	NA	NA	NA	NA	NA	NA	NA	NA	NA	NA	NA	NA	NA	NA	NA	NA	NA	NA	NA	NA	NA	NA	NA	NA	NA	NA	NA	NA	NA	NA	NA	NA	NA	NA	NA	NA	NA	NA	NA	NA	NA	NA	NA	NA	NA	NA	NA	NA	NA	NA	NA	NA	NA	NA	NA	NA	NA	NA	NA	NA	NA	NA	NA	NA	NA	NA	NA	NA	NA	NA	NA	NA	NA	NA	NA	NA	NA	NA	NA	NA	NA	NA	NA	NA	NA	NA	NA	NA	NA	NA	NA	NA	NA	NA	NA	NA	NA	NA	NA	NA	NA	NA	NA	NA	NA	NA	NA	NA	NA	NA	NA	NA	NA	NA	NA	NA	NA	NA	NA	NA	NA	NA	NA	NA	NA	NA	NA
SAMN13999754	ID_1472132	SAMN13999754	NA	zaheer2020	NA	NA	NA	NA	NA	NA	NA	NA	NA	NA	NA	NA	NA	NA	NA	NA	NA	NA	NA	NA	NA	NA	NA	NA	NA	NA	NA	NA	NA	NA	NA	NA	NA	NA	NA	NA	NA	NA	NA	NA	NA	NA	NA	NA	NA	NA	NA	NA	NA	NA	NA	NA	NA	NA	NA	NA	NA	NA	NA	NA	NA	NA	NA	NA	NA	NA	NA	NA	NA	NA	NA	NA	NA	NA	NA	NA	NA	NA	NA	NA	NA	NA	NA	NA	NA	NA	NA	NA	NA	NA	NA	NA	NA	NA	NA	NA	NA	NA	NA	NA	NA	NA	NA	NA	NA	NA	NA	NA	NA	NA	NA	NA	NA	NA	NA	NA	NA	NA	NA	NA	NA	NA	NA	NA	NA	NA	NA	NA	NA	NA	NA	NA	NA	NA	NA	NA	NA	NA	NA
SAMN13999755	ID_6543713	SAMN13999755	NA	zaheer2020	NA	NA	NA	NA	NA	NA	NA	NA	NA	NA	NA	NA	NA	NA	NA	NA	NA	NA	NA	NA	NA	NA	NA	NA	NA	NA	NA	NA	NA	NA	NA	NA	NA	NA	NA	NA	NA	NA	NA	NA	NA	NA	NA	NA	NA	NA	NA	NA	NA	NA	NA	NA	NA	NA	NA	NA	NA	NA	NA	NA	NA	NA	NA	NA	NA	NA	NA	NA	NA	NA	NA	NA	NA	NA	NA	NA	NA	NA	NA	NA	NA	NA	NA	NA	NA	NA	NA	NA	NA	NA	NA	NA	NA	NA	NA	NA	NA	NA	NA	NA	NA	NA	NA	NA	NA	NA	NA	NA	NA	NA	NA	NA	NA	NA	NA	NA	NA	NA	NA	NA	NA	NA	NA	NA	NA	NA	NA	NA	NA	NA	NA	NA	NA	NA	NA	NA	NA	NA	NA
SAMN13999756	ID_6583587	SAMN13999756	NA	zaheer2020	NA	NA	NA	NA	NA	NA	NA	NA	NA	NA	NA	NA	NA	NA	NA	NA	NA	NA	NA	NA	NA	NA	NA	NA	NA	NA	NA	NA	NA	NA	NA	NA	NA	NA	NA	NA	NA	NA	NA	NA	NA	NA	NA	NA	NA	NA	NA	NA	NA	NA	NA	NA	NA	NA	NA	NA	NA	NA	NA	NA	NA	NA	NA	NA	NA	NA	NA	NA	NA	NA	NA	NA	NA	NA	NA	NA	NA	NA	NA	NA	NA	NA	NA	NA	NA	NA	NA	NA	NA	NA	NA	NA	NA	NA	NA	NA	NA	NA	NA	NA	NA	NA	NA	NA	NA	NA	NA	NA	NA	NA	NA	NA	NA	NA	NA	NA	NA	NA	NA	NA	NA	NA	NA	NA	NA	NA	NA	NA	NA	NA	NA	NA	NA	NA	NA	NA	NA	NA	NA
SAMN13999757	ID_4140614	SAMN13999757	NA	zaheer2020	NA	NA	NA	NA	NA	NA	NA	NA	NA	NA	NA	NA	NA	NA	NA	NA	NA	NA	NA	NA	NA	NA	NA	NA	NA	NA	NA	NA	NA	NA	NA	NA	NA	NA	NA	NA	NA	NA	NA	NA	NA	NA	NA	NA	NA	NA	NA	NA	NA	NA	NA	NA	NA	NA	NA	NA	NA	NA	NA	NA	NA	NA	NA	NA	NA	NA	NA	NA	NA	NA	NA	NA	NA	NA	NA	NA	NA	NA	NA	NA	NA	NA	NA	NA	NA	NA	NA	NA	NA	NA	NA	NA	NA	NA	NA	NA	NA	NA	NA	NA	NA	NA	NA	NA	NA	NA	NA	NA	NA	NA	NA	NA	NA	NA	NA	NA	NA	NA	NA	NA	NA	NA	NA	NA	NA	NA	NA	NA	NA	NA	NA	NA	NA	NA	NA	NA	NA	NA	NA
SAMN13999758	ID_3556470	SAMN13999758	NA	zaheer2020	NA	NA	NA	NA	NA	NA	NA	NA	NA	NA	NA	NA	NA	NA	NA	NA	NA	NA	NA	NA	NA	NA	NA	NA	NA	NA	NA	NA	NA	NA	NA	NA	NA	NA	NA	NA	NA	NA	NA	NA	NA	NA	NA	NA	NA	NA	NA	NA	NA	NA	NA	NA	NA	NA	NA	NA	NA	NA	NA	NA	NA	NA	NA	NA	NA	NA	NA	NA	NA	NA	NA	NA	NA	NA	NA	NA	NA	NA	NA	NA	NA	NA	NA	NA	NA	NA	NA	NA	NA	NA	NA	NA	NA	NA	NA	NA	NA	NA	NA	NA	NA	NA	NA	NA	NA	NA	NA	NA	NA	NA	NA	NA	NA	NA	NA	NA	NA	NA	NA	NA	NA	NA	NA	NA	NA	NA	NA	NA	NA	NA	NA	NA	NA	NA	NA	NA	NA	NA	NA
SAMN13999759	ID_7820744	SAMN13999759	NA	zaheer2020	NA	NA	NA	NA	NA	NA	NA	NA	NA	NA	NA	NA	NA	NA	NA	NA	NA	NA	NA	NA	NA	NA	NA	NA	NA	NA	NA	NA	NA	NA	NA	NA	NA	NA	NA	NA	NA	NA	NA	NA	NA	NA	NA	NA	NA	NA	NA	NA	NA	NA	NA	NA	NA	NA	NA	NA	NA	NA	NA	NA	NA	NA	NA	NA	NA	NA	NA	NA	NA	NA	NA	NA	NA	NA	NA	NA	NA	NA	NA	NA	NA	NA	NA	NA	NA	NA	NA	NA	NA	NA	NA	NA	NA	NA	NA	NA	NA	NA	NA	NA	NA	NA	NA	NA	NA	NA	NA	NA	NA	NA	NA	NA	NA	NA	NA	NA	NA	NA	NA	NA	NA	NA	NA	NA	NA	NA	NA	NA	NA	NA	NA	NA	NA	NA	NA	NA	NA	NA	NA
SAMN13999760	ID_5489746	SAMN13999760	NA	zaheer2020	NA	NA	NA	NA	NA	NA	NA	NA	NA	NA	NA	NA	NA	NA	NA	NA	NA	NA	NA	NA	NA	NA	NA	NA	NA	NA	NA	NA	NA	NA	NA	NA	NA	NA	NA	NA	NA	NA	NA	NA	NA	NA	NA	NA	NA	NA	NA	NA	NA	NA	NA	NA	NA	NA	NA	NA	NA	NA	NA	NA	NA	NA	NA	NA	NA	NA	NA	NA	NA	NA	NA	NA	NA	NA	NA	NA	NA	NA	NA	NA	NA	NA	NA	NA	NA	NA	NA	NA	NA	NA	NA	NA	NA	NA	NA	NA	NA	NA	NA	NA	NA	NA	NA	NA	NA	NA	NA	NA	NA	NA	NA	NA	NA	NA	NA	NA	NA	NA	NA	NA	NA	NA	NA	NA	NA	NA	NA	NA	NA	NA	NA	NA	NA	NA	NA	NA	NA	NA	NA
SAMN13999761	ID_3224861	SAMN13999761	NA	zaheer2020	NA	NA	NA	NA	NA	NA	NA	NA	NA	NA	NA	NA	NA	NA	NA	NA	NA	NA	NA	NA	NA	NA	NA	NA	NA	NA	NA	NA	NA	NA	NA	NA	NA	NA	NA	NA	NA	NA	NA	NA	NA	NA	NA	NA	NA	NA	NA	NA	NA	NA	NA	NA	NA	NA	NA	NA	NA	NA	NA	NA	NA	NA	NA	NA	NA	NA	NA	NA	NA	NA	NA	NA	NA	NA	NA	NA	NA	NA	NA	NA	NA	NA	NA	NA	NA	NA	NA	NA	NA	NA	NA	NA	NA	NA	NA	NA	NA	NA	NA	NA	NA	NA	NA	NA	NA	NA	NA	NA	NA	NA	NA	NA	NA	NA	NA	NA	NA	NA	NA	NA	NA	NA	NA	NA	NA	NA	NA	NA	NA	NA	NA	NA	NA	NA	NA	NA	NA	NA	NA
SAMN13999762	ID_1454323	SAMN13999762	NA	zaheer2020	NA	NA	NA	NA	NA	NA	NA	NA	NA	NA	NA	NA	NA	NA	NA	NA	NA	NA	NA	NA	NA	NA	NA	NA	NA	NA	NA	NA	NA	NA	NA	NA	NA	NA	NA	NA	NA	NA	NA	NA	NA	NA	NA	NA	NA	NA	NA	NA	NA	NA	NA	NA	NA	NA	NA	NA	NA	NA	NA	NA	NA	NA	NA	NA	NA	NA	NA	NA	NA	NA	NA	NA	NA	NA	NA	NA	NA	NA	NA	NA	NA	NA	NA	NA	NA	NA	NA	NA	NA	NA	NA	NA	NA	NA	NA	NA	NA	NA	NA	NA	NA	NA	NA	NA	NA	NA	NA	NA	NA	NA	NA	NA	NA	NA	NA	NA	NA	NA	NA	NA	NA	NA	NA	NA	NA	NA	NA	NA	NA	NA	NA	NA	NA	NA	NA	NA	NA	NA	NA
SAMN13999763	ID_6549934	SAMN13999763	NA	zaheer2020	NA	NA	NA	NA	NA	NA	NA	NA	NA	NA	NA	NA	NA	NA	NA	NA	NA	NA	NA	NA	NA	NA	NA	NA	NA	NA	NA	NA	NA	NA	NA	NA	NA	NA	NA	NA	NA	NA	NA	NA	NA	NA	NA	NA	NA	NA	NA	NA	NA	NA	NA	NA	NA	NA	NA	NA	NA	NA	NA	NA	NA	NA	NA	NA	NA	NA	NA	NA	NA	NA	NA	NA	NA	NA	NA	NA	NA	NA	NA	NA	NA	NA	NA	NA	NA	NA	NA	NA	NA	NA	NA	NA	NA	NA	NA	NA	NA	NA	NA	NA	NA	NA	NA	NA	NA	NA	NA	NA	NA	NA	NA	NA	NA	NA	NA	NA	NA	NA	NA	NA	NA	NA	NA	NA	NA	NA	NA	NA	NA	NA	NA	NA	NA	NA	NA	NA	NA	NA	NA
SAMN13999764	ID_1960040	SAMN13999764	NA	zaheer2020	NA	NA	NA	NA	NA	NA	NA	NA	NA	NA	NA	NA	NA	NA	NA	NA	NA	NA	NA	NA	NA	NA	NA	NA	NA	NA	NA	NA	NA	NA	NA	NA	NA	NA	NA	NA	NA	NA	NA	NA	NA	NA	NA	NA	NA	NA	NA	NA	NA	NA	NA	NA	NA	NA	NA	NA	NA	NA	NA	NA	NA	NA	NA	NA	NA	NA	NA	NA	NA	NA	NA	NA	NA	NA	NA	NA	NA	NA	NA	NA	NA	NA	NA	NA	NA	NA	NA	NA	NA	NA	NA	NA	NA	NA	NA	NA	NA	NA	NA	NA	NA	NA	NA	NA	NA	NA	NA	NA	NA	NA	NA	NA	NA	NA	NA	NA	NA	NA	NA	NA	NA	NA	NA	NA	NA	NA	NA	NA	NA	NA	NA	NA	NA	NA	NA	NA	NA	NA	NA
SAMN13999765	ID_4648960	SAMN13999765	NA	zaheer2020	NA	NA	NA	NA	NA	NA	NA	NA	NA	NA	NA	NA	NA	NA	NA	NA	NA	NA	NA	NA	NA	NA	NA	NA	NA	NA	NA	NA	NA	NA	NA	NA	NA	NA	NA	NA	NA	NA	NA	NA	NA	NA	NA	NA	NA	NA	NA	NA	NA	NA	NA	NA	NA	NA	NA	NA	NA	NA	NA	NA	NA	NA	NA	NA	NA	NA	NA	NA	NA	NA	NA	NA	NA	NA	NA	NA	NA	NA	NA	NA	NA	NA	NA	NA	NA	NA	NA	NA	NA	NA	NA	NA	NA	NA	NA	NA	NA	NA	NA	NA	NA	NA	NA	NA	NA	NA	NA	NA	NA	NA	NA	NA	NA	NA	NA	NA	NA	NA	NA	NA	NA	NA	NA	NA	NA	NA	NA	NA	NA	NA	NA	NA	NA	NA	NA	NA	NA	NA	NA
SAMN13999766	ID_3953922	SAMN13999766	NA	zaheer2020	NA	NA	NA	NA	NA	NA	NA	NA	NA	NA	NA	NA	NA	NA	NA	NA	NA	NA	NA	NA	NA	NA	NA	NA	NA	NA	NA	NA	NA	NA	NA	NA	NA	NA	NA	NA	NA	NA	NA	NA	NA	NA	NA	NA	NA	NA	NA	NA	NA	NA	NA	NA	NA	NA	NA	NA	NA	NA	NA	NA	NA	NA	NA	NA	NA	NA	NA	NA	NA	NA	NA	NA	NA	NA	NA	NA	NA	NA	NA	NA	NA	NA	NA	NA	NA	NA	NA	NA	NA	NA	NA	NA	NA	NA	NA	NA	NA	NA	NA	NA	NA	NA	NA	NA	NA	NA	NA	NA	NA	NA	NA	NA	NA	NA	NA	NA	NA	NA	NA	NA	NA	NA	NA	NA	NA	NA	NA	NA	NA	NA	NA	NA	NA	NA	NA	NA	NA	NA	NA
SAMN13999767	ID_5061702	SAMN13999767	NA	zaheer2020	NA	NA	NA	NA	NA	NA	NA	NA	NA	NA	NA	NA	NA	NA	NA	NA	NA	NA	NA	NA	NA	NA	NA	NA	NA	NA	NA	NA	NA	NA	NA	NA	NA	NA	NA	NA	NA	NA	NA	NA	NA	NA	NA	NA	NA	NA	NA	NA	NA	NA	NA	NA	NA	NA	NA	NA	NA	NA	NA	NA	NA	NA	NA	NA	NA	NA	NA	NA	NA	NA	NA	NA	NA	NA	NA	NA	NA	NA	NA	NA	NA	NA	NA	NA	NA	NA	NA	NA	NA	NA	NA	NA	NA	NA	NA	NA	NA	NA	NA	NA	NA	NA	NA	NA	NA	NA	NA	NA	NA	NA	NA	NA	NA	NA	NA	NA	NA	NA	NA	NA	NA	NA	NA	NA	NA	NA	NA	NA	NA	NA	NA	NA	NA	NA	NA	NA	NA	NA	NA
SAMN13999768	ID_3180522	SAMN13999768	NA	zaheer2020	NA	NA	NA	NA	NA	NA	NA	NA	NA	NA	NA	NA	NA	NA	NA	NA	NA	NA	NA	NA	NA	NA	NA	NA	NA	NA	NA	NA	NA	NA	NA	NA	NA	NA	NA	NA	NA	NA	NA	NA	NA	NA	NA	NA	NA	NA	NA	NA	NA	NA	NA	NA	NA	NA	NA	NA	NA	NA	NA	NA	NA	NA	NA	NA	NA	NA	NA	NA	NA	NA	NA	NA	NA	NA	NA	NA	NA	NA	NA	NA	NA	NA	NA	NA	NA	NA	NA	NA	NA	NA	NA	NA	NA	NA	NA	NA	NA	NA	NA	NA	NA	NA	NA	NA	NA	NA	NA	NA	NA	NA	NA	NA	NA	NA	NA	NA	NA	NA	NA	NA	NA	NA	NA	NA	NA	NA	NA	NA	NA	NA	NA	NA	NA	NA	NA	NA	NA	NA	NA
SAMN13999769	ID_4784933	SAMN13999769	NA	zaheer2020	NA	NA	NA	NA	NA	NA	NA	NA	NA	NA	NA	NA	NA	NA	NA	NA	NA	NA	NA	NA	NA	NA	NA	NA	NA	NA	NA	NA	NA	NA	NA	NA	NA	NA	NA	NA	NA	NA	NA	NA	NA	NA	NA	NA	NA	NA	NA	NA	NA	NA	NA	NA	NA	NA	NA	NA	NA	NA	NA	NA	NA	NA	NA	NA	NA	NA	NA	NA	NA	NA	NA	NA	NA	NA	NA	NA	NA	NA	NA	NA	NA	NA	NA	NA	NA	NA	NA	NA	NA	NA	NA	NA	NA	NA	NA	NA	NA	NA	NA	NA	NA	NA	NA	NA	NA	NA	NA	NA	NA	NA	NA	NA	NA	NA	NA	NA	NA	NA	NA	NA	NA	NA	NA	NA	NA	NA	NA	NA	NA	NA	NA	NA	NA	NA	NA	NA	NA	NA	NA
SAMN13999771	ID_1427172	SAMN13999771	NA	zaheer2020	NA	NA	NA	NA	NA	NA	NA	NA	NA	NA	NA	NA	NA	NA	NA	NA	NA	NA	NA	NA	NA	NA	NA	NA	NA	NA	NA	NA	NA	NA	NA	NA	NA	NA	NA	NA	NA	NA	NA	NA	NA	NA	NA	NA	NA	NA	NA	NA	NA	NA	NA	NA	NA	NA	NA	NA	NA	NA	NA	NA	NA	NA	NA	NA	NA	NA	NA	NA	NA	NA	NA	NA	NA	NA	NA	NA	NA	NA	NA	NA	NA	NA	NA	NA	NA	NA	NA	NA	NA	NA	NA	NA	NA	NA	NA	NA	NA	NA	NA	NA	NA	NA	NA	NA	NA	NA	NA	NA	NA	NA	NA	NA	NA	NA	NA	NA	NA	NA	NA	NA	NA	NA	NA	NA	NA	NA	NA	NA	NA	NA	NA	NA	NA	NA	NA	NA	NA	NA	NA
SAMN13999772	ID_2360558	SAMN13999772	NA	zaheer2020	NA	NA	NA	NA	NA	NA	NA	NA	NA	NA	NA	NA	NA	NA	NA	NA	NA	NA	NA	NA	NA	NA	NA	NA	NA	NA	NA	NA	NA	NA	NA	NA	NA	NA	NA	NA	NA	NA	NA	NA	NA	NA	NA	NA	NA	NA	NA	NA	NA	NA	NA	NA	NA	NA	NA	NA	NA	NA	NA	NA	NA	NA	NA	NA	NA	NA	NA	NA	NA	NA	NA	NA	NA	NA	NA	NA	NA	NA	NA	NA	NA	NA	NA	NA	NA	NA	NA	NA	NA	NA	NA	NA	NA	NA	NA	NA	NA	NA	NA	NA	NA	NA	NA	NA	NA	NA	NA	NA	NA	NA	NA	NA	NA	NA	NA	NA	NA	NA	NA	NA	NA	NA	NA	NA	NA	NA	NA	NA	NA	NA	NA	NA	NA	NA	NA	NA	NA	NA	NA
SAMN13999773	ID_7781241	SAMN13999773	NA	zaheer2020	NA	NA	NA	NA	NA	NA	NA	NA	NA	NA	NA	NA	NA	NA	NA	NA	NA	NA	NA	NA	NA	NA	NA	NA	NA	NA	NA	NA	NA	NA	NA	NA	NA	NA	NA	NA	NA	NA	NA	NA	NA	NA	NA	NA	NA	NA	NA	NA	NA	NA	NA	NA	NA	NA	NA	NA	NA	NA	NA	NA	NA	NA	NA	NA	NA	NA	NA	NA	NA	NA	NA	NA	NA	NA	NA	NA	NA	NA	NA	NA	NA	NA	NA	NA	NA	NA	NA	NA	NA	NA	NA	NA	NA	NA	NA	NA	NA	NA	NA	NA	NA	NA	NA	NA	NA	NA	NA	NA	NA	NA	NA	NA	NA	NA	NA	NA	NA	NA	NA	NA	NA	NA	NA	NA	NA	NA	NA	NA	NA	NA	NA	NA	NA	NA	NA	NA	NA	NA	NA
SAMN13999774	ID_5123802	SAMN13999774	NA	zaheer2020	NA	NA	NA	NA	NA	NA	NA	NA	NA	NA	NA	NA	NA	NA	NA	NA	NA	NA	NA	NA	NA	NA	NA	NA	NA	NA	NA	NA	NA	NA	NA	NA	NA	NA	NA	NA	NA	NA	NA	NA	NA	NA	NA	NA	NA	NA	NA	NA	NA	NA	NA	NA	NA	NA	NA	NA	NA	NA	NA	NA	NA	NA	NA	NA	NA	NA	NA	NA	NA	NA	NA	NA	NA	NA	NA	NA	NA	NA	NA	NA	NA	NA	NA	NA	NA	NA	NA	NA	NA	NA	NA	NA	NA	NA	NA	NA	NA	NA	NA	NA	NA	NA	NA	NA	NA	NA	NA	NA	NA	NA	NA	NA	NA	NA	NA	NA	NA	NA	NA	NA	NA	NA	NA	NA	NA	NA	NA	NA	NA	NA	NA	NA	NA	NA	NA	NA	NA	NA	NA
SAMN13999775	ID_8815414	SAMN13999775	NA	zaheer2020	NA	NA	NA	NA	NA	NA	NA	NA	NA	NA	NA	NA	NA	NA	NA	NA	NA	NA	NA	NA	NA	NA	NA	NA	NA	NA	NA	NA	NA	NA	NA	NA	NA	NA	NA	NA	NA	NA	NA	NA	NA	NA	NA	NA	NA	NA	NA	NA	NA	NA	NA	NA	NA	NA	NA	NA	NA	NA	NA	NA	NA	NA	NA	NA	NA	NA	NA	NA	NA	NA	NA	NA	NA	NA	NA	NA	NA	NA	NA	NA	NA	NA	NA	NA	NA	NA	NA	NA	NA	NA	NA	NA	NA	NA	NA	NA	NA	NA	NA	NA	NA	NA	NA	NA	NA	NA	NA	NA	NA	NA	NA	NA	NA	NA	NA	NA	NA	NA	NA	NA	NA	NA	NA	NA	NA	NA	NA	NA	NA	NA	NA	NA	NA	NA	NA	NA	NA	NA	NA
SAMN13999776	ID_3682940	SAMN13999776	NA	zaheer2020	NA	NA	NA	NA	NA	NA	NA	NA	NA	NA	NA	NA	NA	NA	NA	NA	NA	NA	NA	NA	NA	NA	NA	NA	NA	NA	NA	NA	NA	NA	NA	NA	NA	NA	NA	NA	NA	NA	NA	NA	NA	NA	NA	NA	NA	NA	NA	NA	NA	NA	NA	NA	NA	NA	NA	NA	NA	NA	NA	NA	NA	NA	NA	NA	NA	NA	NA	NA	NA	NA	NA	NA	NA	NA	NA	NA	NA	NA	NA	NA	NA	NA	NA	NA	NA	NA	NA	NA	NA	NA	NA	NA	NA	NA	NA	NA	NA	NA	NA	NA	NA	NA	NA	NA	NA	NA	NA	NA	NA	NA	NA	NA	NA	NA	NA	NA	NA	NA	NA	NA	NA	NA	NA	NA	NA	NA	NA	NA	NA	NA	NA	NA	NA	NA	NA	NA	NA	NA	NA
SAMN13999777	ID_8197379	SAMN13999777	NA	zaheer2020	NA	NA	NA	NA	NA	NA	NA	NA	NA	NA	NA	NA	NA	NA	NA	NA	NA	NA	NA	NA	NA	NA	NA	NA	NA	NA	NA	NA	NA	NA	NA	NA	NA	NA	NA	NA	NA	NA	NA	NA	NA	NA	NA	NA	NA	NA	NA	NA	NA	NA	NA	NA	NA	NA	NA	NA	NA	NA	NA	NA	NA	NA	NA	NA	NA	NA	NA	NA	NA	NA	NA	NA	NA	NA	NA	NA	NA	NA	NA	NA	NA	NA	NA	NA	NA	NA	NA	NA	NA	NA	NA	NA	NA	NA	NA	NA	NA	NA	NA	NA	NA	NA	NA	NA	NA	NA	NA	NA	NA	NA	NA	NA	NA	NA	NA	NA	NA	NA	NA	NA	NA	NA	NA	NA	NA	NA	NA	NA	NA	NA	NA	NA	NA	NA	NA	NA	NA	NA	NA
SAMN13999779	ID_4049413	SAMN13999779	NA	zaheer2020	NA	NA	NA	NA	NA	NA	NA	NA	NA	NA	NA	NA	NA	NA	NA	NA	NA	NA	NA	NA	NA	NA	NA	NA	NA	NA	NA	NA	NA	NA	NA	NA	NA	NA	NA	NA	NA	NA	NA	NA	NA	NA	NA	NA	NA	NA	NA	NA	NA	NA	NA	NA	NA	NA	NA	NA	NA	NA	NA	NA	NA	NA	NA	NA	NA	NA	NA	NA	NA	NA	NA	NA	NA	NA	NA	NA	NA	NA	NA	NA	NA	NA	NA	NA	NA	NA	NA	NA	NA	NA	NA	NA	NA	NA	NA	NA	NA	NA	NA	NA	NA	NA	NA	NA	NA	NA	NA	NA	NA	NA	NA	NA	NA	NA	NA	NA	NA	NA	NA	NA	NA	NA	NA	NA	NA	NA	NA	NA	NA	NA	NA	NA	NA	NA	NA	NA	NA	NA	NA
SAMN13999780	ID_1976510	SAMN13999780	NA	zaheer2020	NA	NA	NA	NA	NA	NA	NA	NA	NA	NA	NA	NA	NA	NA	NA	NA	NA	NA	NA	NA	NA	NA	NA	NA	NA	NA	NA	NA	NA	NA	NA	NA	NA	NA	NA	NA	NA	NA	NA	NA	NA	NA	NA	NA	NA	NA	NA	NA	NA	NA	NA	NA	NA	NA	NA	NA	NA	NA	NA	NA	NA	NA	NA	NA	NA	NA	NA	NA	NA	NA	NA	NA	NA	NA	NA	NA	NA	NA	NA	NA	NA	NA	NA	NA	NA	NA	NA	NA	NA	NA	NA	NA	NA	NA	NA	NA	NA	NA	NA	NA	NA	NA	NA	NA	NA	NA	NA	NA	NA	NA	NA	NA	NA	NA	NA	NA	NA	NA	NA	NA	NA	NA	NA	NA	NA	NA	NA	NA	NA	NA	NA	NA	NA	NA	NA	NA	NA	NA	NA
SAMN13999781	ID_3154503	SAMN13999781	NA	zaheer2020	NA	NA	NA	NA	NA	NA	NA	NA	NA	NA	NA	NA	NA	NA	NA	NA	NA	NA	NA	NA	NA	NA	NA	NA	NA	NA	NA	NA	NA	NA	NA	NA	NA	NA	NA	NA	NA	NA	NA	NA	NA	NA	NA	NA	NA	NA	NA	NA	NA	NA	NA	NA	NA	NA	NA	NA	NA	NA	NA	NA	NA	NA	NA	NA	NA	NA	NA	NA	NA	NA	NA	NA	NA	NA	NA	NA	NA	NA	NA	NA	NA	NA	NA	NA	NA	NA	NA	NA	NA	NA	NA	NA	NA	NA	NA	NA	NA	NA	NA	NA	NA	NA	NA	NA	NA	NA	NA	NA	NA	NA	NA	NA	NA	NA	NA	NA	NA	NA	NA	NA	NA	NA	NA	NA	NA	NA	NA	NA	NA	NA	NA	NA	NA	NA	NA	NA	NA	NA	NA
SAMN13999782	ID_7838851	SAMN13999782	NA	zaheer2020	NA	NA	NA	NA	NA	NA	NA	NA	NA	NA	NA	NA	NA	NA	NA	NA	NA	NA	NA	NA	NA	NA	NA	NA	NA	NA	NA	NA	NA	NA	NA	NA	NA	NA	NA	NA	NA	NA	NA	NA	NA	NA	NA	NA	NA	NA	NA	NA	NA	NA	NA	NA	NA	NA	NA	NA	NA	NA	NA	NA	NA	NA	NA	NA	NA	NA	NA	NA	NA	NA	NA	NA	NA	NA	NA	NA	NA	NA	NA	NA	NA	NA	NA	NA	NA	NA	NA	NA	NA	NA	NA	NA	NA	NA	NA	NA	NA	NA	NA	NA	NA	NA	NA	NA	NA	NA	NA	NA	NA	NA	NA	NA	NA	NA	NA	NA	NA	NA	NA	NA	NA	NA	NA	NA	NA	NA	NA	NA	NA	NA	NA	NA	NA	NA	NA	NA	NA	NA	NA
SAMN13999783	ID_3236491	SAMN13999783	NA	zaheer2020	NA	NA	NA	NA	NA	NA	NA	NA	NA	NA	NA	NA	NA	NA	NA	NA	NA	NA	NA	NA	NA	NA	NA	NA	NA	NA	NA	NA	NA	NA	NA	NA	NA	NA	NA	NA	NA	NA	NA	NA	NA	NA	NA	NA	NA	NA	NA	NA	NA	NA	NA	NA	NA	NA	NA	NA	NA	NA	NA	NA	NA	NA	NA	NA	NA	NA	NA	NA	NA	NA	NA	NA	NA	NA	NA	NA	NA	NA	NA	NA	NA	NA	NA	NA	NA	NA	NA	NA	NA	NA	NA	NA	NA	NA	NA	NA	NA	NA	NA	NA	NA	NA	NA	NA	NA	NA	NA	NA	NA	NA	NA	NA	NA	NA	NA	NA	NA	NA	NA	NA	NA	NA	NA	NA	NA	NA	NA	NA	NA	NA	NA	NA	NA	NA	NA	NA	NA	NA	NA
SAMN13999784	ID_3029922	SAMN13999784	NA	zaheer2020	NA	NA	NA	NA	NA	NA	NA	NA	NA	NA	NA	NA	NA	NA	NA	NA	NA	NA	NA	NA	NA	NA	NA	NA	NA	NA	NA	NA	NA	NA	NA	NA	NA	NA	NA	NA	NA	NA	NA	NA	NA	NA	NA	NA	NA	NA	NA	NA	NA	NA	NA	NA	NA	NA	NA	NA	NA	NA	NA	NA	NA	NA	NA	NA	NA	NA	NA	NA	NA	NA	NA	NA	NA	NA	NA	NA	NA	NA	NA	NA	NA	NA	NA	NA	NA	NA	NA	NA	NA	NA	NA	NA	NA	NA	NA	NA	NA	NA	NA	NA	NA	NA	NA	NA	NA	NA	NA	NA	NA	NA	NA	NA	NA	NA	NA	NA	NA	NA	NA	NA	NA	NA	NA	NA	NA	NA	NA	NA	NA	NA	NA	NA	NA	NA	NA	NA	NA	NA	NA
SAMN13999785	ID_5605808	SAMN13999785	NA	zaheer2020	NA	NA	NA	NA	NA	NA	NA	NA	NA	NA	NA	NA	NA	NA	NA	NA	NA	NA	NA	NA	NA	NA	NA	NA	NA	NA	NA	NA	NA	NA	NA	NA	NA	NA	NA	NA	NA	NA	NA	NA	NA	NA	NA	NA	NA	NA	NA	NA	NA	NA	NA	NA	NA	NA	NA	NA	NA	NA	NA	NA	NA	NA	NA	NA	NA	NA	NA	NA	NA	NA	NA	NA	NA	NA	NA	NA	NA	NA	NA	NA	NA	NA	NA	NA	NA	NA	NA	NA	NA	NA	NA	NA	NA	NA	NA	NA	NA	NA	NA	NA	NA	NA	NA	NA	NA	NA	NA	NA	NA	NA	NA	NA	NA	NA	NA	NA	NA	NA	NA	NA	NA	NA	NA	NA	NA	NA	NA	NA	NA	NA	NA	NA	NA	NA	NA	NA	NA	NA	NA
SAMN13999786	ID_6030841	SAMN13999786	NA	zaheer2020	NA	NA	NA	NA	NA	NA	NA	NA	NA	NA	NA	NA	NA	NA	NA	NA	NA	NA	NA	NA	NA	NA	NA	NA	NA	NA	NA	NA	NA	NA	NA	NA	NA	NA	NA	NA	NA	NA	NA	NA	NA	NA	NA	NA	NA	NA	NA	NA	NA	NA	NA	NA	NA	NA	NA	NA	NA	NA	NA	NA	NA	NA	NA	NA	NA	NA	NA	NA	NA	NA	NA	NA	NA	NA	NA	NA	NA	NA	NA	NA	NA	NA	NA	NA	NA	NA	NA	NA	NA	NA	NA	NA	NA	NA	NA	NA	NA	NA	NA	NA	NA	NA	NA	NA	NA	NA	NA	NA	NA	NA	NA	NA	NA	NA	NA	NA	NA	NA	NA	NA	NA	NA	NA	NA	NA	NA	NA	NA	NA	NA	NA	NA	NA	NA	NA	NA	NA	NA	NA
SAMN13999787	ID_5620354	SAMN13999787	NA	zaheer2020	NA	NA	NA	NA	NA	NA	NA	NA	NA	NA	NA	NA	NA	NA	NA	NA	NA	NA	NA	NA	NA	NA	NA	NA	NA	NA	NA	NA	NA	NA	NA	NA	NA	NA	NA	NA	NA	NA	NA	NA	NA	NA	NA	NA	NA	NA	NA	NA	NA	NA	NA	NA	NA	NA	NA	NA	NA	NA	NA	NA	NA	NA	NA	NA	NA	NA	NA	NA	NA	NA	NA	NA	NA	NA	NA	NA	NA	NA	NA	NA	NA	NA	NA	NA	NA	NA	NA	NA	NA	NA	NA	NA	NA	NA	NA	NA	NA	NA	NA	NA	NA	NA	NA	NA	NA	NA	NA	NA	NA	NA	NA	NA	NA	NA	NA	NA	NA	NA	NA	NA	NA	NA	NA	NA	NA	NA	NA	NA	NA	NA	NA	NA	NA	NA	NA	NA	NA	NA	NA
SAMN13999788	ID_5803170	SAMN13999788	NA	zaheer2020	NA	NA	NA	NA	NA	NA	NA	NA	NA	NA	NA	NA	NA	NA	NA	NA	NA	NA	NA	NA	NA	NA	NA	NA	NA	NA	NA	NA	NA	NA	NA	NA	NA	NA	NA	NA	NA	NA	NA	NA	NA	NA	NA	NA	NA	NA	NA	NA	NA	NA	NA	NA	NA	NA	NA	NA	NA	NA	NA	NA	NA	NA	NA	NA	NA	NA	NA	NA	NA	NA	NA	NA	NA	NA	NA	NA	NA	NA	NA	NA	NA	NA	NA	NA	NA	NA	NA	NA	NA	NA	NA	NA	NA	NA	NA	NA	NA	NA	NA	NA	NA	NA	NA	NA	NA	NA	NA	NA	NA	NA	NA	NA	NA	NA	NA	NA	NA	NA	NA	NA	NA	NA	NA	NA	NA	NA	NA	NA	NA	NA	NA	NA	NA	NA	NA	NA	NA	NA	NA
SAMN13999790	ID_6318787	SAMN13999790	NA	zaheer2020	NA	NA	NA	NA	NA	NA	NA	NA	NA	NA	NA	NA	NA	NA	NA	NA	NA	NA	NA	NA	NA	NA	NA	NA	NA	NA	NA	NA	NA	NA	NA	NA	NA	NA	NA	NA	NA	NA	NA	NA	NA	NA	NA	NA	NA	NA	NA	NA	NA	NA	NA	NA	NA	NA	NA	NA	NA	NA	NA	NA	NA	NA	NA	NA	NA	NA	NA	NA	NA	NA	NA	NA	NA	NA	NA	NA	NA	NA	NA	NA	NA	NA	NA	NA	NA	NA	NA	NA	NA	NA	NA	NA	NA	NA	NA	NA	NA	NA	NA	NA	NA	NA	NA	NA	NA	NA	NA	NA	NA	NA	NA	NA	NA	NA	NA	NA	NA	NA	NA	NA	NA	NA	NA	NA	NA	NA	NA	NA	NA	NA	NA	NA	NA	NA	NA	NA	NA	NA	NA
SAMN13999791	ID_6317354	SAMN13999791	NA	zaheer2020	NA	NA	NA	NA	NA	NA	NA	NA	NA	NA	NA	NA	NA	NA	NA	NA	NA	NA	NA	NA	NA	NA	NA	NA	NA	NA	NA	NA	NA	NA	NA	NA	NA	NA	NA	NA	NA	NA	NA	NA	NA	NA	NA	NA	NA	NA	NA	NA	NA	NA	NA	NA	NA	NA	NA	NA	NA	NA	NA	NA	NA	NA	NA	NA	NA	NA	NA	NA	NA	NA	NA	NA	NA	NA	NA	NA	NA	NA	NA	NA	NA	NA	NA	NA	NA	NA	NA	NA	NA	NA	NA	NA	NA	NA	NA	NA	NA	NA	NA	NA	NA	NA	NA	NA	NA	NA	NA	NA	NA	NA	NA	NA	NA	NA	NA	NA	NA	NA	NA	NA	NA	NA	NA	NA	NA	NA	NA	NA	NA	NA	NA	NA	NA	NA	NA	NA	NA	NA	NA
SAMN13999792	ID_4164394	SAMN13999792	NA	zaheer2020	NA	NA	NA	NA	NA	NA	NA	NA	NA	NA	NA	NA	NA	NA	NA	NA	NA	NA	NA	NA	NA	NA	NA	NA	NA	NA	NA	NA	NA	NA	NA	NA	NA	NA	NA	NA	NA	NA	NA	NA	NA	NA	NA	NA	NA	NA	NA	NA	NA	NA	NA	NA	NA	NA	NA	NA	NA	NA	NA	NA	NA	NA	NA	NA	NA	NA	NA	NA	NA	NA	NA	NA	NA	NA	NA	NA	NA	NA	NA	NA	NA	NA	NA	NA	NA	NA	NA	NA	NA	NA	NA	NA	NA	NA	NA	NA	NA	NA	NA	NA	NA	NA	NA	NA	NA	NA	NA	NA	NA	NA	NA	NA	NA	NA	NA	NA	NA	NA	NA	NA	NA	NA	NA	NA	NA	NA	NA	NA	NA	NA	NA	NA	NA	NA	NA	NA	NA	NA	NA
SAMN13999793	ID_1395296	SAMN13999793	NA	zaheer2020	NA	NA	NA	NA	NA	NA	NA	NA	NA	NA	NA	NA	NA	NA	NA	NA	NA	NA	NA	NA	NA	NA	NA	NA	NA	NA	NA	NA	NA	NA	NA	NA	NA	NA	NA	NA	NA	NA	NA	NA	NA	NA	NA	NA	NA	NA	NA	NA	NA	NA	NA	NA	NA	NA	NA	NA	NA	NA	NA	NA	NA	NA	NA	NA	NA	NA	NA	NA	NA	NA	NA	NA	NA	NA	NA	NA	NA	NA	NA	NA	NA	NA	NA	NA	NA	NA	NA	NA	NA	NA	NA	NA	NA	NA	NA	NA	NA	NA	NA	NA	NA	NA	NA	NA	NA	NA	NA	NA	NA	NA	NA	NA	NA	NA	NA	NA	NA	NA	NA	NA	NA	NA	NA	NA	NA	NA	NA	NA	NA	NA	NA	NA	NA	NA	NA	NA	NA	NA	NA
SAMN13999794	ID_3555387	SAMN13999794	NA	zaheer2020	NA	NA	NA	NA	NA	NA	NA	NA	NA	NA	NA	NA	NA	NA	NA	NA	NA	NA	NA	NA	NA	NA	NA	NA	NA	NA	NA	NA	NA	NA	NA	NA	NA	NA	NA	NA	NA	NA	NA	NA	NA	NA	NA	NA	NA	NA	NA	NA	NA	NA	NA	NA	NA	NA	NA	NA	NA	NA	NA	NA	NA	NA	NA	NA	NA	NA	NA	NA	NA	NA	NA	NA	NA	NA	NA	NA	NA	NA	NA	NA	NA	NA	NA	NA	NA	NA	NA	NA	NA	NA	NA	NA	NA	NA	NA	NA	NA	NA	NA	NA	NA	NA	NA	NA	NA	NA	NA	NA	NA	NA	NA	NA	NA	NA	NA	NA	NA	NA	NA	NA	NA	NA	NA	NA	NA	NA	NA	NA	NA	NA	NA	NA	NA	NA	NA	NA	NA	NA	NA
SAMN13999795	ID_8266582	SAMN13999795	NA	zaheer2020	NA	NA	NA	NA	NA	NA	NA	NA	NA	NA	NA	NA	NA	NA	NA	NA	NA	NA	NA	NA	NA	NA	NA	NA	NA	NA	NA	NA	NA	NA	NA	NA	NA	NA	NA	NA	NA	NA	NA	NA	NA	NA	NA	NA	NA	NA	NA	NA	NA	NA	NA	NA	NA	NA	NA	NA	NA	NA	NA	NA	NA	NA	NA	NA	NA	NA	NA	NA	NA	NA	NA	NA	NA	NA	NA	NA	NA	NA	NA	NA	NA	NA	NA	NA	NA	NA	NA	NA	NA	NA	NA	NA	NA	NA	NA	NA	NA	NA	NA	NA	NA	NA	NA	NA	NA	NA	NA	NA	NA	NA	NA	NA	NA	NA	NA	NA	NA	NA	NA	NA	NA	NA	NA	NA	NA	NA	NA	NA	NA	NA	NA	NA	NA	NA	NA	NA	NA	NA	NA
SAMN13999796	ID_3175722	SAMN13999796	NA	zaheer2020	NA	NA	NA	NA	NA	NA	NA	NA	NA	NA	NA	NA	NA	NA	NA	NA	NA	NA	NA	NA	NA	NA	NA	NA	NA	NA	NA	NA	NA	NA	NA	NA	NA	NA	NA	NA	NA	NA	NA	NA	NA	NA	NA	NA	NA	NA	NA	NA	NA	NA	NA	NA	NA	NA	NA	NA	NA	NA	NA	NA	NA	NA	NA	NA	NA	NA	NA	NA	NA	NA	NA	NA	NA	NA	NA	NA	NA	NA	NA	NA	NA	NA	NA	NA	NA	NA	NA	NA	NA	NA	NA	NA	NA	NA	NA	NA	NA	NA	NA	NA	NA	NA	NA	NA	NA	NA	NA	NA	NA	NA	NA	NA	NA	NA	NA	NA	NA	NA	NA	NA	NA	NA	NA	NA	NA	NA	NA	NA	NA	NA	NA	NA	NA	NA	NA	NA	NA	NA	NA
SAMN13999797	ID_8849171	SAMN13999797	NA	zaheer2020	NA	NA	NA	NA	NA	NA	NA	NA	NA	NA	NA	NA	NA	NA	NA	NA	NA	NA	NA	NA	NA	NA	NA	NA	NA	NA	NA	NA	NA	NA	NA	NA	NA	NA	NA	NA	NA	NA	NA	NA	NA	NA	NA	NA	NA	NA	NA	NA	NA	NA	NA	NA	NA	NA	NA	NA	NA	NA	NA	NA	NA	NA	NA	NA	NA	NA	NA	NA	NA	NA	NA	NA	NA	NA	NA	NA	NA	NA	NA	NA	NA	NA	NA	NA	NA	NA	NA	NA	NA	NA	NA	NA	NA	NA	NA	NA	NA	NA	NA	NA	NA	NA	NA	NA	NA	NA	NA	NA	NA	NA	NA	NA	NA	NA	NA	NA	NA	NA	NA	NA	NA	NA	NA	NA	NA	NA	NA	NA	NA	NA	NA	NA	NA	NA	NA	NA	NA	NA	NA
SAMN13999798	ID_2289949	SAMN13999798	NA	zaheer2020	NA	NA	NA	NA	NA	NA	NA	NA	NA	NA	NA	NA	NA	NA	NA	NA	NA	NA	NA	NA	NA	NA	NA	NA	NA	NA	NA	NA	NA	NA	NA	NA	NA	NA	NA	NA	NA	NA	NA	NA	NA	NA	NA	NA	NA	NA	NA	NA	NA	NA	NA	NA	NA	NA	NA	NA	NA	NA	NA	NA	NA	NA	NA	NA	NA	NA	NA	NA	NA	NA	NA	NA	NA	NA	NA	NA	NA	NA	NA	NA	NA	NA	NA	NA	NA	NA	NA	NA	NA	NA	NA	NA	NA	NA	NA	NA	NA	NA	NA	NA	NA	NA	NA	NA	NA	NA	NA	NA	NA	NA	NA	NA	NA	NA	NA	NA	NA	NA	NA	NA	NA	NA	NA	NA	NA	NA	NA	NA	NA	NA	NA	NA	NA	NA	NA	NA	NA	NA	NA
SAMN13999799	ID_6831251	SAMN13999799	NA	zaheer2020	NA	NA	NA	NA	NA	NA	NA	NA	NA	NA	NA	NA	NA	NA	NA	NA	NA	NA	NA	NA	NA	NA	NA	NA	NA	NA	NA	NA	NA	NA	NA	NA	NA	NA	NA	NA	NA	NA	NA	NA	NA	NA	NA	NA	NA	NA	NA	NA	NA	NA	NA	NA	NA	NA	NA	NA	NA	NA	NA	NA	NA	NA	NA	NA	NA	NA	NA	NA	NA	NA	NA	NA	NA	NA	NA	NA	NA	NA	NA	NA	NA	NA	NA	NA	NA	NA	NA	NA	NA	NA	NA	NA	NA	NA	NA	NA	NA	NA	NA	NA	NA	NA	NA	NA	NA	NA	NA	NA	NA	NA	NA	NA	NA	NA	NA	NA	NA	NA	NA	NA	NA	NA	NA	NA	NA	NA	NA	NA	NA	NA	NA	NA	NA	NA	NA	NA	NA	NA	NA
SAMN13999800	ID_2200652	SAMN13999800	NA	zaheer2020	NA	NA	NA	NA	NA	NA	NA	NA	NA	NA	NA	NA	NA	NA	NA	NA	NA	NA	NA	NA	NA	NA	NA	NA	NA	NA	NA	NA	NA	NA	NA	NA	NA	NA	NA	NA	NA	NA	NA	NA	NA	NA	NA	NA	NA	NA	NA	NA	NA	NA	NA	NA	NA	NA	NA	NA	NA	NA	NA	NA	NA	NA	NA	NA	NA	NA	NA	NA	NA	NA	NA	NA	NA	NA	NA	NA	NA	NA	NA	NA	NA	NA	NA	NA	NA	NA	NA	NA	NA	NA	NA	NA	NA	NA	NA	NA	NA	NA	NA	NA	NA	NA	NA	NA	NA	NA	NA	NA	NA	NA	NA	NA	NA	NA	NA	NA	NA	NA	NA	NA	NA	NA	NA	NA	NA	NA	NA	NA	NA	NA	NA	NA	NA	NA	NA	NA	NA	NA	NA
SAMN13999801	ID_6155013	SAMN13999801	NA	zaheer2020	NA	NA	NA	NA	NA	NA	NA	NA	NA	NA	NA	NA	NA	NA	NA	NA	NA	NA	NA	NA	NA	NA	NA	NA	NA	NA	NA	NA	NA	NA	NA	NA	NA	NA	NA	NA	NA	NA	NA	NA	NA	NA	NA	NA	NA	NA	NA	NA	NA	NA	NA	NA	NA	NA	NA	NA	NA	NA	NA	NA	NA	NA	NA	NA	NA	NA	NA	NA	NA	NA	NA	NA	NA	NA	NA	NA	NA	NA	NA	NA	NA	NA	NA	NA	NA	NA	NA	NA	NA	NA	NA	NA	NA	NA	NA	NA	NA	NA	NA	NA	NA	NA	NA	NA	NA	NA	NA	NA	NA	NA	NA	NA	NA	NA	NA	NA	NA	NA	NA	NA	NA	NA	NA	NA	NA	NA	NA	NA	NA	NA	NA	NA	NA	NA	NA	NA	NA	NA	NA
SAMN13999802	ID_1473154	SAMN13999802	NA	zaheer2020	NA	NA	NA	NA	NA	NA	NA	NA	NA	NA	NA	NA	NA	NA	NA	NA	NA	NA	NA	NA	NA	NA	NA	NA	NA	NA	NA	NA	NA	NA	NA	NA	NA	NA	NA	NA	NA	NA	NA	NA	NA	NA	NA	NA	NA	NA	NA	NA	NA	NA	NA	NA	NA	NA	NA	NA	NA	NA	NA	NA	NA	NA	NA	NA	NA	NA	NA	NA	NA	NA	NA	NA	NA	NA	NA	NA	NA	NA	NA	NA	NA	NA	NA	NA	NA	NA	NA	NA	NA	NA	NA	NA	NA	NA	NA	NA	NA	NA	NA	NA	NA	NA	NA	NA	NA	NA	NA	NA	NA	NA	NA	NA	NA	NA	NA	NA	NA	NA	NA	NA	NA	NA	NA	NA	NA	NA	NA	NA	NA	NA	NA	NA	NA	NA	NA	NA	NA	NA	NA
SAMN13999803	ID_1076233	SAMN13999803	NA	zaheer2020	NA	NA	NA	NA	NA	NA	NA	NA	NA	NA	NA	NA	NA	NA	NA	NA	NA	NA	NA	NA	NA	NA	NA	NA	NA	NA	NA	NA	NA	NA	NA	NA	NA	NA	NA	NA	NA	NA	NA	NA	NA	NA	NA	NA	NA	NA	NA	NA	NA	NA	NA	NA	NA	NA	NA	NA	NA	NA	NA	NA	NA	NA	NA	NA	NA	NA	NA	NA	NA	NA	NA	NA	NA	NA	NA	NA	NA	NA	NA	NA	NA	NA	NA	NA	NA	NA	NA	NA	NA	NA	NA	NA	NA	NA	NA	NA	NA	NA	NA	NA	NA	NA	NA	NA	NA	NA	NA	NA	NA	NA	NA	NA	NA	NA	NA	NA	NA	NA	NA	NA	NA	NA	NA	NA	NA	NA	NA	NA	NA	NA	NA	NA	NA	NA	NA	NA	NA	NA	NA
SAMN13999804	ID_6875707	SAMN13999804	NA	zaheer2020	NA	NA	NA	NA	NA	NA	NA	NA	NA	NA	NA	NA	NA	NA	NA	NA	NA	NA	NA	NA	NA	NA	NA	NA	NA	NA	NA	NA	NA	NA	NA	NA	NA	NA	NA	NA	NA	NA	NA	NA	NA	NA	NA	NA	NA	NA	NA	NA	NA	NA	NA	NA	NA	NA	NA	NA	NA	NA	NA	NA	NA	NA	NA	NA	NA	NA	NA	NA	NA	NA	NA	NA	NA	NA	NA	NA	NA	NA	NA	NA	NA	NA	NA	NA	NA	NA	NA	NA	NA	NA	NA	NA	NA	NA	NA	NA	NA	NA	NA	NA	NA	NA	NA	NA	NA	NA	NA	NA	NA	NA	NA	NA	NA	NA	NA	NA	NA	NA	NA	NA	NA	NA	NA	NA	NA	NA	NA	NA	NA	NA	NA	NA	NA	NA	NA	NA	NA	NA	NA
SAMN13999805	ID_1549144	SAMN13999805	NA	zaheer2020	NA	NA	NA	NA	NA	NA	NA	NA	NA	NA	NA	NA	NA	NA	NA	NA	NA	NA	NA	NA	NA	NA	NA	NA	NA	NA	NA	NA	NA	NA	NA	NA	NA	NA	NA	NA	NA	NA	NA	NA	NA	NA	NA	NA	NA	NA	NA	NA	NA	NA	NA	NA	NA	NA	NA	NA	NA	NA	NA	NA	NA	NA	NA	NA	NA	NA	NA	NA	NA	NA	NA	NA	NA	NA	NA	NA	NA	NA	NA	NA	NA	NA	NA	NA	NA	NA	NA	NA	NA	NA	NA	NA	NA	NA	NA	NA	NA	NA	NA	NA	NA	NA	NA	NA	NA	NA	NA	NA	NA	NA	NA	NA	NA	NA	NA	NA	NA	NA	NA	NA	NA	NA	NA	NA	NA	NA	NA	NA	NA	NA	NA	NA	NA	NA	NA	NA	NA	NA	NA
SAMN13999806	ID_3867926	SAMN13999806	NA	zaheer2020	NA	NA	NA	NA	NA	NA	NA	NA	NA	NA	NA	NA	NA	NA	NA	NA	NA	NA	NA	NA	NA	NA	NA	NA	NA	NA	NA	NA	NA	NA	NA	NA	NA	NA	NA	NA	NA	NA	NA	NA	NA	NA	NA	NA	NA	NA	NA	NA	NA	NA	NA	NA	NA	NA	NA	NA	NA	NA	NA	NA	NA	NA	NA	NA	NA	NA	NA	NA	NA	NA	NA	NA	NA	NA	NA	NA	NA	NA	NA	NA	NA	NA	NA	NA	NA	NA	NA	NA	NA	NA	NA	NA	NA	NA	NA	NA	NA	NA	NA	NA	NA	NA	NA	NA	NA	NA	NA	NA	NA	NA	NA	NA	NA	NA	NA	NA	NA	NA	NA	NA	NA	NA	NA	NA	NA	NA	NA	NA	NA	NA	NA	NA	NA	NA	NA	NA	NA	NA	NA
SAMN13999807	ID_6202253	SAMN13999807	NA	zaheer2020	NA	NA	NA	NA	NA	NA	NA	NA	NA	NA	NA	NA	NA	NA	NA	NA	NA	NA	NA	NA	NA	NA	NA	NA	NA	NA	NA	NA	NA	NA	NA	NA	NA	NA	NA	NA	NA	NA	NA	NA	NA	NA	NA	NA	NA	NA	NA	NA	NA	NA	NA	NA	NA	NA	NA	NA	NA	NA	NA	NA	NA	NA	NA	NA	NA	NA	NA	NA	NA	NA	NA	NA	NA	NA	NA	NA	NA	NA	NA	NA	NA	NA	NA	NA	NA	NA	NA	NA	NA	NA	NA	NA	NA	NA	NA	NA	NA	NA	NA	NA	NA	NA	NA	NA	NA	NA	NA	NA	NA	NA	NA	NA	NA	NA	NA	NA	NA	NA	NA	NA	NA	NA	NA	NA	NA	NA	NA	NA	NA	NA	NA	NA	NA	NA	NA	NA	NA	NA	NA
SAMN13999808	ID_7271217	SAMN13999808	NA	zaheer2020	NA	NA	NA	NA	NA	NA	NA	NA	NA	NA	NA	NA	NA	NA	NA	NA	NA	NA	NA	NA	NA	NA	NA	NA	NA	NA	NA	NA	NA	NA	NA	NA	NA	NA	NA	NA	NA	NA	NA	NA	NA	NA	NA	NA	NA	NA	NA	NA	NA	NA	NA	NA	NA	NA	NA	NA	NA	NA	NA	NA	NA	NA	NA	NA	NA	NA	NA	NA	NA	NA	NA	NA	NA	NA	NA	NA	NA	NA	NA	NA	NA	NA	NA	NA	NA	NA	NA	NA	NA	NA	NA	NA	NA	NA	NA	NA	NA	NA	NA	NA	NA	NA	NA	NA	NA	NA	NA	NA	NA	NA	NA	NA	NA	NA	NA	NA	NA	NA	NA	NA	NA	NA	NA	NA	NA	NA	NA	NA	NA	NA	NA	NA	NA	NA	NA	NA	NA	NA	NA
SAMN13999809	ID_1165885	SAMN13999809	NA	zaheer2020	NA	NA	NA	NA	NA	NA	NA	NA	NA	NA	NA	NA	NA	NA	NA	NA	NA	NA	NA	NA	NA	NA	NA	NA	NA	NA	NA	NA	NA	NA	NA	NA	NA	NA	NA	NA	NA	NA	NA	NA	NA	NA	NA	NA	NA	NA	NA	NA	NA	NA	NA	NA	NA	NA	NA	NA	NA	NA	NA	NA	NA	NA	NA	NA	NA	NA	NA	NA	NA	NA	NA	NA	NA	NA	NA	NA	NA	NA	NA	NA	NA	NA	NA	NA	NA	NA	NA	NA	NA	NA	NA	NA	NA	NA	NA	NA	NA	NA	NA	NA	NA	NA	NA	NA	NA	NA	NA	NA	NA	NA	NA	NA	NA	NA	NA	NA	NA	NA	NA	NA	NA	NA	NA	NA	NA	NA	NA	NA	NA	NA	NA	NA	NA	NA	NA	NA	NA	NA	NA
SAMN13999811	ID_7429244	SAMN13999811	NA	zaheer2020	NA	NA	NA	NA	NA	NA	NA	NA	NA	NA	NA	NA	NA	NA	NA	NA	NA	NA	NA	NA	NA	NA	NA	NA	NA	NA	NA	NA	NA	NA	NA	NA	NA	NA	NA	NA	NA	NA	NA	NA	NA	NA	NA	NA	NA	NA	NA	NA	NA	NA	NA	NA	NA	NA	NA	NA	NA	NA	NA	NA	NA	NA	NA	NA	NA	NA	NA	NA	NA	NA	NA	NA	NA	NA	NA	NA	NA	NA	NA	NA	NA	NA	NA	NA	NA	NA	NA	NA	NA	NA	NA	NA	NA	NA	NA	NA	NA	NA	NA	NA	NA	NA	NA	NA	NA	NA	NA	NA	NA	NA	NA	NA	NA	NA	NA	NA	NA	NA	NA	NA	NA	NA	NA	NA	NA	NA	NA	NA	NA	NA	NA	NA	NA	NA	NA	NA	NA	NA	NA
SAMN13999812	ID_4861397	SAMN13999812	NA	zaheer2020	NA	NA	NA	NA	NA	NA	NA	NA	NA	NA	NA	NA	NA	NA	NA	NA	NA	NA	NA	NA	NA	NA	NA	NA	NA	NA	NA	NA	NA	NA	NA	NA	NA	NA	NA	NA	NA	NA	NA	NA	NA	NA	NA	NA	NA	NA	NA	NA	NA	NA	NA	NA	NA	NA	NA	NA	NA	NA	NA	NA	NA	NA	NA	NA	NA	NA	NA	NA	NA	NA	NA	NA	NA	NA	NA	NA	NA	NA	NA	NA	NA	NA	NA	NA	NA	NA	NA	NA	NA	NA	NA	NA	NA	NA	NA	NA	NA	NA	NA	NA	NA	NA	NA	NA	NA	NA	NA	NA	NA	NA	NA	NA	NA	NA	NA	NA	NA	NA	NA	NA	NA	NA	NA	NA	NA	NA	NA	NA	NA	NA	NA	NA	NA	NA	NA	NA	NA	NA	NA
SAMN13999813	ID_8495535	SAMN13999813	NA	zaheer2020	NA	NA	NA	NA	NA	NA	NA	NA	NA	NA	NA	NA	NA	NA	NA	NA	NA	NA	NA	NA	NA	NA	NA	NA	NA	NA	NA	NA	NA	NA	NA	NA	NA	NA	NA	NA	NA	NA	NA	NA	NA	NA	NA	NA	NA	NA	NA	NA	NA	NA	NA	NA	NA	NA	NA	NA	NA	NA	NA	NA	NA	NA	NA	NA	NA	NA	NA	NA	NA	NA	NA	NA	NA	NA	NA	NA	NA	NA	NA	NA	NA	NA	NA	NA	NA	NA	NA	NA	NA	NA	NA	NA	NA	NA	NA	NA	NA	NA	NA	NA	NA	NA	NA	NA	NA	NA	NA	NA	NA	NA	NA	NA	NA	NA	NA	NA	NA	NA	NA	NA	NA	NA	NA	NA	NA	NA	NA	NA	NA	NA	NA	NA	NA	NA	NA	NA	NA	NA	NA
SAMN13999814	ID_1891121	SAMN13999814	NA	zaheer2020	NA	NA	NA	NA	NA	NA	NA	NA	NA	NA	NA	NA	NA	NA	NA	NA	NA	NA	NA	NA	NA	NA	NA	NA	NA	NA	NA	NA	NA	NA	NA	NA	NA	NA	NA	NA	NA	NA	NA	NA	NA	NA	NA	NA	NA	NA	NA	NA	NA	NA	NA	NA	NA	NA	NA	NA	NA	NA	NA	NA	NA	NA	NA	NA	NA	NA	NA	NA	NA	NA	NA	NA	NA	NA	NA	NA	NA	NA	NA	NA	NA	NA	NA	NA	NA	NA	NA	NA	NA	NA	NA	NA	NA	NA	NA	NA	NA	NA	NA	NA	NA	NA	NA	NA	NA	NA	NA	NA	NA	NA	NA	NA	NA	NA	NA	NA	NA	NA	NA	NA	NA	NA	NA	NA	NA	NA	NA	NA	NA	NA	NA	NA	NA	NA	NA	NA	NA	NA	NA
SAMN13999815	ID_4574908	SAMN13999815	NA	zaheer2020	NA	NA	NA	NA	NA	NA	NA	NA	NA	NA	NA	NA	NA	NA	NA	NA	NA	NA	NA	NA	NA	NA	NA	NA	NA	NA	NA	NA	NA	NA	NA	NA	NA	NA	NA	NA	NA	NA	NA	NA	NA	NA	NA	NA	NA	NA	NA	NA	NA	NA	NA	NA	NA	NA	NA	NA	NA	NA	NA	NA	NA	NA	NA	NA	NA	NA	NA	NA	NA	NA	NA	NA	NA	NA	NA	NA	NA	NA	NA	NA	NA	NA	NA	NA	NA	NA	NA	NA	NA	NA	NA	NA	NA	NA	NA	NA	NA	NA	NA	NA	NA	NA	NA	NA	NA	NA	NA	NA	NA	NA	NA	NA	NA	NA	NA	NA	NA	NA	NA	NA	NA	NA	NA	NA	NA	NA	NA	NA	NA	NA	NA	NA	NA	NA	NA	NA	NA	NA	NA
SAMN13999817	ID_4576939	SAMN13999817	NA	zaheer2020	NA	NA	NA	NA	NA	NA	NA	NA	NA	NA	NA	NA	NA	NA	NA	NA	NA	NA	NA	NA	NA	NA	NA	NA	NA	NA	NA	NA	NA	NA	NA	NA	NA	NA	NA	NA	NA	NA	NA	NA	NA	NA	NA	NA	NA	NA	NA	NA	NA	NA	NA	NA	NA	NA	NA	NA	NA	NA	NA	NA	NA	NA	NA	NA	NA	NA	NA	NA	NA	NA	NA	NA	NA	NA	NA	NA	NA	NA	NA	NA	NA	NA	NA	NA	NA	NA	NA	NA	NA	NA	NA	NA	NA	NA	NA	NA	NA	NA	NA	NA	NA	NA	NA	NA	NA	NA	NA	NA	NA	NA	NA	NA	NA	NA	NA	NA	NA	NA	NA	NA	NA	NA	NA	NA	NA	NA	NA	NA	NA	NA	NA	NA	NA	NA	NA	NA	NA	NA	NA
SAMN13999818	ID_7603021	SAMN13999818	NA	zaheer2020	NA	NA	NA	NA	NA	NA	NA	NA	NA	NA	NA	NA	NA	NA	NA	NA	NA	NA	NA	NA	NA	NA	NA	NA	NA	NA	NA	NA	NA	NA	NA	NA	NA	NA	NA	NA	NA	NA	NA	NA	NA	NA	NA	NA	NA	NA	NA	NA	NA	NA	NA	NA	NA	NA	NA	NA	NA	NA	NA	NA	NA	NA	NA	NA	NA	NA	NA	NA	NA	NA	NA	NA	NA	NA	NA	NA	NA	NA	NA	NA	NA	NA	NA	NA	NA	NA	NA	NA	NA	NA	NA	NA	NA	NA	NA	NA	NA	NA	NA	NA	NA	NA	NA	NA	NA	NA	NA	NA	NA	NA	NA	NA	NA	NA	NA	NA	NA	NA	NA	NA	NA	NA	NA	NA	NA	NA	NA	NA	NA	NA	NA	NA	NA	NA	NA	NA	NA	NA	NA
SAMN13999819	ID_8257039	SAMN13999819	NA	zaheer2020	NA	NA	NA	NA	NA	NA	NA	NA	NA	NA	NA	NA	NA	NA	NA	NA	NA	NA	NA	NA	NA	NA	NA	NA	NA	NA	NA	NA	NA	NA	NA	NA	NA	NA	NA	NA	NA	NA	NA	NA	NA	NA	NA	NA	NA	NA	NA	NA	NA	NA	NA	NA	NA	NA	NA	NA	NA	NA	NA	NA	NA	NA	NA	NA	NA	NA	NA	NA	NA	NA	NA	NA	NA	NA	NA	NA	NA	NA	NA	NA	NA	NA	NA	NA	NA	NA	NA	NA	NA	NA	NA	NA	NA	NA	NA	NA	NA	NA	NA	NA	NA	NA	NA	NA	NA	NA	NA	NA	NA	NA	NA	NA	NA	NA	NA	NA	NA	NA	NA	NA	NA	NA	NA	NA	NA	NA	NA	NA	NA	NA	NA	NA	NA	NA	NA	NA	NA	NA	NA
SAMN13999820	ID_7479869	SAMN13999820	NA	zaheer2020	NA	NA	NA	NA	NA	NA	NA	NA	NA	NA	NA	NA	NA	NA	NA	NA	NA	NA	NA	NA	NA	NA	NA	NA	NA	NA	NA	NA	NA	NA	NA	NA	NA	NA	NA	NA	NA	NA	NA	NA	NA	NA	NA	NA	NA	NA	NA	NA	NA	NA	NA	NA	NA	NA	NA	NA	NA	NA	NA	NA	NA	NA	NA	NA	NA	NA	NA	NA	NA	NA	NA	NA	NA	NA	NA	NA	NA	NA	NA	NA	NA	NA	NA	NA	NA	NA	NA	NA	NA	NA	NA	NA	NA	NA	NA	NA	NA	NA	NA	NA	NA	NA	NA	NA	NA	NA	NA	NA	NA	NA	NA	NA	NA	NA	NA	NA	NA	NA	NA	NA	NA	NA	NA	NA	NA	NA	NA	NA	NA	NA	NA	NA	NA	NA	NA	NA	NA	NA	NA
SAMN13999821	ID_2064773	SAMN13999821	NA	zaheer2020	NA	NA	NA	NA	NA	NA	NA	NA	NA	NA	NA	NA	NA	NA	NA	NA	NA	NA	NA	NA	NA	NA	NA	NA	NA	NA	NA	NA	NA	NA	NA	NA	NA	NA	NA	NA	NA	NA	NA	NA	NA	NA	NA	NA	NA	NA	NA	NA	NA	NA	NA	NA	NA	NA	NA	NA	NA	NA	NA	NA	NA	NA	NA	NA	NA	NA	NA	NA	NA	NA	NA	NA	NA	NA	NA	NA	NA	NA	NA	NA	NA	NA	NA	NA	NA	NA	NA	NA	NA	NA	NA	NA	NA	NA	NA	NA	NA	NA	NA	NA	NA	NA	NA	NA	NA	NA	NA	NA	NA	NA	NA	NA	NA	NA	NA	NA	NA	NA	NA	NA	NA	NA	NA	NA	NA	NA	NA	NA	NA	NA	NA	NA	NA	NA	NA	NA	NA	NA	NA
SAMN13999822	ID_6359874	SAMN13999822	NA	zaheer2020	NA	NA	NA	NA	NA	NA	NA	NA	NA	NA	NA	NA	NA	NA	NA	NA	NA	NA	NA	NA	NA	NA	NA	NA	NA	NA	NA	NA	NA	NA	NA	NA	NA	NA	NA	NA	NA	NA	NA	NA	NA	NA	NA	NA	NA	NA	NA	NA	NA	NA	NA	NA	NA	NA	NA	NA	NA	NA	NA	NA	NA	NA	NA	NA	NA	NA	NA	NA	NA	NA	NA	NA	NA	NA	NA	NA	NA	NA	NA	NA	NA	NA	NA	NA	NA	NA	NA	NA	NA	NA	NA	NA	NA	NA	NA	NA	NA	NA	NA	NA	NA	NA	NA	NA	NA	NA	NA	NA	NA	NA	NA	NA	NA	NA	NA	NA	NA	NA	NA	NA	NA	NA	NA	NA	NA	NA	NA	NA	NA	NA	NA	NA	NA	NA	NA	NA	NA	NA	NA
SAMN13999823	ID_1087201	SAMN13999823	NA	zaheer2020	NA	NA	NA	NA	NA	NA	NA	NA	NA	NA	NA	NA	NA	NA	NA	NA	NA	NA	NA	NA	NA	NA	NA	NA	NA	NA	NA	NA	NA	NA	NA	NA	NA	NA	NA	NA	NA	NA	NA	NA	NA	NA	NA	NA	NA	NA	NA	NA	NA	NA	NA	NA	NA	NA	NA	NA	NA	NA	NA	NA	NA	NA	NA	NA	NA	NA	NA	NA	NA	NA	NA	NA	NA	NA	NA	NA	NA	NA	NA	NA	NA	NA	NA	NA	NA	NA	NA	NA	NA	NA	NA	NA	NA	NA	NA	NA	NA	NA	NA	NA	NA	NA	NA	NA	NA	NA	NA	NA	NA	NA	NA	NA	NA	NA	NA	NA	NA	NA	NA	NA	NA	NA	NA	NA	NA	NA	NA	NA	NA	NA	NA	NA	NA	NA	NA	NA	NA	NA	NA
SAMN13999824	ID_3127020	SAMN13999824	NA	zaheer2020	NA	NA	NA	NA	NA	NA	NA	NA	NA	NA	NA	NA	NA	NA	NA	NA	NA	NA	NA	NA	NA	NA	NA	NA	NA	NA	NA	NA	NA	NA	NA	NA	NA	NA	NA	NA	NA	NA	NA	NA	NA	NA	NA	NA	NA	NA	NA	NA	NA	NA	NA	NA	NA	NA	NA	NA	NA	NA	NA	NA	NA	NA	NA	NA	NA	NA	NA	NA	NA	NA	NA	NA	NA	NA	NA	NA	NA	NA	NA	NA	NA	NA	NA	NA	NA	NA	NA	NA	NA	NA	NA	NA	NA	NA	NA	NA	NA	NA	NA	NA	NA	NA	NA	NA	NA	NA	NA	NA	NA	NA	NA	NA	NA	NA	NA	NA	NA	NA	NA	NA	NA	NA	NA	NA	NA	NA	NA	NA	NA	NA	NA	NA	NA	NA	NA	NA	NA	NA	NA
SAMN13999825	ID_4735220	SAMN13999825	NA	zaheer2020	NA	NA	NA	NA	NA	NA	NA	NA	NA	NA	NA	NA	NA	NA	NA	NA	NA	NA	NA	NA	NA	NA	NA	NA	NA	NA	NA	NA	NA	NA	NA	NA	NA	NA	NA	NA	NA	NA	NA	NA	NA	NA	NA	NA	NA	NA	NA	NA	NA	NA	NA	NA	NA	NA	NA	NA	NA	NA	NA	NA	NA	NA	NA	NA	NA	NA	NA	NA	NA	NA	NA	NA	NA	NA	NA	NA	NA	NA	NA	NA	NA	NA	NA	NA	NA	NA	NA	NA	NA	NA	NA	NA	NA	NA	NA	NA	NA	NA	NA	NA	NA	NA	NA	NA	NA	NA	NA	NA	NA	NA	NA	NA	NA	NA	NA	NA	NA	NA	NA	NA	NA	NA	NA	NA	NA	NA	NA	NA	NA	NA	NA	NA	NA	NA	NA	NA	NA	NA	NA
SAMN13999826	ID_7269750	SAMN13999826	NA	zaheer2020	NA	NA	NA	NA	NA	NA	NA	NA	NA	NA	NA	NA	NA	NA	NA	NA	NA	NA	NA	NA	NA	NA	NA	NA	NA	NA	NA	NA	NA	NA	NA	NA	NA	NA	NA	NA	NA	NA	NA	NA	NA	NA	NA	NA	NA	NA	NA	NA	NA	NA	NA	NA	NA	NA	NA	NA	NA	NA	NA	NA	NA	NA	NA	NA	NA	NA	NA	NA	NA	NA	NA	NA	NA	NA	NA	NA	NA	NA	NA	NA	NA	NA	NA	NA	NA	NA	NA	NA	NA	NA	NA	NA	NA	NA	NA	NA	NA	NA	NA	NA	NA	NA	NA	NA	NA	NA	NA	NA	NA	NA	NA	NA	NA	NA	NA	NA	NA	NA	NA	NA	NA	NA	NA	NA	NA	NA	NA	NA	NA	NA	NA	NA	NA	NA	NA	NA	NA	NA	NA
SAMN13999827	ID_3075112	SAMN13999827	NA	zaheer2020	NA	NA	NA	NA	NA	NA	NA	NA	NA	NA	NA	NA	NA	NA	NA	NA	NA	NA	NA	NA	NA	NA	NA	NA	NA	NA	NA	NA	NA	NA	NA	NA	NA	NA	NA	NA	NA	NA	NA	NA	NA	NA	NA	NA	NA	NA	NA	NA	NA	NA	NA	NA	NA	NA	NA	NA	NA	NA	NA	NA	NA	NA	NA	NA	NA	NA	NA	NA	NA	NA	NA	NA	NA	NA	NA	NA	NA	NA	NA	NA	NA	NA	NA	NA	NA	NA	NA	NA	NA	NA	NA	NA	NA	NA	NA	NA	NA	NA	NA	NA	NA	NA	NA	NA	NA	NA	NA	NA	NA	NA	NA	NA	NA	NA	NA	NA	NA	NA	NA	NA	NA	NA	NA	NA	NA	NA	NA	NA	NA	NA	NA	NA	NA	NA	NA	NA	NA	NA	NA
SAMN13999828	ID_5814179	SAMN13999828	NA	zaheer2020	NA	NA	NA	NA	NA	NA	NA	NA	NA	NA	NA	NA	NA	NA	NA	NA	NA	NA	NA	NA	NA	NA	NA	NA	NA	NA	NA	NA	NA	NA	NA	NA	NA	NA	NA	NA	NA	NA	NA	NA	NA	NA	NA	NA	NA	NA	NA	NA	NA	NA	NA	NA	NA	NA	NA	NA	NA	NA	NA	NA	NA	NA	NA	NA	NA	NA	NA	NA	NA	NA	NA	NA	NA	NA	NA	NA	NA	NA	NA	NA	NA	NA	NA	NA	NA	NA	NA	NA	NA	NA	NA	NA	NA	NA	NA	NA	NA	NA	NA	NA	NA	NA	NA	NA	NA	NA	NA	NA	NA	NA	NA	NA	NA	NA	NA	NA	NA	NA	NA	NA	NA	NA	NA	NA	NA	NA	NA	NA	NA	NA	NA	NA	NA	NA	NA	NA	NA	NA	NA
SAMN13999829	ID_1732279	SAMN13999829	NA	zaheer2020	NA	NA	NA	NA	NA	NA	NA	NA	NA	NA	NA	NA	NA	NA	NA	NA	NA	NA	NA	NA	NA	NA	NA	NA	NA	NA	NA	NA	NA	NA	NA	NA	NA	NA	NA	NA	NA	NA	NA	NA	NA	NA	NA	NA	NA	NA	NA	NA	NA	NA	NA	NA	NA	NA	NA	NA	NA	NA	NA	NA	NA	NA	NA	NA	NA	NA	NA	NA	NA	NA	NA	NA	NA	NA	NA	NA	NA	NA	NA	NA	NA	NA	NA	NA	NA	NA	NA	NA	NA	NA	NA	NA	NA	NA	NA	NA	NA	NA	NA	NA	NA	NA	NA	NA	NA	NA	NA	NA	NA	NA	NA	NA	NA	NA	NA	NA	NA	NA	NA	NA	NA	NA	NA	NA	NA	NA	NA	NA	NA	NA	NA	NA	NA	NA	NA	NA	NA	NA	NA
SAMN13999830	ID_2261496	SAMN13999830	NA	zaheer2020	NA	NA	NA	NA	NA	NA	NA	NA	NA	NA	NA	NA	NA	NA	NA	NA	NA	NA	NA	NA	NA	NA	NA	NA	NA	NA	NA	NA	NA	NA	NA	NA	NA	NA	NA	NA	NA	NA	NA	NA	NA	NA	NA	NA	NA	NA	NA	NA	NA	NA	NA	NA	NA	NA	NA	NA	NA	NA	NA	NA	NA	NA	NA	NA	NA	NA	NA	NA	NA	NA	NA	NA	NA	NA	NA	NA	NA	NA	NA	NA	NA	NA	NA	NA	NA	NA	NA	NA	NA	NA	NA	NA	NA	NA	NA	NA	NA	NA	NA	NA	NA	NA	NA	NA	NA	NA	NA	NA	NA	NA	NA	NA	NA	NA	NA	NA	NA	NA	NA	NA	NA	NA	NA	NA	NA	NA	NA	NA	NA	NA	NA	NA	NA	NA	NA	NA	NA	NA	NA
SAMN13999831	ID_7399950	SAMN13999831	NA	zaheer2020	NA	NA	NA	NA	NA	NA	NA	NA	NA	NA	NA	NA	NA	NA	NA	NA	NA	NA	NA	NA	NA	NA	NA	NA	NA	NA	NA	NA	NA	NA	NA	NA	NA	NA	NA	NA	NA	NA	NA	NA	NA	NA	NA	NA	NA	NA	NA	NA	NA	NA	NA	NA	NA	NA	NA	NA	NA	NA	NA	NA	NA	NA	NA	NA	NA	NA	NA	NA	NA	NA	NA	NA	NA	NA	NA	NA	NA	NA	NA	NA	NA	NA	NA	NA	NA	NA	NA	NA	NA	NA	NA	NA	NA	NA	NA	NA	NA	NA	NA	NA	NA	NA	NA	NA	NA	NA	NA	NA	NA	NA	NA	NA	NA	NA	NA	NA	NA	NA	NA	NA	NA	NA	NA	NA	NA	NA	NA	NA	NA	NA	NA	NA	NA	NA	NA	NA	NA	NA	NA
SAMN13999832	ID_8720052	SAMN13999832	NA	zaheer2020	NA	NA	NA	NA	NA	NA	NA	NA	NA	NA	NA	NA	NA	NA	NA	NA	NA	NA	NA	NA	NA	NA	NA	NA	NA	NA	NA	NA	NA	NA	NA	NA	NA	NA	NA	NA	NA	NA	NA	NA	NA	NA	NA	NA	NA	NA	NA	NA	NA	NA	NA	NA	NA	NA	NA	NA	NA	NA	NA	NA	NA	NA	NA	NA	NA	NA	NA	NA	NA	NA	NA	NA	NA	NA	NA	NA	NA	NA	NA	NA	NA	NA	NA	NA	NA	NA	NA	NA	NA	NA	NA	NA	NA	NA	NA	NA	NA	NA	NA	NA	NA	NA	NA	NA	NA	NA	NA	NA	NA	NA	NA	NA	NA	NA	NA	NA	NA	NA	NA	NA	NA	NA	NA	NA	NA	NA	NA	NA	NA	NA	NA	NA	NA	NA	NA	NA	NA	NA	NA
SAMN13999833	ID_1756836	SAMN13999833	NA	zaheer2020	NA	NA	NA	NA	NA	NA	NA	NA	NA	NA	NA	NA	NA	NA	NA	NA	NA	NA	NA	NA	NA	NA	NA	NA	NA	NA	NA	NA	NA	NA	NA	NA	NA	NA	NA	NA	NA	NA	NA	NA	NA	NA	NA	NA	NA	NA	NA	NA	NA	NA	NA	NA	NA	NA	NA	NA	NA	NA	NA	NA	NA	NA	NA	NA	NA	NA	NA	NA	NA	NA	NA	NA	NA	NA	NA	NA	NA	NA	NA	NA	NA	NA	NA	NA	NA	NA	NA	NA	NA	NA	NA	NA	NA	NA	NA	NA	NA	NA	NA	NA	NA	NA	NA	NA	NA	NA	NA	NA	NA	NA	NA	NA	NA	NA	NA	NA	NA	NA	NA	NA	NA	NA	NA	NA	NA	NA	NA	NA	NA	NA	NA	NA	NA	NA	NA	NA	NA	NA	NA
SAMN13999834	ID_2471736	SAMN13999834	NA	zaheer2020	NA	NA	NA	NA	NA	NA	NA	NA	NA	NA	NA	NA	NA	NA	NA	NA	NA	NA	NA	NA	NA	NA	NA	NA	NA	NA	NA	NA	NA	NA	NA	NA	NA	NA	NA	NA	NA	NA	NA	NA	NA	NA	NA	NA	NA	NA	NA	NA	NA	NA	NA	NA	NA	NA	NA	NA	NA	NA	NA	NA	NA	NA	NA	NA	NA	NA	NA	NA	NA	NA	NA	NA	NA	NA	NA	NA	NA	NA	NA	NA	NA	NA	NA	NA	NA	NA	NA	NA	NA	NA	NA	NA	NA	NA	NA	NA	NA	NA	NA	NA	NA	NA	NA	NA	NA	NA	NA	NA	NA	NA	NA	NA	NA	NA	NA	NA	NA	NA	NA	NA	NA	NA	NA	NA	NA	NA	NA	NA	NA	NA	NA	NA	NA	NA	NA	NA	NA	NA	NA
SAMN13999835	ID_3277944	SAMN13999835	NA	zaheer2020	NA	NA	NA	NA	NA	NA	NA	NA	NA	NA	NA	NA	NA	NA	NA	NA	NA	NA	NA	NA	NA	NA	NA	NA	NA	NA	NA	NA	NA	NA	NA	NA	NA	NA	NA	NA	NA	NA	NA	NA	NA	NA	NA	NA	NA	NA	NA	NA	NA	NA	NA	NA	NA	NA	NA	NA	NA	NA	NA	NA	NA	NA	NA	NA	NA	NA	NA	NA	NA	NA	NA	NA	NA	NA	NA	NA	NA	NA	NA	NA	NA	NA	NA	NA	NA	NA	NA	NA	NA	NA	NA	NA	NA	NA	NA	NA	NA	NA	NA	NA	NA	NA	NA	NA	NA	NA	NA	NA	NA	NA	NA	NA	NA	NA	NA	NA	NA	NA	NA	NA	NA	NA	NA	NA	NA	NA	NA	NA	NA	NA	NA	NA	NA	NA	NA	NA	NA	NA	NA
SAMN13999836	ID_6565050	SAMN13999836	NA	zaheer2020	NA	NA	NA	NA	NA	NA	NA	NA	NA	NA	NA	NA	NA	NA	NA	NA	NA	NA	NA	NA	NA	NA	NA	NA	NA	NA	NA	NA	NA	NA	NA	NA	NA	NA	NA	NA	NA	NA	NA	NA	NA	NA	NA	NA	NA	NA	NA	NA	NA	NA	NA	NA	NA	NA	NA	NA	NA	NA	NA	NA	NA	NA	NA	NA	NA	NA	NA	NA	NA	NA	NA	NA	NA	NA	NA	NA	NA	NA	NA	NA	NA	NA	NA	NA	NA	NA	NA	NA	NA	NA	NA	NA	NA	NA	NA	NA	NA	NA	NA	NA	NA	NA	NA	NA	NA	NA	NA	NA	NA	NA	NA	NA	NA	NA	NA	NA	NA	NA	NA	NA	NA	NA	NA	NA	NA	NA	NA	NA	NA	NA	NA	NA	NA	NA	NA	NA	NA	NA	NA
SAMN13999837	ID_2738107	SAMN13999837	NA	zaheer2020	NA	NA	NA	NA	NA	NA	NA	NA	NA	NA	NA	NA	NA	NA	NA	NA	NA	NA	NA	NA	NA	NA	NA	NA	NA	NA	NA	NA	NA	NA	NA	NA	NA	NA	NA	NA	NA	NA	NA	NA	NA	NA	NA	NA	NA	NA	NA	NA	NA	NA	NA	NA	NA	NA	NA	NA	NA	NA	NA	NA	NA	NA	NA	NA	NA	NA	NA	NA	NA	NA	NA	NA	NA	NA	NA	NA	NA	NA	NA	NA	NA	NA	NA	NA	NA	NA	NA	NA	NA	NA	NA	NA	NA	NA	NA	NA	NA	NA	NA	NA	NA	NA	NA	NA	NA	NA	NA	NA	NA	NA	NA	NA	NA	NA	NA	NA	NA	NA	NA	NA	NA	NA	NA	NA	NA	NA	NA	NA	NA	NA	NA	NA	NA	NA	NA	NA	NA	NA	NA
SAMN13999838	ID_5860848	SAMN13999838	NA	zaheer2020	NA	NA	NA	NA	NA	NA	NA	NA	NA	NA	NA	NA	NA	NA	NA	NA	NA	NA	NA	NA	NA	NA	NA	NA	NA	NA	NA	NA	NA	NA	NA	NA	NA	NA	NA	NA	NA	NA	NA	NA	NA	NA	NA	NA	NA	NA	NA	NA	NA	NA	NA	NA	NA	NA	NA	NA	NA	NA	NA	NA	NA	NA	NA	NA	NA	NA	NA	NA	NA	NA	NA	NA	NA	NA	NA	NA	NA	NA	NA	NA	NA	NA	NA	NA	NA	NA	NA	NA	NA	NA	NA	NA	NA	NA	NA	NA	NA	NA	NA	NA	NA	NA	NA	NA	NA	NA	NA	NA	NA	NA	NA	NA	NA	NA	NA	NA	NA	NA	NA	NA	NA	NA	NA	NA	NA	NA	NA	NA	NA	NA	NA	NA	NA	NA	NA	NA	NA	NA	NA
SAMN13999839	ID_2704407	SAMN13999839	NA	zaheer2020	NA	NA	NA	NA	NA	NA	NA	NA	NA	NA	NA	NA	NA	NA	NA	NA	NA	NA	NA	NA	NA	NA	NA	NA	NA	NA	NA	NA	NA	NA	NA	NA	NA	NA	NA	NA	NA	NA	NA	NA	NA	NA	NA	NA	NA	NA	NA	NA	NA	NA	NA	NA	NA	NA	NA	NA	NA	NA	NA	NA	NA	NA	NA	NA	NA	NA	NA	NA	NA	NA	NA	NA	NA	NA	NA	NA	NA	NA	NA	NA	NA	NA	NA	NA	NA	NA	NA	NA	NA	NA	NA	NA	NA	NA	NA	NA	NA	NA	NA	NA	NA	NA	NA	NA	NA	NA	NA	NA	NA	NA	NA	NA	NA	NA	NA	NA	NA	NA	NA	NA	NA	NA	NA	NA	NA	NA	NA	NA	NA	NA	NA	NA	NA	NA	NA	NA	NA	NA	NA
SRR13712576	ID_1140833	SRR13712576	NA	zaheer2020	S	disk_diffusion_CLSI	NA	S	disk_diffusion_CLSI	NA	S	disk_diffusion_CLSI	NA	I	disk_diffusion_CLSI	NA	S	disk_diffusion_CLSI	NA	S	disk_diffusion_CLSI	NA	S	disk_diffusion_CLSI	NA	S	disk_diffusion_CLSI	NA	NA	NA	NA	NA	NA	NA	NA	NA	NA	NA	NA	NA	R	disk_diffusion_CLSI	NA	NA	NA	NA	NA	NA	NA	NA	NA	S	disk_diffusion_CLSI	NA	S	disk_diffusion_CLSI	NA	NA	NA	NA	NA	NA	NA	NA	NA	NA	NA	NA	NA	NA	NA	NA	NA	NA	NA	NA	NA	NA	NA	NA	NA	NA	NA	NA	NA	NA	NA	NA	NA	NA	NA	NA	NA	NA	NA	NA	NA	NA	NA	NA	NA	NA	NA	NA	NA	NA	NA	NA	NA	NA	NA	NA	NA	NA	NA	NA	NA	NA	NA	NA	NA	NA	NA	NA	NA	NA	NA	NA	NA	NA	NA	NA	NA	NA	NA	NA	NA	NA	NA	NA	NA	NA	NA
SRR13725703	ID_5432907	SRR13725703	NA	zaheer2020	R	disk_diffusion_CLSI	NA	S	disk_diffusion_CLSI	NA	S	disk_diffusion_CLSI	NA	R	disk_diffusion_CLSI	NA	S	disk_diffusion_CLSI	NA	S	disk_diffusion_CLSI	NA	S	disk_diffusion_CLSI	NA	R	disk_diffusion_CLSI	NA	NA	NA	NA	NA	NA	NA	NA	NA	NA	NA	NA	NA	R	disk_diffusion_CLSI	NA	NA	NA	NA	NA	NA	NA	NA	NA	S	disk_diffusion_CLSI	NA	R	disk_diffusion_CLSI	NA	NA	NA	NA	NA	NA	NA	NA	NA	NA	NA	NA	NA	NA	NA	NA	NA	NA	NA	NA	NA	NA	NA	NA	NA	NA	NA	NA	NA	NA	NA	NA	NA	NA	NA	NA	NA	NA	NA	NA	NA	NA	NA	NA	NA	NA	NA	NA	NA	NA	NA	NA	NA	NA	NA	NA	NA	NA	NA	NA	NA	NA	NA	NA	NA	NA	NA	NA	NA	NA	NA	NA	NA	NA	NA	NA	NA	NA	NA	NA	NA	NA	NA	NA	NA	NA	NA
SRR13712494	ID_4140887	SRR13712494	NA	zaheer2020	S	disk_diffusion_CLSI	NA	S	disk_diffusion_CLSI	NA	S	disk_diffusion_CLSI	NA	R	disk_diffusion_CLSI	NA	S	disk_diffusion_CLSI	NA	S	disk_diffusion_CLSI	NA	S	disk_diffusion_CLSI	NA	S	disk_diffusion_CLSI	NA	NA	NA	NA	NA	NA	NA	NA	NA	NA	NA	NA	NA	R	disk_diffusion_CLSI	NA	NA	NA	NA	NA	NA	NA	NA	NA	S	disk_diffusion_CLSI	NA	S	disk_diffusion_CLSI	NA	NA	NA	NA	NA	NA	NA	NA	NA	NA	NA	NA	NA	NA	NA	NA	NA	NA	NA	NA	NA	NA	NA	NA	NA	NA	NA	NA	NA	NA	NA	NA	NA	NA	NA	NA	NA	NA	NA	NA	NA	NA	NA	NA	NA	NA	NA	NA	NA	NA	NA	NA	NA	NA	NA	NA	NA	NA	NA	NA	NA	NA	NA	NA	NA	NA	NA	NA	NA	NA	NA	NA	NA	NA	NA	NA	NA	NA	NA	NA	NA	NA	NA	NA	NA	NA	NA
SRR13712551	ID_8325639	SRR13712551	NA	zaheer2020	S	disk_diffusion_CLSI	NA	S	disk_diffusion_CLSI	NA	S	disk_diffusion_CLSI	NA	R	disk_diffusion_CLSI	NA	S	disk_diffusion_CLSI	NA	S	disk_diffusion_CLSI	NA	S	disk_diffusion_CLSI	NA	R	disk_diffusion_CLSI	NA	NA	NA	NA	NA	NA	NA	NA	NA	NA	NA	NA	NA	R	disk_diffusion_CLSI	NA	NA	NA	NA	NA	NA	NA	NA	NA	S	disk_diffusion_CLSI	NA	R	disk_diffusion_CLSI	NA	NA	NA	NA	NA	NA	NA	NA	NA	NA	NA	NA	NA	NA	NA	NA	NA	NA	NA	NA	NA	NA	NA	NA	NA	NA	NA	NA	NA	NA	NA	NA	NA	NA	NA	NA	NA	NA	NA	NA	NA	NA	NA	NA	NA	NA	NA	NA	NA	NA	NA	NA	NA	NA	NA	NA	NA	NA	NA	NA	NA	NA	NA	NA	NA	NA	NA	NA	NA	NA	NA	NA	NA	NA	NA	NA	NA	NA	NA	NA	NA	NA	NA	NA	NA	NA	NA
SRR13712495	ID_8776047	SRR13712495	NA	zaheer2020	S	disk_diffusion_CLSI	NA	S	disk_diffusion_CLSI	NA	S	disk_diffusion_CLSI	NA	R	disk_diffusion_CLSI	NA	S	disk_diffusion_CLSI	NA	S	disk_diffusion_CLSI	NA	S	disk_diffusion_CLSI	NA	S	disk_diffusion_CLSI	NA	NA	NA	NA	NA	NA	NA	NA	NA	NA	NA	NA	NA	R	disk_diffusion_CLSI	NA	NA	NA	NA	NA	NA	NA	NA	NA	S	disk_diffusion_CLSI	NA	I	disk_diffusion_CLSI	NA	NA	NA	NA	NA	NA	NA	NA	NA	NA	NA	NA	NA	NA	NA	NA	NA	NA	NA	NA	NA	NA	NA	NA	NA	NA	NA	NA	NA	NA	NA	NA	NA	NA	NA	NA	NA	NA	NA	NA	NA	NA	NA	NA	NA	NA	NA	NA	NA	NA	NA	NA	NA	NA	NA	NA	NA	NA	NA	NA	NA	NA	NA	NA	NA	NA	NA	NA	NA	NA	NA	NA	NA	NA	NA	NA	NA	NA	NA	NA	NA	NA	NA	NA	NA	NA	NA
SRR13725690	ID_6794205	SRR13725690	NA	zaheer2020	S	disk_diffusion_CLSI	NA	I	disk_diffusion_CLSI	NA	S	disk_diffusion_CLSI	NA	R	disk_diffusion_CLSI	NA	S	disk_diffusion_CLSI	NA	S	disk_diffusion_CLSI	NA	S	disk_diffusion_CLSI	NA	S	disk_diffusion_CLSI	NA	NA	NA	NA	NA	NA	NA	NA	NA	NA	NA	NA	NA	R	disk_diffusion_CLSI	NA	NA	NA	NA	NA	NA	NA	NA	NA	S	disk_diffusion_CLSI	NA	R	disk_diffusion_CLSI	NA	NA	NA	NA	NA	NA	NA	NA	NA	NA	NA	NA	NA	NA	NA	NA	NA	NA	NA	NA	NA	NA	NA	NA	NA	NA	NA	NA	NA	NA	NA	NA	NA	NA	NA	NA	NA	NA	NA	NA	NA	NA	NA	NA	NA	NA	NA	NA	NA	NA	NA	NA	NA	NA	NA	NA	NA	NA	NA	NA	NA	NA	NA	NA	NA	NA	NA	NA	NA	NA	NA	NA	NA	NA	NA	NA	NA	NA	NA	NA	NA	NA	NA	NA	NA	NA	NA
SRR13712504	ID_4714488	SRR13712504	NA	zaheer2020	S	disk_diffusion_CLSI	NA	S	disk_diffusion_CLSI	NA	S	disk_diffusion_CLSI	NA	I	disk_diffusion_CLSI	NA	S	disk_diffusion_CLSI	NA	S	disk_diffusion_CLSI	NA	S	disk_diffusion_CLSI	NA	S	disk_diffusion_CLSI	NA	NA	NA	NA	NA	NA	NA	NA	NA	NA	NA	NA	NA	I	disk_diffusion_CLSI	NA	NA	NA	NA	NA	NA	NA	NA	NA	S	disk_diffusion_CLSI	NA	S	disk_diffusion_CLSI	NA	NA	NA	NA	NA	NA	NA	NA	NA	NA	NA	NA	NA	NA	NA	NA	NA	NA	NA	NA	NA	NA	NA	NA	NA	NA	NA	NA	NA	NA	NA	NA	NA	NA	NA	NA	NA	NA	NA	NA	NA	NA	NA	NA	NA	NA	NA	NA	NA	NA	NA	NA	NA	NA	NA	NA	NA	NA	NA	NA	NA	NA	NA	NA	NA	NA	NA	NA	NA	NA	NA	NA	NA	NA	NA	NA	NA	NA	NA	NA	NA	NA	NA	NA	NA	NA	NA
SRR13712526	ID_4684348	SRR13712526	NA	zaheer2020	S	disk_diffusion_CLSI	NA	I	disk_diffusion_CLSI	NA	S	disk_diffusion_CLSI	NA	I	disk_diffusion_CLSI	NA	S	disk_diffusion_CLSI	NA	S	disk_diffusion_CLSI	NA	S	disk_diffusion_CLSI	NA	S	disk_diffusion_CLSI	NA	NA	NA	NA	NA	NA	NA	NA	NA	NA	NA	NA	NA	I	disk_diffusion_CLSI	NA	NA	NA	NA	NA	NA	NA	NA	NA	S	disk_diffusion_CLSI	NA	S	disk_diffusion_CLSI	NA	NA	NA	NA	NA	NA	NA	NA	NA	NA	NA	NA	NA	NA	NA	NA	NA	NA	NA	NA	NA	NA	NA	NA	NA	NA	NA	NA	NA	NA	NA	NA	NA	NA	NA	NA	NA	NA	NA	NA	NA	NA	NA	NA	NA	NA	NA	NA	NA	NA	NA	NA	NA	NA	NA	NA	NA	NA	NA	NA	NA	NA	NA	NA	NA	NA	NA	NA	NA	NA	NA	NA	NA	NA	NA	NA	NA	NA	NA	NA	NA	NA	NA	NA	NA	NA	NA
SRR13712513	ID_5700268	SRR13712513	NA	zaheer2020	R	disk_diffusion_CLSI	NA	S	disk_diffusion_CLSI	NA	S	disk_diffusion_CLSI	NA	R	disk_diffusion_CLSI	NA	S	disk_diffusion_CLSI	NA	S	disk_diffusion_CLSI	NA	S	disk_diffusion_CLSI	NA	R	disk_diffusion_CLSI	NA	NA	NA	NA	NA	NA	NA	NA	NA	NA	NA	NA	NA	R	disk_diffusion_CLSI	NA	NA	NA	NA	NA	NA	NA	NA	NA	S	disk_diffusion_CLSI	NA	R	disk_diffusion_CLSI	NA	NA	NA	NA	NA	NA	NA	NA	NA	NA	NA	NA	NA	NA	NA	NA	NA	NA	NA	NA	NA	NA	NA	NA	NA	NA	NA	NA	NA	NA	NA	NA	NA	NA	NA	NA	NA	NA	NA	NA	NA	NA	NA	NA	NA	NA	NA	NA	NA	NA	NA	NA	NA	NA	NA	NA	NA	NA	NA	NA	NA	NA	NA	NA	NA	NA	NA	NA	NA	NA	NA	NA	NA	NA	NA	NA	NA	NA	NA	NA	NA	NA	NA	NA	NA	NA	NA
SRR13712499	ID_8494406	SRR13712499	NA	zaheer2020	S	disk_diffusion_CLSI	NA	I	disk_diffusion_CLSI	NA	S	disk_diffusion_CLSI	NA	I	disk_diffusion_CLSI	NA	S	disk_diffusion_CLSI	NA	S	disk_diffusion_CLSI	NA	S	disk_diffusion_CLSI	NA	S	disk_diffusion_CLSI	NA	NA	NA	NA	NA	NA	NA	NA	NA	NA	NA	NA	NA	I	disk_diffusion_CLSI	NA	NA	NA	NA	NA	NA	NA	NA	NA	S	disk_diffusion_CLSI	NA	S	disk_diffusion_CLSI	NA	NA	NA	NA	NA	NA	NA	NA	NA	NA	NA	NA	NA	NA	NA	NA	NA	NA	NA	NA	NA	NA	NA	NA	NA	NA	NA	NA	NA	NA	NA	NA	NA	NA	NA	NA	NA	NA	NA	NA	NA	NA	NA	NA	NA	NA	NA	NA	NA	NA	NA	NA	NA	NA	NA	NA	NA	NA	NA	NA	NA	NA	NA	NA	NA	NA	NA	NA	NA	NA	NA	NA	NA	NA	NA	NA	NA	NA	NA	NA	NA	NA	NA	NA	NA	NA	NA
SRR13712546	ID_6729049	SRR13712546	NA	zaheer2020	S	disk_diffusion_CLSI	NA	S	disk_diffusion_CLSI	NA	S	disk_diffusion_CLSI	NA	I	disk_diffusion_CLSI	NA	S	disk_diffusion_CLSI	NA	S	disk_diffusion_CLSI	NA	S	disk_diffusion_CLSI	NA	S	disk_diffusion_CLSI	NA	NA	NA	NA	NA	NA	NA	NA	NA	NA	NA	NA	NA	I	disk_diffusion_CLSI	NA	NA	NA	NA	NA	NA	NA	NA	NA	S	disk_diffusion_CLSI	NA	S	disk_diffusion_CLSI	NA	NA	NA	NA	NA	NA	NA	NA	NA	NA	NA	NA	NA	NA	NA	NA	NA	NA	NA	NA	NA	NA	NA	NA	NA	NA	NA	NA	NA	NA	NA	NA	NA	NA	NA	NA	NA	NA	NA	NA	NA	NA	NA	NA	NA	NA	NA	NA	NA	NA	NA	NA	NA	NA	NA	NA	NA	NA	NA	NA	NA	NA	NA	NA	NA	NA	NA	NA	NA	NA	NA	NA	NA	NA	NA	NA	NA	NA	NA	NA	NA	NA	NA	NA	NA	NA	NA
SRR13712570	ID_6155196	SRR13712570	NA	zaheer2020	R	disk_diffusion_CLSI	NA	S	disk_diffusion_CLSI	NA	S	disk_diffusion_CLSI	NA	R	disk_diffusion_CLSI	NA	S	disk_diffusion_CLSI	NA	S	disk_diffusion_CLSI	NA	S	disk_diffusion_CLSI	NA	R	disk_diffusion_CLSI	NA	NA	NA	NA	NA	NA	NA	NA	NA	NA	NA	NA	NA	R	disk_diffusion_CLSI	NA	NA	NA	NA	NA	NA	NA	NA	NA	S	disk_diffusion_CLSI	NA	I	disk_diffusion_CLSI	NA	NA	NA	NA	NA	NA	NA	NA	NA	NA	NA	NA	NA	NA	NA	NA	NA	NA	NA	NA	NA	NA	NA	NA	NA	NA	NA	NA	NA	NA	NA	NA	NA	NA	NA	NA	NA	NA	NA	NA	NA	NA	NA	NA	NA	NA	NA	NA	NA	NA	NA	NA	NA	NA	NA	NA	NA	NA	NA	NA	NA	NA	NA	NA	NA	NA	NA	NA	NA	NA	NA	NA	NA	NA	NA	NA	NA	NA	NA	NA	NA	NA	NA	NA	NA	NA	NA
SRR13712515	ID_2196505	SRR13712515	NA	zaheer2020	S	disk_diffusion_CLSI	NA	S	disk_diffusion_CLSI	NA	S	disk_diffusion_CLSI	NA	I	disk_diffusion_CLSI	NA	S	disk_diffusion_CLSI	NA	S	disk_diffusion_CLSI	NA	S	disk_diffusion_CLSI	NA	S	disk_diffusion_CLSI	NA	NA	NA	NA	NA	NA	NA	NA	NA	NA	NA	NA	NA	R	disk_diffusion_CLSI	NA	NA	NA	NA	NA	NA	NA	NA	NA	S	disk_diffusion_CLSI	NA	I	disk_diffusion_CLSI	NA	NA	NA	NA	NA	NA	NA	NA	NA	NA	NA	NA	NA	NA	NA	NA	NA	NA	NA	NA	NA	NA	NA	NA	NA	NA	NA	NA	NA	NA	NA	NA	NA	NA	NA	NA	NA	NA	NA	NA	NA	NA	NA	NA	NA	NA	NA	NA	NA	NA	NA	NA	NA	NA	NA	NA	NA	NA	NA	NA	NA	NA	NA	NA	NA	NA	NA	NA	NA	NA	NA	NA	NA	NA	NA	NA	NA	NA	NA	NA	NA	NA	NA	NA	NA	NA	NA
SRR13712601	ID_3440800	SRR13712601	NA	zaheer2020	I	disk_diffusion_CLSI	NA	S	disk_diffusion_CLSI	NA	S	disk_diffusion_CLSI	NA	R	disk_diffusion_CLSI	NA	S	disk_diffusion_CLSI	NA	S	disk_diffusion_CLSI	NA	S	disk_diffusion_CLSI	NA	R	disk_diffusion_CLSI	NA	NA	NA	NA	NA	NA	NA	NA	NA	NA	NA	NA	NA	R	disk_diffusion_CLSI	NA	NA	NA	NA	NA	NA	NA	NA	NA	S	disk_diffusion_CLSI	NA	I	disk_diffusion_CLSI	NA	NA	NA	NA	NA	NA	NA	NA	NA	NA	NA	NA	NA	NA	NA	NA	NA	NA	NA	NA	NA	NA	NA	NA	NA	NA	NA	NA	NA	NA	NA	NA	NA	NA	NA	NA	NA	NA	NA	NA	NA	NA	NA	NA	NA	NA	NA	NA	NA	NA	NA	NA	NA	NA	NA	NA	NA	NA	NA	NA	NA	NA	NA	NA	NA	NA	NA	NA	NA	NA	NA	NA	NA	NA	NA	NA	NA	NA	NA	NA	NA	NA	NA	NA	NA	NA	NA
SRR13712595	ID_8343787	SRR13712595	NA	zaheer2020	S	disk_diffusion_CLSI	NA	S	disk_diffusion_CLSI	NA	S	disk_diffusion_CLSI	NA	R	disk_diffusion_CLSI	NA	S	disk_diffusion_CLSI	NA	S	disk_diffusion_CLSI	NA	S	disk_diffusion_CLSI	NA	S	disk_diffusion_CLSI	NA	NA	NA	NA	NA	NA	NA	NA	NA	NA	NA	NA	NA	R	disk_diffusion_CLSI	NA	NA	NA	NA	NA	NA	NA	NA	NA	S	disk_diffusion_CLSI	NA	R	disk_diffusion_CLSI	NA	NA	NA	NA	NA	NA	NA	NA	NA	NA	NA	NA	NA	NA	NA	NA	NA	NA	NA	NA	NA	NA	NA	NA	NA	NA	NA	NA	NA	NA	NA	NA	NA	NA	NA	NA	NA	NA	NA	NA	NA	NA	NA	NA	NA	NA	NA	NA	NA	NA	NA	NA	NA	NA	NA	NA	NA	NA	NA	NA	NA	NA	NA	NA	NA	NA	NA	NA	NA	NA	NA	NA	NA	NA	NA	NA	NA	NA	NA	NA	NA	NA	NA	NA	NA	NA	NA
SRR13726556	ID_4663159	SRR13726556	NA	zaheer2020	S	disk_diffusion_CLSI	NA	S	disk_diffusion_CLSI	NA	S	disk_diffusion_CLSI	NA	R	disk_diffusion_CLSI	NA	S	disk_diffusion_CLSI	NA	S	disk_diffusion_CLSI	NA	S	disk_diffusion_CLSI	NA	S	disk_diffusion_CLSI	NA	NA	NA	NA	NA	NA	NA	NA	NA	NA	NA	NA	NA	R	disk_diffusion_CLSI	NA	NA	NA	NA	NA	NA	NA	NA	NA	S	disk_diffusion_CLSI	NA	R	disk_diffusion_CLSI	NA	NA	NA	NA	NA	NA	NA	NA	NA	NA	NA	NA	NA	NA	NA	NA	NA	NA	NA	NA	NA	NA	NA	NA	NA	NA	NA	NA	NA	NA	NA	NA	NA	NA	NA	NA	NA	NA	NA	NA	NA	NA	NA	NA	NA	NA	NA	NA	NA	NA	NA	NA	NA	NA	NA	NA	NA	NA	NA	NA	NA	NA	NA	NA	NA	NA	NA	NA	NA	NA	NA	NA	NA	NA	NA	NA	NA	NA	NA	NA	NA	NA	NA	NA	NA	NA	NA
SRR13712573	ID_4105377	SRR13712573	NA	zaheer2020	S	disk_diffusion_CLSI	NA	S	disk_diffusion_CLSI	NA	S	disk_diffusion_CLSI	NA	R	disk_diffusion_CLSI	NA	S	disk_diffusion_CLSI	NA	S	disk_diffusion_CLSI	NA	S	disk_diffusion_CLSI	NA	S	disk_diffusion_CLSI	NA	NA	NA	NA	NA	NA	NA	NA	NA	NA	NA	NA	NA	R	disk_diffusion_CLSI	NA	NA	NA	NA	NA	NA	NA	NA	NA	S	disk_diffusion_CLSI	NA	S	disk_diffusion_CLSI	NA	NA	NA	NA	NA	NA	NA	NA	NA	NA	NA	NA	NA	NA	NA	NA	NA	NA	NA	NA	NA	NA	NA	NA	NA	NA	NA	NA	NA	NA	NA	NA	NA	NA	NA	NA	NA	NA	NA	NA	NA	NA	NA	NA	NA	NA	NA	NA	NA	NA	NA	NA	NA	NA	NA	NA	NA	NA	NA	NA	NA	NA	NA	NA	NA	NA	NA	NA	NA	NA	NA	NA	NA	NA	NA	NA	NA	NA	NA	NA	NA	NA	NA	NA	NA	NA	NA
SRR13712577	ID_8007852	SRR13712577	NA	zaheer2020	R	disk_diffusion_CLSI	NA	S	disk_diffusion_CLSI	NA	S	disk_diffusion_CLSI	NA	R	disk_diffusion_CLSI	NA	S	disk_diffusion_CLSI	NA	S	disk_diffusion_CLSI	NA	S	disk_diffusion_CLSI	NA	S	disk_diffusion_CLSI	NA	NA	NA	NA	NA	NA	NA	NA	NA	NA	NA	NA	NA	R	disk_diffusion_CLSI	NA	NA	NA	NA	NA	NA	NA	NA	NA	S	disk_diffusion_CLSI	NA	I	disk_diffusion_CLSI	NA	NA	NA	NA	NA	NA	NA	NA	NA	NA	NA	NA	NA	NA	NA	NA	NA	NA	NA	NA	NA	NA	NA	NA	NA	NA	NA	NA	NA	NA	NA	NA	NA	NA	NA	NA	NA	NA	NA	NA	NA	NA	NA	NA	NA	NA	NA	NA	NA	NA	NA	NA	NA	NA	NA	NA	NA	NA	NA	NA	NA	NA	NA	NA	NA	NA	NA	NA	NA	NA	NA	NA	NA	NA	NA	NA	NA	NA	NA	NA	NA	NA	NA	NA	NA	NA	NA
SRR13726514	ID_8119269	SRR13726514	NA	zaheer2020	R	disk_diffusion_CLSI	NA	S	disk_diffusion_CLSI	NA	S	disk_diffusion_CLSI	NA	R	disk_diffusion_CLSI	NA	S	disk_diffusion_CLSI	NA	S	disk_diffusion_CLSI	NA	S	disk_diffusion_CLSI	NA	S	disk_diffusion_CLSI	NA	NA	NA	NA	NA	NA	NA	NA	NA	NA	NA	NA	NA	R	disk_diffusion_CLSI	NA	NA	NA	NA	NA	NA	NA	NA	NA	S	disk_diffusion_CLSI	NA	I	disk_diffusion_CLSI	NA	NA	NA	NA	NA	NA	NA	NA	NA	NA	NA	NA	NA	NA	NA	NA	NA	NA	NA	NA	NA	NA	NA	NA	NA	NA	NA	NA	NA	NA	NA	NA	NA	NA	NA	NA	NA	NA	NA	NA	NA	NA	NA	NA	NA	NA	NA	NA	NA	NA	NA	NA	NA	NA	NA	NA	NA	NA	NA	NA	NA	NA	NA	NA	NA	NA	NA	NA	NA	NA	NA	NA	NA	NA	NA	NA	NA	NA	NA	NA	NA	NA	NA	NA	NA	NA	NA
SRR13712514	ID_6614421	SRR13712514	NA	zaheer2020	R	disk_diffusion_CLSI	NA	I	disk_diffusion_CLSI	NA	S	disk_diffusion_CLSI	NA	R	disk_diffusion_CLSI	NA	S	disk_diffusion_CLSI	NA	S	disk_diffusion_CLSI	NA	S	disk_diffusion_CLSI	NA	R	disk_diffusion_CLSI	NA	NA	NA	NA	NA	NA	NA	NA	NA	NA	NA	NA	NA	R	disk_diffusion_CLSI	NA	NA	NA	NA	NA	NA	NA	NA	NA	S	disk_diffusion_CLSI	NA	R	disk_diffusion_CLSI	NA	NA	NA	NA	NA	NA	NA	NA	NA	NA	NA	NA	NA	NA	NA	NA	NA	NA	NA	NA	NA	NA	NA	NA	NA	NA	NA	NA	NA	NA	NA	NA	NA	NA	NA	NA	NA	NA	NA	NA	NA	NA	NA	NA	NA	NA	NA	NA	NA	NA	NA	NA	NA	NA	NA	NA	NA	NA	NA	NA	NA	NA	NA	NA	NA	NA	NA	NA	NA	NA	NA	NA	NA	NA	NA	NA	NA	NA	NA	NA	NA	NA	NA	NA	NA	NA	NA
SRR13712493	ID_5332152	SRR13712493	NA	zaheer2020	S	disk_diffusion_CLSI	NA	S	disk_diffusion_CLSI	NA	S	disk_diffusion_CLSI	NA	I	disk_diffusion_CLSI	NA	S	disk_diffusion_CLSI	NA	S	disk_diffusion_CLSI	NA	S	disk_diffusion_CLSI	NA	S	disk_diffusion_CLSI	NA	NA	NA	NA	NA	NA	NA	NA	NA	NA	NA	NA	NA	R	disk_diffusion_CLSI	NA	NA	NA	NA	NA	NA	NA	NA	NA	S	disk_diffusion_CLSI	NA	S	disk_diffusion_CLSI	NA	NA	NA	NA	NA	NA	NA	NA	NA	NA	NA	NA	NA	NA	NA	NA	NA	NA	NA	NA	NA	NA	NA	NA	NA	NA	NA	NA	NA	NA	NA	NA	NA	NA	NA	NA	NA	NA	NA	NA	NA	NA	NA	NA	NA	NA	NA	NA	NA	NA	NA	NA	NA	NA	NA	NA	NA	NA	NA	NA	NA	NA	NA	NA	NA	NA	NA	NA	NA	NA	NA	NA	NA	NA	NA	NA	NA	NA	NA	NA	NA	NA	NA	NA	NA	NA	NA
SRR13712550	ID_5188276	SRR13712550	NA	zaheer2020	S	disk_diffusion_CLSI	NA	S	disk_diffusion_CLSI	NA	S	disk_diffusion_CLSI	NA	S	disk_diffusion_CLSI	NA	S	disk_diffusion_CLSI	NA	S	disk_diffusion_CLSI	NA	S	disk_diffusion_CLSI	NA	S	disk_diffusion_CLSI	NA	NA	NA	NA	NA	NA	NA	NA	NA	NA	NA	NA	NA	R	disk_diffusion_CLSI	NA	NA	NA	NA	NA	NA	NA	NA	NA	S	disk_diffusion_CLSI	NA	I	disk_diffusion_CLSI	NA	NA	NA	NA	NA	NA	NA	NA	NA	NA	NA	NA	NA	NA	NA	NA	NA	NA	NA	NA	NA	NA	NA	NA	NA	NA	NA	NA	NA	NA	NA	NA	NA	NA	NA	NA	NA	NA	NA	NA	NA	NA	NA	NA	NA	NA	NA	NA	NA	NA	NA	NA	NA	NA	NA	NA	NA	NA	NA	NA	NA	NA	NA	NA	NA	NA	NA	NA	NA	NA	NA	NA	NA	NA	NA	NA	NA	NA	NA	NA	NA	NA	NA	NA	NA	NA	NA
SRR13725713	ID_7654496	SRR13725713	NA	zaheer2020	S	disk_diffusion_CLSI	NA	S	disk_diffusion_CLSI	NA	S	disk_diffusion_CLSI	NA	I	disk_diffusion_CLSI	NA	S	disk_diffusion_CLSI	NA	S	disk_diffusion_CLSI	NA	S	disk_diffusion_CLSI	NA	S	disk_diffusion_CLSI	NA	NA	NA	NA	NA	NA	NA	NA	NA	NA	NA	NA	NA	R	disk_diffusion_CLSI	NA	NA	NA	NA	NA	NA	NA	NA	NA	S	disk_diffusion_CLSI	NA	S	disk_diffusion_CLSI	NA	NA	NA	NA	NA	NA	NA	NA	NA	NA	NA	NA	NA	NA	NA	NA	NA	NA	NA	NA	NA	NA	NA	NA	NA	NA	NA	NA	NA	NA	NA	NA	NA	NA	NA	NA	NA	NA	NA	NA	NA	NA	NA	NA	NA	NA	NA	NA	NA	NA	NA	NA	NA	NA	NA	NA	NA	NA	NA	NA	NA	NA	NA	NA	NA	NA	NA	NA	NA	NA	NA	NA	NA	NA	NA	NA	NA	NA	NA	NA	NA	NA	NA	NA	NA	NA	NA
SRR13712589	ID_8275104	SRR13712589	NA	zaheer2020	S	disk_diffusion_CLSI	NA	S	disk_diffusion_CLSI	NA	S	disk_diffusion_CLSI	NA	I	disk_diffusion_CLSI	NA	S	disk_diffusion_CLSI	NA	S	disk_diffusion_CLSI	NA	S	disk_diffusion_CLSI	NA	S	disk_diffusion_CLSI	NA	NA	NA	NA	NA	NA	NA	NA	NA	NA	NA	NA	NA	R	disk_diffusion_CLSI	NA	NA	NA	NA	NA	NA	NA	NA	NA	S	disk_diffusion_CLSI	NA	R	disk_diffusion_CLSI	NA	NA	NA	NA	NA	NA	NA	NA	NA	NA	NA	NA	NA	NA	NA	NA	NA	NA	NA	NA	NA	NA	NA	NA	NA	NA	NA	NA	NA	NA	NA	NA	NA	NA	NA	NA	NA	NA	NA	NA	NA	NA	NA	NA	NA	NA	NA	NA	NA	NA	NA	NA	NA	NA	NA	NA	NA	NA	NA	NA	NA	NA	NA	NA	NA	NA	NA	NA	NA	NA	NA	NA	NA	NA	NA	NA	NA	NA	NA	NA	NA	NA	NA	NA	NA	NA	NA
SRR13712596	ID_4910782	SRR13712596	NA	zaheer2020	R	disk_diffusion_CLSI	NA	S	disk_diffusion_CLSI	NA	S	disk_diffusion_CLSI	NA	R	disk_diffusion_CLSI	NA	S	disk_diffusion_CLSI	NA	S	disk_diffusion_CLSI	NA	S	disk_diffusion_CLSI	NA	S	disk_diffusion_CLSI	NA	NA	NA	NA	NA	NA	NA	NA	NA	NA	NA	NA	NA	R	disk_diffusion_CLSI	NA	NA	NA	NA	NA	NA	NA	NA	NA	S	disk_diffusion_CLSI	NA	I	disk_diffusion_CLSI	NA	NA	NA	NA	NA	NA	NA	NA	NA	NA	NA	NA	NA	NA	NA	NA	NA	NA	NA	NA	NA	NA	NA	NA	NA	NA	NA	NA	NA	NA	NA	NA	NA	NA	NA	NA	NA	NA	NA	NA	NA	NA	NA	NA	NA	NA	NA	NA	NA	NA	NA	NA	NA	NA	NA	NA	NA	NA	NA	NA	NA	NA	NA	NA	NA	NA	NA	NA	NA	NA	NA	NA	NA	NA	NA	NA	NA	NA	NA	NA	NA	NA	NA	NA	NA	NA	NA
SRR13712497	ID_6727790	SRR13712497	NA	zaheer2020	S	disk_diffusion_CLSI	NA	S	disk_diffusion_CLSI	NA	S	disk_diffusion_CLSI	NA	I	disk_diffusion_CLSI	NA	S	disk_diffusion_CLSI	NA	S	disk_diffusion_CLSI	NA	S	disk_diffusion_CLSI	NA	S	disk_diffusion_CLSI	NA	NA	NA	NA	NA	NA	NA	NA	NA	NA	NA	NA	NA	R	disk_diffusion_CLSI	NA	NA	NA	NA	NA	NA	NA	NA	NA	S	disk_diffusion_CLSI	NA	I	disk_diffusion_CLSI	NA	NA	NA	NA	NA	NA	NA	NA	NA	NA	NA	NA	NA	NA	NA	NA	NA	NA	NA	NA	NA	NA	NA	NA	NA	NA	NA	NA	NA	NA	NA	NA	NA	NA	NA	NA	NA	NA	NA	NA	NA	NA	NA	NA	NA	NA	NA	NA	NA	NA	NA	NA	NA	NA	NA	NA	NA	NA	NA	NA	NA	NA	NA	NA	NA	NA	NA	NA	NA	NA	NA	NA	NA	NA	NA	NA	NA	NA	NA	NA	NA	NA	NA	NA	NA	NA	NA
SRR13712510	ID_3570508	SRR13712510	NA	zaheer2020	S	disk_diffusion_CLSI	NA	S	disk_diffusion_CLSI	NA	S	disk_diffusion_CLSI	NA	R	disk_diffusion_CLSI	NA	S	disk_diffusion_CLSI	NA	S	disk_diffusion_CLSI	NA	S	disk_diffusion_CLSI	NA	S	disk_diffusion_CLSI	NA	NA	NA	NA	NA	NA	NA	NA	NA	NA	NA	NA	NA	R	disk_diffusion_CLSI	NA	NA	NA	NA	NA	NA	NA	NA	NA	S	disk_diffusion_CLSI	NA	R	disk_diffusion_CLSI	NA	NA	NA	NA	NA	NA	NA	NA	NA	NA	NA	NA	NA	NA	NA	NA	NA	NA	NA	NA	NA	NA	NA	NA	NA	NA	NA	NA	NA	NA	NA	NA	NA	NA	NA	NA	NA	NA	NA	NA	NA	NA	NA	NA	NA	NA	NA	NA	NA	NA	NA	NA	NA	NA	NA	NA	NA	NA	NA	NA	NA	NA	NA	NA	NA	NA	NA	NA	NA	NA	NA	NA	NA	NA	NA	NA	NA	NA	NA	NA	NA	NA	NA	NA	NA	NA	NA
SRR13712544	ID_8690898	SRR13712544	NA	zaheer2020	S	disk_diffusion_CLSI	NA	S	disk_diffusion_CLSI	NA	S	disk_diffusion_CLSI	NA	R	disk_diffusion_CLSI	NA	S	disk_diffusion_CLSI	NA	S	disk_diffusion_CLSI	NA	S	disk_diffusion_CLSI	NA	S	disk_diffusion_CLSI	NA	NA	NA	NA	NA	NA	NA	NA	NA	NA	NA	NA	NA	R	disk_diffusion_CLSI	NA	NA	NA	NA	NA	NA	NA	NA	NA	S	disk_diffusion_CLSI	NA	I	disk_diffusion_CLSI	NA	NA	NA	NA	NA	NA	NA	NA	NA	NA	NA	NA	NA	NA	NA	NA	NA	NA	NA	NA	NA	NA	NA	NA	NA	NA	NA	NA	NA	NA	NA	NA	NA	NA	NA	NA	NA	NA	NA	NA	NA	NA	NA	NA	NA	NA	NA	NA	NA	NA	NA	NA	NA	NA	NA	NA	NA	NA	NA	NA	NA	NA	NA	NA	NA	NA	NA	NA	NA	NA	NA	NA	NA	NA	NA	NA	NA	NA	NA	NA	NA	NA	NA	NA	NA	NA	NA
SRR13726513	ID_6319776	SRR13726513	NA	zaheer2020	S	disk_diffusion_CLSI	NA	S	disk_diffusion_CLSI	NA	S	disk_diffusion_CLSI	NA	R	disk_diffusion_CLSI	NA	S	disk_diffusion_CLSI	NA	S	disk_diffusion_CLSI	NA	S	disk_diffusion_CLSI	NA	S	disk_diffusion_CLSI	NA	NA	NA	NA	NA	NA	NA	NA	NA	NA	NA	NA	NA	R	disk_diffusion_CLSI	NA	NA	NA	NA	NA	NA	NA	NA	NA	S	disk_diffusion_CLSI	NA	R	disk_diffusion_CLSI	NA	NA	NA	NA	NA	NA	NA	NA	NA	NA	NA	NA	NA	NA	NA	NA	NA	NA	NA	NA	NA	NA	NA	NA	NA	NA	NA	NA	NA	NA	NA	NA	NA	NA	NA	NA	NA	NA	NA	NA	NA	NA	NA	NA	NA	NA	NA	NA	NA	NA	NA	NA	NA	NA	NA	NA	NA	NA	NA	NA	NA	NA	NA	NA	NA	NA	NA	NA	NA	NA	NA	NA	NA	NA	NA	NA	NA	NA	NA	NA	NA	NA	NA	NA	NA	NA	NA
SRR13712553	ID_7744522	SRR13712553	NA	zaheer2020	S	disk_diffusion_CLSI	NA	S	disk_diffusion_CLSI	NA	S	disk_diffusion_CLSI	NA	I	disk_diffusion_CLSI	NA	S	disk_diffusion_CLSI	NA	S	disk_diffusion_CLSI	NA	S	disk_diffusion_CLSI	NA	S	disk_diffusion_CLSI	NA	NA	NA	NA	NA	NA	NA	NA	NA	NA	NA	NA	NA	R	disk_diffusion_CLSI	NA	NA	NA	NA	NA	NA	NA	NA	NA	S	disk_diffusion_CLSI	NA	S	disk_diffusion_CLSI	NA	NA	NA	NA	NA	NA	NA	NA	NA	NA	NA	NA	NA	NA	NA	NA	NA	NA	NA	NA	NA	NA	NA	NA	NA	NA	NA	NA	NA	NA	NA	NA	NA	NA	NA	NA	NA	NA	NA	NA	NA	NA	NA	NA	NA	NA	NA	NA	NA	NA	NA	NA	NA	NA	NA	NA	NA	NA	NA	NA	NA	NA	NA	NA	NA	NA	NA	NA	NA	NA	NA	NA	NA	NA	NA	NA	NA	NA	NA	NA	NA	NA	NA	NA	NA	NA	NA
SRR13712538	ID_3350102	SRR13712538	NA	zaheer2020	S	disk_diffusion_CLSI	NA	S	disk_diffusion_CLSI	NA	S	disk_diffusion_CLSI	NA	R	disk_diffusion_CLSI	NA	S	disk_diffusion_CLSI	NA	S	disk_diffusion_CLSI	NA	S	disk_diffusion_CLSI	NA	S	disk_diffusion_CLSI	NA	NA	NA	NA	NA	NA	NA	NA	NA	NA	NA	NA	NA	R	disk_diffusion_CLSI	NA	NA	NA	NA	NA	NA	NA	NA	NA	S	disk_diffusion_CLSI	NA	R	disk_diffusion_CLSI	NA	NA	NA	NA	NA	NA	NA	NA	NA	NA	NA	NA	NA	NA	NA	NA	NA	NA	NA	NA	NA	NA	NA	NA	NA	NA	NA	NA	NA	NA	NA	NA	NA	NA	NA	NA	NA	NA	NA	NA	NA	NA	NA	NA	NA	NA	NA	NA	NA	NA	NA	NA	NA	NA	NA	NA	NA	NA	NA	NA	NA	NA	NA	NA	NA	NA	NA	NA	NA	NA	NA	NA	NA	NA	NA	NA	NA	NA	NA	NA	NA	NA	NA	NA	NA	NA	NA
SRR13712542	ID_6684192	SRR13712542	NA	zaheer2020	S	disk_diffusion_CLSI	NA	S	disk_diffusion_CLSI	NA	S	disk_diffusion_CLSI	NA	R	disk_diffusion_CLSI	NA	S	disk_diffusion_CLSI	NA	S	disk_diffusion_CLSI	NA	S	disk_diffusion_CLSI	NA	S	disk_diffusion_CLSI	NA	NA	NA	NA	NA	NA	NA	NA	NA	NA	NA	NA	NA	R	disk_diffusion_CLSI	NA	NA	NA	NA	NA	NA	NA	NA	NA	S	disk_diffusion_CLSI	NA	R	disk_diffusion_CLSI	NA	NA	NA	NA	NA	NA	NA	NA	NA	NA	NA	NA	NA	NA	NA	NA	NA	NA	NA	NA	NA	NA	NA	NA	NA	NA	NA	NA	NA	NA	NA	NA	NA	NA	NA	NA	NA	NA	NA	NA	NA	NA	NA	NA	NA	NA	NA	NA	NA	NA	NA	NA	NA	NA	NA	NA	NA	NA	NA	NA	NA	NA	NA	NA	NA	NA	NA	NA	NA	NA	NA	NA	NA	NA	NA	NA	NA	NA	NA	NA	NA	NA	NA	NA	NA	NA	NA
SRR13712579	ID_2895011	SRR13712579	NA	zaheer2020	R	disk_diffusion_CLSI	NA	S	disk_diffusion_CLSI	NA	S	disk_diffusion_CLSI	NA	R	disk_diffusion_CLSI	NA	S	disk_diffusion_CLSI	NA	S	disk_diffusion_CLSI	NA	S	disk_diffusion_CLSI	NA	S	disk_diffusion_CLSI	NA	NA	NA	NA	NA	NA	NA	NA	NA	NA	NA	NA	NA	R	disk_diffusion_CLSI	NA	NA	NA	NA	NA	NA	NA	NA	NA	S	disk_diffusion_CLSI	NA	I	disk_diffusion_CLSI	NA	NA	NA	NA	NA	NA	NA	NA	NA	NA	NA	NA	NA	NA	NA	NA	NA	NA	NA	NA	NA	NA	NA	NA	NA	NA	NA	NA	NA	NA	NA	NA	NA	NA	NA	NA	NA	NA	NA	NA	NA	NA	NA	NA	NA	NA	NA	NA	NA	NA	NA	NA	NA	NA	NA	NA	NA	NA	NA	NA	NA	NA	NA	NA	NA	NA	NA	NA	NA	NA	NA	NA	NA	NA	NA	NA	NA	NA	NA	NA	NA	NA	NA	NA	NA	NA	NA
SRR13725700	ID_2932101	SRR13725700	NA	zaheer2020	S	disk_diffusion_CLSI	NA	S	disk_diffusion_CLSI	NA	S	disk_diffusion_CLSI	NA	R	disk_diffusion_CLSI	NA	S	disk_diffusion_CLSI	NA	S	disk_diffusion_CLSI	NA	S	disk_diffusion_CLSI	NA	S	disk_diffusion_CLSI	NA	NA	NA	NA	NA	NA	NA	NA	NA	NA	NA	NA	NA	R	disk_diffusion_CLSI	NA	NA	NA	NA	NA	NA	NA	NA	NA	S	disk_diffusion_CLSI	NA	R	disk_diffusion_CLSI	NA	NA	NA	NA	NA	NA	NA	NA	NA	NA	NA	NA	NA	NA	NA	NA	NA	NA	NA	NA	NA	NA	NA	NA	NA	NA	NA	NA	NA	NA	NA	NA	NA	NA	NA	NA	NA	NA	NA	NA	NA	NA	NA	NA	NA	NA	NA	NA	NA	NA	NA	NA	NA	NA	NA	NA	NA	NA	NA	NA	NA	NA	NA	NA	NA	NA	NA	NA	NA	NA	NA	NA	NA	NA	NA	NA	NA	NA	NA	NA	NA	NA	NA	NA	NA	NA	NA
SRR13712571	ID_5259948	SRR13712571	NA	zaheer2020	S	disk_diffusion_CLSI	NA	S	disk_diffusion_CLSI	NA	S	disk_diffusion_CLSI	NA	I	disk_diffusion_CLSI	NA	S	disk_diffusion_CLSI	NA	S	disk_diffusion_CLSI	NA	S	disk_diffusion_CLSI	NA	S	disk_diffusion_CLSI	NA	NA	NA	NA	NA	NA	NA	NA	NA	NA	NA	NA	NA	R	disk_diffusion_CLSI	NA	NA	NA	NA	NA	NA	NA	NA	NA	S	disk_diffusion_CLSI	NA	S	disk_diffusion_CLSI	NA	NA	NA	NA	NA	NA	NA	NA	NA	NA	NA	NA	NA	NA	NA	NA	NA	NA	NA	NA	NA	NA	NA	NA	NA	NA	NA	NA	NA	NA	NA	NA	NA	NA	NA	NA	NA	NA	NA	NA	NA	NA	NA	NA	NA	NA	NA	NA	NA	NA	NA	NA	NA	NA	NA	NA	NA	NA	NA	NA	NA	NA	NA	NA	NA	NA	NA	NA	NA	NA	NA	NA	NA	NA	NA	NA	NA	NA	NA	NA	NA	NA	NA	NA	NA	NA	NA
SRR13712524	ID_2607200	SRR13712524	NA	zaheer2020	S	disk_diffusion_CLSI	NA	S	disk_diffusion_CLSI	NA	S	disk_diffusion_CLSI	NA	S	disk_diffusion_CLSI	NA	S	disk_diffusion_CLSI	NA	S	disk_diffusion_CLSI	NA	S	disk_diffusion_CLSI	NA	S	disk_diffusion_CLSI	NA	NA	NA	NA	NA	NA	NA	NA	NA	NA	NA	NA	NA	I	disk_diffusion_CLSI	NA	NA	NA	NA	NA	NA	NA	NA	NA	S	disk_diffusion_CLSI	NA	S	disk_diffusion_CLSI	NA	NA	NA	NA	NA	NA	NA	NA	NA	NA	NA	NA	NA	NA	NA	NA	NA	NA	NA	NA	NA	NA	NA	NA	NA	NA	NA	NA	NA	NA	NA	NA	NA	NA	NA	NA	NA	NA	NA	NA	NA	NA	NA	NA	NA	NA	NA	NA	NA	NA	NA	NA	NA	NA	NA	NA	NA	NA	NA	NA	NA	NA	NA	NA	NA	NA	NA	NA	NA	NA	NA	NA	NA	NA	NA	NA	NA	NA	NA	NA	NA	NA	NA	NA	NA	NA	NA
SRR13712500	ID_2272035	SRR13712500	NA	zaheer2020	S	disk_diffusion_CLSI	NA	S	disk_diffusion_CLSI	NA	S	disk_diffusion_CLSI	NA	R	disk_diffusion_CLSI	NA	S	disk_diffusion_CLSI	NA	S	disk_diffusion_CLSI	NA	S	disk_diffusion_CLSI	NA	R	disk_diffusion_CLSI	NA	NA	NA	NA	NA	NA	NA	NA	NA	NA	NA	NA	NA	R	disk_diffusion_CLSI	NA	NA	NA	NA	NA	NA	NA	NA	NA	S	disk_diffusion_CLSI	NA	R	disk_diffusion_CLSI	NA	NA	NA	NA	NA	NA	NA	NA	NA	NA	NA	NA	NA	NA	NA	NA	NA	NA	NA	NA	NA	NA	NA	NA	NA	NA	NA	NA	NA	NA	NA	NA	NA	NA	NA	NA	NA	NA	NA	NA	NA	NA	NA	NA	NA	NA	NA	NA	NA	NA	NA	NA	NA	NA	NA	NA	NA	NA	NA	NA	NA	NA	NA	NA	NA	NA	NA	NA	NA	NA	NA	NA	NA	NA	NA	NA	NA	NA	NA	NA	NA	NA	NA	NA	NA	NA	NA
SRR13712525	ID_2134425	SRR13712525	NA	zaheer2020	S	disk_diffusion_CLSI	NA	S	disk_diffusion_CLSI	NA	S	disk_diffusion_CLSI	NA	R	disk_diffusion_CLSI	NA	S	disk_diffusion_CLSI	NA	S	disk_diffusion_CLSI	NA	S	disk_diffusion_CLSI	NA	S	disk_diffusion_CLSI	NA	NA	NA	NA	NA	NA	NA	NA	NA	NA	NA	NA	NA	R	disk_diffusion_CLSI	NA	NA	NA	NA	NA	NA	NA	NA	NA	S	disk_diffusion_CLSI	NA	R	disk_diffusion_CLSI	NA	NA	NA	NA	NA	NA	NA	NA	NA	NA	NA	NA	NA	NA	NA	NA	NA	NA	NA	NA	NA	NA	NA	NA	NA	NA	NA	NA	NA	NA	NA	NA	NA	NA	NA	NA	NA	NA	NA	NA	NA	NA	NA	NA	NA	NA	NA	NA	NA	NA	NA	NA	NA	NA	NA	NA	NA	NA	NA	NA	NA	NA	NA	NA	NA	NA	NA	NA	NA	NA	NA	NA	NA	NA	NA	NA	NA	NA	NA	NA	NA	NA	NA	NA	NA	NA	NA
SRR13712506	ID_3562321	SRR13712506	NA	zaheer2020	S	disk_diffusion_CLSI	NA	S	disk_diffusion_CLSI	NA	S	disk_diffusion_CLSI	NA	R	disk_diffusion_CLSI	NA	S	disk_diffusion_CLSI	NA	S	disk_diffusion_CLSI	NA	S	disk_diffusion_CLSI	NA	R	disk_diffusion_CLSI	NA	NA	NA	NA	NA	NA	NA	NA	NA	NA	NA	NA	NA	R	disk_diffusion_CLSI	NA	NA	NA	NA	NA	NA	NA	NA	NA	S	disk_diffusion_CLSI	NA	R	disk_diffusion_CLSI	NA	NA	NA	NA	NA	NA	NA	NA	NA	NA	NA	NA	NA	NA	NA	NA	NA	NA	NA	NA	NA	NA	NA	NA	NA	NA	NA	NA	NA	NA	NA	NA	NA	NA	NA	NA	NA	NA	NA	NA	NA	NA	NA	NA	NA	NA	NA	NA	NA	NA	NA	NA	NA	NA	NA	NA	NA	NA	NA	NA	NA	NA	NA	NA	NA	NA	NA	NA	NA	NA	NA	NA	NA	NA	NA	NA	NA	NA	NA	NA	NA	NA	NA	NA	NA	NA	NA
SRR13712586	ID_3183730	SRR13712586	NA	zaheer2020	S	disk_diffusion_CLSI	NA	S	disk_diffusion_CLSI	NA	S	disk_diffusion_CLSI	NA	R	disk_diffusion_CLSI	NA	S	disk_diffusion_CLSI	NA	S	disk_diffusion_CLSI	NA	S	disk_diffusion_CLSI	NA	S	disk_diffusion_CLSI	NA	NA	NA	NA	NA	NA	NA	NA	NA	NA	NA	NA	NA	R	disk_diffusion_CLSI	NA	NA	NA	NA	NA	NA	NA	NA	NA	S	disk_diffusion_CLSI	NA	I	disk_diffusion_CLSI	NA	NA	NA	NA	NA	NA	NA	NA	NA	NA	NA	NA	NA	NA	NA	NA	NA	NA	NA	NA	NA	NA	NA	NA	NA	NA	NA	NA	NA	NA	NA	NA	NA	NA	NA	NA	NA	NA	NA	NA	NA	NA	NA	NA	NA	NA	NA	NA	NA	NA	NA	NA	NA	NA	NA	NA	NA	NA	NA	NA	NA	NA	NA	NA	NA	NA	NA	NA	NA	NA	NA	NA	NA	NA	NA	NA	NA	NA	NA	NA	NA	NA	NA	NA	NA	NA	NA
SRR13712557	ID_6702653	SRR13712557	NA	zaheer2020	S	disk_diffusion_CLSI	NA	S	disk_diffusion_CLSI	NA	S	disk_diffusion_CLSI	NA	R	disk_diffusion_CLSI	NA	S	disk_diffusion_CLSI	NA	S	disk_diffusion_CLSI	NA	S	disk_diffusion_CLSI	NA	R	disk_diffusion_CLSI	NA	NA	NA	NA	NA	NA	NA	NA	NA	NA	NA	NA	NA	R	disk_diffusion_CLSI	NA	NA	NA	NA	NA	NA	NA	NA	NA	S	disk_diffusion_CLSI	NA	R	disk_diffusion_CLSI	NA	NA	NA	NA	NA	NA	NA	NA	NA	NA	NA	NA	NA	NA	NA	NA	NA	NA	NA	NA	NA	NA	NA	NA	NA	NA	NA	NA	NA	NA	NA	NA	NA	NA	NA	NA	NA	NA	NA	NA	NA	NA	NA	NA	NA	NA	NA	NA	NA	NA	NA	NA	NA	NA	NA	NA	NA	NA	NA	NA	NA	NA	NA	NA	NA	NA	NA	NA	NA	NA	NA	NA	NA	NA	NA	NA	NA	NA	NA	NA	NA	NA	NA	NA	NA	NA	NA
SRR13712517	ID_6926564	SRR13712517	NA	zaheer2020	R	disk_diffusion_CLSI	NA	S	disk_diffusion_CLSI	NA	S	disk_diffusion_CLSI	NA	R	disk_diffusion_CLSI	NA	S	disk_diffusion_CLSI	NA	S	disk_diffusion_CLSI	NA	S	disk_diffusion_CLSI	NA	S	disk_diffusion_CLSI	NA	NA	NA	NA	NA	NA	NA	NA	NA	NA	NA	NA	NA	R	disk_diffusion_CLSI	NA	NA	NA	NA	NA	NA	NA	NA	NA	S	disk_diffusion_CLSI	NA	R	disk_diffusion_CLSI	NA	NA	NA	NA	NA	NA	NA	NA	NA	NA	NA	NA	NA	NA	NA	NA	NA	NA	NA	NA	NA	NA	NA	NA	NA	NA	NA	NA	NA	NA	NA	NA	NA	NA	NA	NA	NA	NA	NA	NA	NA	NA	NA	NA	NA	NA	NA	NA	NA	NA	NA	NA	NA	NA	NA	NA	NA	NA	NA	NA	NA	NA	NA	NA	NA	NA	NA	NA	NA	NA	NA	NA	NA	NA	NA	NA	NA	NA	NA	NA	NA	NA	NA	NA	NA	NA	NA
SRR13712516	ID_4347821	SRR13712516	NA	zaheer2020	S	disk_diffusion_CLSI	NA	S	disk_diffusion_CLSI	NA	S	disk_diffusion_CLSI	NA	I	disk_diffusion_CLSI	NA	S	disk_diffusion_CLSI	NA	S	disk_diffusion_CLSI	NA	S	disk_diffusion_CLSI	NA	S	disk_diffusion_CLSI	NA	NA	NA	NA	NA	NA	NA	NA	NA	NA	NA	NA	NA	R	disk_diffusion_CLSI	NA	NA	NA	NA	NA	NA	NA	NA	NA	S	disk_diffusion_CLSI	NA	R	disk_diffusion_CLSI	NA	NA	NA	NA	NA	NA	NA	NA	NA	NA	NA	NA	NA	NA	NA	NA	NA	NA	NA	NA	NA	NA	NA	NA	NA	NA	NA	NA	NA	NA	NA	NA	NA	NA	NA	NA	NA	NA	NA	NA	NA	NA	NA	NA	NA	NA	NA	NA	NA	NA	NA	NA	NA	NA	NA	NA	NA	NA	NA	NA	NA	NA	NA	NA	NA	NA	NA	NA	NA	NA	NA	NA	NA	NA	NA	NA	NA	NA	NA	NA	NA	NA	NA	NA	NA	NA	NA
SRR13712521	ID_3856974	SRR13712521	NA	zaheer2020	S	disk_diffusion_CLSI	NA	S	disk_diffusion_CLSI	NA	S	disk_diffusion_CLSI	NA	R	disk_diffusion_CLSI	NA	S	disk_diffusion_CLSI	NA	S	disk_diffusion_CLSI	NA	S	disk_diffusion_CLSI	NA	S	disk_diffusion_CLSI	NA	NA	NA	NA	NA	NA	NA	NA	NA	NA	NA	NA	NA	I	disk_diffusion_CLSI	NA	NA	NA	NA	NA	NA	NA	NA	NA	S	disk_diffusion_CLSI	NA	R	disk_diffusion_CLSI	NA	NA	NA	NA	NA	NA	NA	NA	NA	NA	NA	NA	NA	NA	NA	NA	NA	NA	NA	NA	NA	NA	NA	NA	NA	NA	NA	NA	NA	NA	NA	NA	NA	NA	NA	NA	NA	NA	NA	NA	NA	NA	NA	NA	NA	NA	NA	NA	NA	NA	NA	NA	NA	NA	NA	NA	NA	NA	NA	NA	NA	NA	NA	NA	NA	NA	NA	NA	NA	NA	NA	NA	NA	NA	NA	NA	NA	NA	NA	NA	NA	NA	NA	NA	NA	NA	NA
SRR13712527	ID_1646461	SRR13712527	NA	zaheer2020	S	disk_diffusion_CLSI	NA	S	disk_diffusion_CLSI	NA	S	disk_diffusion_CLSI	NA	I	disk_diffusion_CLSI	NA	S	disk_diffusion_CLSI	NA	S	disk_diffusion_CLSI	NA	S	disk_diffusion_CLSI	NA	S	disk_diffusion_CLSI	NA	NA	NA	NA	NA	NA	NA	NA	NA	NA	NA	NA	NA	R	disk_diffusion_CLSI	NA	NA	NA	NA	NA	NA	NA	NA	NA	S	disk_diffusion_CLSI	NA	S	disk_diffusion_CLSI	NA	NA	NA	NA	NA	NA	NA	NA	NA	NA	NA	NA	NA	NA	NA	NA	NA	NA	NA	NA	NA	NA	NA	NA	NA	NA	NA	NA	NA	NA	NA	NA	NA	NA	NA	NA	NA	NA	NA	NA	NA	NA	NA	NA	NA	NA	NA	NA	NA	NA	NA	NA	NA	NA	NA	NA	NA	NA	NA	NA	NA	NA	NA	NA	NA	NA	NA	NA	NA	NA	NA	NA	NA	NA	NA	NA	NA	NA	NA	NA	NA	NA	NA	NA	NA	NA	NA
SRR13712540	ID_3824116	SRR13712540	NA	zaheer2020	S	disk_diffusion_CLSI	NA	S	disk_diffusion_CLSI	NA	S	disk_diffusion_CLSI	NA	R	disk_diffusion_CLSI	NA	S	disk_diffusion_CLSI	NA	S	disk_diffusion_CLSI	NA	S	disk_diffusion_CLSI	NA	S	disk_diffusion_CLSI	NA	NA	NA	NA	NA	NA	NA	NA	NA	NA	NA	NA	NA	R	disk_diffusion_CLSI	NA	NA	NA	NA	NA	NA	NA	NA	NA	S	disk_diffusion_CLSI	NA	I	disk_diffusion_CLSI	NA	NA	NA	NA	NA	NA	NA	NA	NA	NA	NA	NA	NA	NA	NA	NA	NA	NA	NA	NA	NA	NA	NA	NA	NA	NA	NA	NA	NA	NA	NA	NA	NA	NA	NA	NA	NA	NA	NA	NA	NA	NA	NA	NA	NA	NA	NA	NA	NA	NA	NA	NA	NA	NA	NA	NA	NA	NA	NA	NA	NA	NA	NA	NA	NA	NA	NA	NA	NA	NA	NA	NA	NA	NA	NA	NA	NA	NA	NA	NA	NA	NA	NA	NA	NA	NA	NA
SRR13712548	ID_4414595	SRR13712548	NA	zaheer2020	S	disk_diffusion_CLSI	NA	S	disk_diffusion_CLSI	NA	S	disk_diffusion_CLSI	NA	R	disk_diffusion_CLSI	NA	S	disk_diffusion_CLSI	NA	S	disk_diffusion_CLSI	NA	S	disk_diffusion_CLSI	NA	S	disk_diffusion_CLSI	NA	NA	NA	NA	NA	NA	NA	NA	NA	NA	NA	NA	NA	R	disk_diffusion_CLSI	NA	NA	NA	NA	NA	NA	NA	NA	NA	S	disk_diffusion_CLSI	NA	R	disk_diffusion_CLSI	NA	NA	NA	NA	NA	NA	NA	NA	NA	NA	NA	NA	NA	NA	NA	NA	NA	NA	NA	NA	NA	NA	NA	NA	NA	NA	NA	NA	NA	NA	NA	NA	NA	NA	NA	NA	NA	NA	NA	NA	NA	NA	NA	NA	NA	NA	NA	NA	NA	NA	NA	NA	NA	NA	NA	NA	NA	NA	NA	NA	NA	NA	NA	NA	NA	NA	NA	NA	NA	NA	NA	NA	NA	NA	NA	NA	NA	NA	NA	NA	NA	NA	NA	NA	NA	NA	NA
SRR13712569	ID_3503551	SRR13712569	NA	zaheer2020	S	disk_diffusion_CLSI	NA	S	disk_diffusion_CLSI	NA	S	disk_diffusion_CLSI	NA	R	disk_diffusion_CLSI	NA	S	disk_diffusion_CLSI	NA	S	disk_diffusion_CLSI	NA	S	disk_diffusion_CLSI	NA	S	disk_diffusion_CLSI	NA	NA	NA	NA	NA	NA	NA	NA	NA	NA	NA	NA	NA	R	disk_diffusion_CLSI	NA	NA	NA	NA	NA	NA	NA	NA	NA	S	disk_diffusion_CLSI	NA	I	disk_diffusion_CLSI	NA	NA	NA	NA	NA	NA	NA	NA	NA	NA	NA	NA	NA	NA	NA	NA	NA	NA	NA	NA	NA	NA	NA	NA	NA	NA	NA	NA	NA	NA	NA	NA	NA	NA	NA	NA	NA	NA	NA	NA	NA	NA	NA	NA	NA	NA	NA	NA	NA	NA	NA	NA	NA	NA	NA	NA	NA	NA	NA	NA	NA	NA	NA	NA	NA	NA	NA	NA	NA	NA	NA	NA	NA	NA	NA	NA	NA	NA	NA	NA	NA	NA	NA	NA	NA	NA	NA
SRR13712554	ID_7290434	SRR13712554	NA	zaheer2020	I	disk_diffusion_CLSI	NA	S	disk_diffusion_CLSI	NA	S	disk_diffusion_CLSI	NA	R	disk_diffusion_CLSI	NA	S	disk_diffusion_CLSI	NA	S	disk_diffusion_CLSI	NA	S	disk_diffusion_CLSI	NA	S	disk_diffusion_CLSI	NA	NA	NA	NA	NA	NA	NA	NA	NA	NA	NA	NA	NA	R	disk_diffusion_CLSI	NA	NA	NA	NA	NA	NA	NA	NA	NA	S	disk_diffusion_CLSI	NA	R	disk_diffusion_CLSI	NA	NA	NA	NA	NA	NA	NA	NA	NA	NA	NA	NA	NA	NA	NA	NA	NA	NA	NA	NA	NA	NA	NA	NA	NA	NA	NA	NA	NA	NA	NA	NA	NA	NA	NA	NA	NA	NA	NA	NA	NA	NA	NA	NA	NA	NA	NA	NA	NA	NA	NA	NA	NA	NA	NA	NA	NA	NA	NA	NA	NA	NA	NA	NA	NA	NA	NA	NA	NA	NA	NA	NA	NA	NA	NA	NA	NA	NA	NA	NA	NA	NA	NA	NA	NA	NA	NA
SRR13712585	ID_7015242	SRR13712585	NA	zaheer2020	S	disk_diffusion_CLSI	NA	S	disk_diffusion_CLSI	NA	S	disk_diffusion_CLSI	NA	R	disk_diffusion_CLSI	NA	S	disk_diffusion_CLSI	NA	S	disk_diffusion_CLSI	NA	S	disk_diffusion_CLSI	NA	S	disk_diffusion_CLSI	NA	NA	NA	NA	NA	NA	NA	NA	NA	NA	NA	NA	NA	R	disk_diffusion_CLSI	NA	NA	NA	NA	NA	NA	NA	NA	NA	S	disk_diffusion_CLSI	NA	R	disk_diffusion_CLSI	NA	NA	NA	NA	NA	NA	NA	NA	NA	NA	NA	NA	NA	NA	NA	NA	NA	NA	NA	NA	NA	NA	NA	NA	NA	NA	NA	NA	NA	NA	NA	NA	NA	NA	NA	NA	NA	NA	NA	NA	NA	NA	NA	NA	NA	NA	NA	NA	NA	NA	NA	NA	NA	NA	NA	NA	NA	NA	NA	NA	NA	NA	NA	NA	NA	NA	NA	NA	NA	NA	NA	NA	NA	NA	NA	NA	NA	NA	NA	NA	NA	NA	NA	NA	NA	NA	NA
SRR13712566	ID_8756907	SRR13712566	NA	zaheer2020	S	disk_diffusion_CLSI	NA	S	disk_diffusion_CLSI	NA	S	disk_diffusion_CLSI	NA	R	disk_diffusion_CLSI	NA	S	disk_diffusion_CLSI	NA	S	disk_diffusion_CLSI	NA	S	disk_diffusion_CLSI	NA	S	disk_diffusion_CLSI	NA	NA	NA	NA	NA	NA	NA	NA	NA	NA	NA	NA	NA	R	disk_diffusion_CLSI	NA	NA	NA	NA	NA	NA	NA	NA	NA	S	disk_diffusion_CLSI	NA	R	disk_diffusion_CLSI	NA	NA	NA	NA	NA	NA	NA	NA	NA	NA	NA	NA	NA	NA	NA	NA	NA	NA	NA	NA	NA	NA	NA	NA	NA	NA	NA	NA	NA	NA	NA	NA	NA	NA	NA	NA	NA	NA	NA	NA	NA	NA	NA	NA	NA	NA	NA	NA	NA	NA	NA	NA	NA	NA	NA	NA	NA	NA	NA	NA	NA	NA	NA	NA	NA	NA	NA	NA	NA	NA	NA	NA	NA	NA	NA	NA	NA	NA	NA	NA	NA	NA	NA	NA	NA	NA	NA
SRR13712491	ID_8798555	SRR13712491	NA	zaheer2020	S	disk_diffusion_CLSI	NA	S	disk_diffusion_CLSI	NA	S	disk_diffusion_CLSI	NA	I	disk_diffusion_CLSI	NA	S	disk_diffusion_CLSI	NA	R	disk_diffusion_CLSI	NA	S	disk_diffusion_CLSI	NA	S	disk_diffusion_CLSI	NA	NA	NA	NA	NA	NA	NA	NA	NA	NA	NA	NA	NA	R	disk_diffusion_CLSI	NA	NA	NA	NA	NA	NA	NA	NA	NA	S	disk_diffusion_CLSI	NA	S	disk_diffusion_CLSI	NA	NA	NA	NA	NA	NA	NA	NA	NA	NA	NA	NA	NA	NA	NA	NA	NA	NA	NA	NA	NA	NA	NA	NA	NA	NA	NA	NA	NA	NA	NA	NA	NA	NA	NA	NA	NA	NA	NA	NA	NA	NA	NA	NA	NA	NA	NA	NA	NA	NA	NA	NA	NA	NA	NA	NA	NA	NA	NA	NA	NA	NA	NA	NA	NA	NA	NA	NA	NA	NA	NA	NA	NA	NA	NA	NA	NA	NA	NA	NA	NA	NA	NA	NA	NA	NA	NA
SRR13712547	ID_5380735	SRR13712547	NA	zaheer2020	S	disk_diffusion_CLSI	NA	S	disk_diffusion_CLSI	NA	S	disk_diffusion_CLSI	NA	R	disk_diffusion_CLSI	NA	I	disk_diffusion_CLSI	NA	R	disk_diffusion_CLSI	NA	S	disk_diffusion_CLSI	NA	S	disk_diffusion_CLSI	NA	NA	NA	NA	NA	NA	NA	NA	NA	NA	NA	NA	NA	R	disk_diffusion_CLSI	NA	NA	NA	NA	NA	NA	NA	NA	NA	S	disk_diffusion_CLSI	NA	R	disk_diffusion_CLSI	NA	NA	NA	NA	NA	NA	NA	NA	NA	NA	NA	NA	NA	NA	NA	NA	NA	NA	NA	NA	NA	NA	NA	NA	NA	NA	NA	NA	NA	NA	NA	NA	NA	NA	NA	NA	NA	NA	NA	NA	NA	NA	NA	NA	NA	NA	NA	NA	NA	NA	NA	NA	NA	NA	NA	NA	NA	NA	NA	NA	NA	NA	NA	NA	NA	NA	NA	NA	NA	NA	NA	NA	NA	NA	NA	NA	NA	NA	NA	NA	NA	NA	NA	NA	NA	NA	NA
SRR13712588	ID_6495827	SRR13712588	NA	zaheer2020	S	disk_diffusion_CLSI	NA	S	disk_diffusion_CLSI	NA	S	disk_diffusion_CLSI	NA	R	disk_diffusion_CLSI	NA	R	disk_diffusion_CLSI	NA	S	disk_diffusion_CLSI	NA	S	disk_diffusion_CLSI	NA	S	disk_diffusion_CLSI	NA	NA	NA	NA	NA	NA	NA	NA	NA	NA	NA	NA	NA	R	disk_diffusion_CLSI	NA	NA	NA	NA	NA	NA	NA	NA	NA	S	disk_diffusion_CLSI	NA	R	disk_diffusion_CLSI	NA	NA	NA	NA	NA	NA	NA	NA	NA	NA	NA	NA	NA	NA	NA	NA	NA	NA	NA	NA	NA	NA	NA	NA	NA	NA	NA	NA	NA	NA	NA	NA	NA	NA	NA	NA	NA	NA	NA	NA	NA	NA	NA	NA	NA	NA	NA	NA	NA	NA	NA	NA	NA	NA	NA	NA	NA	NA	NA	NA	NA	NA	NA	NA	NA	NA	NA	NA	NA	NA	NA	NA	NA	NA	NA	NA	NA	NA	NA	NA	NA	NA	NA	NA	NA	NA	NA
SRR13712558	ID_1151742	SRR13712558	NA	zaheer2020	S	disk_diffusion_CLSI	NA	S	disk_diffusion_CLSI	NA	S	disk_diffusion_CLSI	NA	R	disk_diffusion_CLSI	NA	S	disk_diffusion_CLSI	NA	S	disk_diffusion_CLSI	NA	S	disk_diffusion_CLSI	NA	S	disk_diffusion_CLSI	NA	NA	NA	NA	NA	NA	NA	NA	NA	NA	NA	NA	NA	R	disk_diffusion_CLSI	NA	NA	NA	NA	NA	NA	NA	NA	NA	S	disk_diffusion_CLSI	NA	I	disk_diffusion_CLSI	NA	NA	NA	NA	NA	NA	NA	NA	NA	NA	NA	NA	NA	NA	NA	NA	NA	NA	NA	NA	NA	NA	NA	NA	NA	NA	NA	NA	NA	NA	NA	NA	NA	NA	NA	NA	NA	NA	NA	NA	NA	NA	NA	NA	NA	NA	NA	NA	NA	NA	NA	NA	NA	NA	NA	NA	NA	NA	NA	NA	NA	NA	NA	NA	NA	NA	NA	NA	NA	NA	NA	NA	NA	NA	NA	NA	NA	NA	NA	NA	NA	NA	NA	NA	NA	NA	NA
SRR13712593	ID_6844285	SRR13712593	NA	zaheer2020	S	disk_diffusion_CLSI	NA	S	disk_diffusion_CLSI	NA	S	disk_diffusion_CLSI	NA	R	disk_diffusion_CLSI	NA	S	disk_diffusion_CLSI	NA	S	disk_diffusion_CLSI	NA	S	disk_diffusion_CLSI	NA	S	disk_diffusion_CLSI	NA	NA	NA	NA	NA	NA	NA	NA	NA	NA	NA	NA	NA	R	disk_diffusion_CLSI	NA	NA	NA	NA	NA	NA	NA	NA	NA	S	disk_diffusion_CLSI	NA	R	disk_diffusion_CLSI	NA	NA	NA	NA	NA	NA	NA	NA	NA	NA	NA	NA	NA	NA	NA	NA	NA	NA	NA	NA	NA	NA	NA	NA	NA	NA	NA	NA	NA	NA	NA	NA	NA	NA	NA	NA	NA	NA	NA	NA	NA	NA	NA	NA	NA	NA	NA	NA	NA	NA	NA	NA	NA	NA	NA	NA	NA	NA	NA	NA	NA	NA	NA	NA	NA	NA	NA	NA	NA	NA	NA	NA	NA	NA	NA	NA	NA	NA	NA	NA	NA	NA	NA	NA	NA	NA	NA
SRR13712519	ID_3659817	SRR13712519	NA	zaheer2020	S	disk_diffusion_CLSI	NA	S	disk_diffusion_CLSI	NA	S	disk_diffusion_CLSI	NA	R	disk_diffusion_CLSI	NA	S	disk_diffusion_CLSI	NA	S	disk_diffusion_CLSI	NA	S	disk_diffusion_CLSI	NA	S	disk_diffusion_CLSI	NA	NA	NA	NA	NA	NA	NA	NA	NA	NA	NA	NA	NA	R	disk_diffusion_CLSI	NA	NA	NA	NA	NA	NA	NA	NA	NA	S	disk_diffusion_CLSI	NA	I	disk_diffusion_CLSI	NA	NA	NA	NA	NA	NA	NA	NA	NA	NA	NA	NA	NA	NA	NA	NA	NA	NA	NA	NA	NA	NA	NA	NA	NA	NA	NA	NA	NA	NA	NA	NA	NA	NA	NA	NA	NA	NA	NA	NA	NA	NA	NA	NA	NA	NA	NA	NA	NA	NA	NA	NA	NA	NA	NA	NA	NA	NA	NA	NA	NA	NA	NA	NA	NA	NA	NA	NA	NA	NA	NA	NA	NA	NA	NA	NA	NA	NA	NA	NA	NA	NA	NA	NA	NA	NA	NA
SRR13712530	ID_2359340	SRR13712530	NA	zaheer2020	S	disk_diffusion_CLSI	NA	S	disk_diffusion_CLSI	NA	S	disk_diffusion_CLSI	NA	R	disk_diffusion_CLSI	NA	R	disk_diffusion_CLSI	NA	S	disk_diffusion_CLSI	NA	S	disk_diffusion_CLSI	NA	S	disk_diffusion_CLSI	NA	NA	NA	NA	NA	NA	NA	NA	NA	NA	NA	NA	NA	R	disk_diffusion_CLSI	NA	NA	NA	NA	NA	NA	NA	NA	NA	S	disk_diffusion_CLSI	NA	R	disk_diffusion_CLSI	NA	NA	NA	NA	NA	NA	NA	NA	NA	NA	NA	NA	NA	NA	NA	NA	NA	NA	NA	NA	NA	NA	NA	NA	NA	NA	NA	NA	NA	NA	NA	NA	NA	NA	NA	NA	NA	NA	NA	NA	NA	NA	NA	NA	NA	NA	NA	NA	NA	NA	NA	NA	NA	NA	NA	NA	NA	NA	NA	NA	NA	NA	NA	NA	NA	NA	NA	NA	NA	NA	NA	NA	NA	NA	NA	NA	NA	NA	NA	NA	NA	NA	NA	NA	NA	NA	NA
SRR13726518	ID_8686765	SRR13726518	NA	zaheer2020	S	disk_diffusion_CLSI	NA	S	disk_diffusion_CLSI	NA	S	disk_diffusion_CLSI	NA	R	disk_diffusion_CLSI	NA	S	disk_diffusion_CLSI	NA	S	disk_diffusion_CLSI	NA	S	disk_diffusion_CLSI	NA	R	disk_diffusion_CLSI	NA	NA	NA	NA	NA	NA	NA	NA	NA	NA	NA	NA	NA	R	disk_diffusion_CLSI	NA	NA	NA	NA	NA	NA	NA	NA	NA	S	disk_diffusion_CLSI	NA	R	disk_diffusion_CLSI	NA	NA	NA	NA	NA	NA	NA	NA	NA	NA	NA	NA	NA	NA	NA	NA	NA	NA	NA	NA	NA	NA	NA	NA	NA	NA	NA	NA	NA	NA	NA	NA	NA	NA	NA	NA	NA	NA	NA	NA	NA	NA	NA	NA	NA	NA	NA	NA	NA	NA	NA	NA	NA	NA	NA	NA	NA	NA	NA	NA	NA	NA	NA	NA	NA	NA	NA	NA	NA	NA	NA	NA	NA	NA	NA	NA	NA	NA	NA	NA	NA	NA	NA	NA	NA	NA	NA
SRR13712556	ID_8104799	SRR13712556	NA	zaheer2020	S	disk_diffusion_CLSI	NA	S	disk_diffusion_CLSI	NA	S	disk_diffusion_CLSI	NA	R	disk_diffusion_CLSI	NA	I	disk_diffusion_CLSI	NA	S	disk_diffusion_CLSI	NA	S	disk_diffusion_CLSI	NA	S	disk_diffusion_CLSI	NA	NA	NA	NA	NA	NA	NA	NA	NA	NA	NA	NA	NA	R	disk_diffusion_CLSI	NA	NA	NA	NA	NA	NA	NA	NA	NA	S	disk_diffusion_CLSI	NA	R	disk_diffusion_CLSI	NA	NA	NA	NA	NA	NA	NA	NA	NA	NA	NA	NA	NA	NA	NA	NA	NA	NA	NA	NA	NA	NA	NA	NA	NA	NA	NA	NA	NA	NA	NA	NA	NA	NA	NA	NA	NA	NA	NA	NA	NA	NA	NA	NA	NA	NA	NA	NA	NA	NA	NA	NA	NA	NA	NA	NA	NA	NA	NA	NA	NA	NA	NA	NA	NA	NA	NA	NA	NA	NA	NA	NA	NA	NA	NA	NA	NA	NA	NA	NA	NA	NA	NA	NA	NA	NA	NA
SRR13712562	ID_2605389	SRR13712562	NA	zaheer2020	I	disk_diffusion_CLSI	NA	S	disk_diffusion_CLSI	NA	S	disk_diffusion_CLSI	NA	R	disk_diffusion_CLSI	NA	I	disk_diffusion_CLSI	NA	R	disk_diffusion_CLSI	NA	S	disk_diffusion_CLSI	NA	S	disk_diffusion_CLSI	NA	NA	NA	NA	NA	NA	NA	NA	NA	NA	NA	NA	NA	R	disk_diffusion_CLSI	NA	NA	NA	NA	NA	NA	NA	NA	NA	S	disk_diffusion_CLSI	NA	R	disk_diffusion_CLSI	NA	NA	NA	NA	NA	NA	NA	NA	NA	NA	NA	NA	NA	NA	NA	NA	NA	NA	NA	NA	NA	NA	NA	NA	NA	NA	NA	NA	NA	NA	NA	NA	NA	NA	NA	NA	NA	NA	NA	NA	NA	NA	NA	NA	NA	NA	NA	NA	NA	NA	NA	NA	NA	NA	NA	NA	NA	NA	NA	NA	NA	NA	NA	NA	NA	NA	NA	NA	NA	NA	NA	NA	NA	NA	NA	NA	NA	NA	NA	NA	NA	NA	NA	NA	NA	NA	NA
SRR13725725	ID_8094197	SRR13725725	NA	zaheer2020	S	disk_diffusion_CLSI	NA	S	disk_diffusion_CLSI	NA	S	disk_diffusion_CLSI	NA	R	disk_diffusion_CLSI	NA	S	disk_diffusion_CLSI	NA	S	disk_diffusion_CLSI	NA	S	disk_diffusion_CLSI	NA	S	disk_diffusion_CLSI	NA	NA	NA	NA	NA	NA	NA	NA	NA	NA	NA	NA	NA	R	disk_diffusion_CLSI	NA	NA	NA	NA	NA	NA	NA	NA	NA	S	disk_diffusion_CLSI	NA	R	disk_diffusion_CLSI	NA	NA	NA	NA	NA	NA	NA	NA	NA	NA	NA	NA	NA	NA	NA	NA	NA	NA	NA	NA	NA	NA	NA	NA	NA	NA	NA	NA	NA	NA	NA	NA	NA	NA	NA	NA	NA	NA	NA	NA	NA	NA	NA	NA	NA	NA	NA	NA	NA	NA	NA	NA	NA	NA	NA	NA	NA	NA	NA	NA	NA	NA	NA	NA	NA	NA	NA	NA	NA	NA	NA	NA	NA	NA	NA	NA	NA	NA	NA	NA	NA	NA	NA	NA	NA	NA	NA
SRR13712535	ID_1521104	SRR13712535	NA	zaheer2020	S	disk_diffusion_CLSI	NA	S	disk_diffusion_CLSI	NA	S	disk_diffusion_CLSI	NA	I	disk_diffusion_CLSI	NA	S	disk_diffusion_CLSI	NA	S	disk_diffusion_CLSI	NA	S	disk_diffusion_CLSI	NA	S	disk_diffusion_CLSI	NA	NA	NA	NA	NA	NA	NA	NA	NA	NA	NA	NA	NA	I	disk_diffusion_CLSI	NA	NA	NA	NA	NA	NA	NA	NA	NA	S	disk_diffusion_CLSI	NA	I	disk_diffusion_CLSI	NA	NA	NA	NA	NA	NA	NA	NA	NA	NA	NA	NA	NA	NA	NA	NA	NA	NA	NA	NA	NA	NA	NA	NA	NA	NA	NA	NA	NA	NA	NA	NA	NA	NA	NA	NA	NA	NA	NA	NA	NA	NA	NA	NA	NA	NA	NA	NA	NA	NA	NA	NA	NA	NA	NA	NA	NA	NA	NA	NA	NA	NA	NA	NA	NA	NA	NA	NA	NA	NA	NA	NA	NA	NA	NA	NA	NA	NA	NA	NA	NA	NA	NA	NA	NA	NA	NA
SRR13712505	ID_1538725	SRR13712505	NA	zaheer2020	S	disk_diffusion_CLSI	NA	S	disk_diffusion_CLSI	NA	S	disk_diffusion_CLSI	NA	R	disk_diffusion_CLSI	NA	S	disk_diffusion_CLSI	NA	S	disk_diffusion_CLSI	NA	S	disk_diffusion_CLSI	NA	S	disk_diffusion_CLSI	NA	NA	NA	NA	NA	NA	NA	NA	NA	NA	NA	NA	NA	R	disk_diffusion_CLSI	NA	NA	NA	NA	NA	NA	NA	NA	NA	S	disk_diffusion_CLSI	NA	R	disk_diffusion_CLSI	NA	NA	NA	NA	NA	NA	NA	NA	NA	NA	NA	NA	NA	NA	NA	NA	NA	NA	NA	NA	NA	NA	NA	NA	NA	NA	NA	NA	NA	NA	NA	NA	NA	NA	NA	NA	NA	NA	NA	NA	NA	NA	NA	NA	NA	NA	NA	NA	NA	NA	NA	NA	NA	NA	NA	NA	NA	NA	NA	NA	NA	NA	NA	NA	NA	NA	NA	NA	NA	NA	NA	NA	NA	NA	NA	NA	NA	NA	NA	NA	NA	NA	NA	NA	NA	NA	NA
SRR13712591	ID_3145447	SRR13712591	NA	zaheer2020	S	disk_diffusion_CLSI	NA	S	disk_diffusion_CLSI	NA	S	disk_diffusion_CLSI	NA	R	disk_diffusion_CLSI	NA	S	disk_diffusion_CLSI	NA	S	disk_diffusion_CLSI	NA	S	disk_diffusion_CLSI	NA	S	disk_diffusion_CLSI	NA	NA	NA	NA	NA	NA	NA	NA	NA	NA	NA	NA	NA	R	disk_diffusion_CLSI	NA	NA	NA	NA	NA	NA	NA	NA	NA	S	disk_diffusion_CLSI	NA	R	disk_diffusion_CLSI	NA	NA	NA	NA	NA	NA	NA	NA	NA	NA	NA	NA	NA	NA	NA	NA	NA	NA	NA	NA	NA	NA	NA	NA	NA	NA	NA	NA	NA	NA	NA	NA	NA	NA	NA	NA	NA	NA	NA	NA	NA	NA	NA	NA	NA	NA	NA	NA	NA	NA	NA	NA	NA	NA	NA	NA	NA	NA	NA	NA	NA	NA	NA	NA	NA	NA	NA	NA	NA	NA	NA	NA	NA	NA	NA	NA	NA	NA	NA	NA	NA	NA	NA	NA	NA	NA	NA
SRR13712597	ID_1756190	SRR13712597	NA	zaheer2020	S	disk_diffusion_CLSI	NA	S	disk_diffusion_CLSI	NA	S	disk_diffusion_CLSI	NA	R	disk_diffusion_CLSI	NA	S	disk_diffusion_CLSI	NA	S	disk_diffusion_CLSI	NA	S	disk_diffusion_CLSI	NA	S	disk_diffusion_CLSI	NA	NA	NA	NA	NA	NA	NA	NA	NA	NA	NA	NA	NA	R	disk_diffusion_CLSI	NA	NA	NA	NA	NA	NA	NA	NA	NA	S	disk_diffusion_CLSI	NA	I	disk_diffusion_CLSI	NA	NA	NA	NA	NA	NA	NA	NA	NA	NA	NA	NA	NA	NA	NA	NA	NA	NA	NA	NA	NA	NA	NA	NA	NA	NA	NA	NA	NA	NA	NA	NA	NA	NA	NA	NA	NA	NA	NA	NA	NA	NA	NA	NA	NA	NA	NA	NA	NA	NA	NA	NA	NA	NA	NA	NA	NA	NA	NA	NA	NA	NA	NA	NA	NA	NA	NA	NA	NA	NA	NA	NA	NA	NA	NA	NA	NA	NA	NA	NA	NA	NA	NA	NA	NA	NA	NA
SRR13712567	ID_6238874	SRR13712567	NA	zaheer2020	S	disk_diffusion_CLSI	NA	S	disk_diffusion_CLSI	NA	S	disk_diffusion_CLSI	NA	R	disk_diffusion_CLSI	NA	S	disk_diffusion_CLSI	NA	S	disk_diffusion_CLSI	NA	S	disk_diffusion_CLSI	NA	S	disk_diffusion_CLSI	NA	NA	NA	NA	NA	NA	NA	NA	NA	NA	NA	NA	NA	R	disk_diffusion_CLSI	NA	NA	NA	NA	NA	NA	NA	NA	NA	S	disk_diffusion_CLSI	NA	I	disk_diffusion_CLSI	NA	NA	NA	NA	NA	NA	NA	NA	NA	NA	NA	NA	NA	NA	NA	NA	NA	NA	NA	NA	NA	NA	NA	NA	NA	NA	NA	NA	NA	NA	NA	NA	NA	NA	NA	NA	NA	NA	NA	NA	NA	NA	NA	NA	NA	NA	NA	NA	NA	NA	NA	NA	NA	NA	NA	NA	NA	NA	NA	NA	NA	NA	NA	NA	NA	NA	NA	NA	NA	NA	NA	NA	NA	NA	NA	NA	NA	NA	NA	NA	NA	NA	NA	NA	NA	NA	NA
SRR13712501	ID_2535289	SRR13712501	NA	zaheer2020	R	disk_diffusion_CLSI	NA	S	disk_diffusion_CLSI	NA	S	disk_diffusion_CLSI	NA	R	disk_diffusion_CLSI	NA	S	disk_diffusion_CLSI	NA	S	disk_diffusion_CLSI	NA	S	disk_diffusion_CLSI	NA	S	disk_diffusion_CLSI	NA	NA	NA	NA	NA	NA	NA	NA	NA	NA	NA	NA	NA	R	disk_diffusion_CLSI	NA	NA	NA	NA	NA	NA	NA	NA	NA	R	disk_diffusion_CLSI	NA	I	disk_diffusion_CLSI	NA	NA	NA	NA	NA	NA	NA	NA	NA	NA	NA	NA	NA	NA	NA	NA	NA	NA	NA	NA	NA	NA	NA	NA	NA	NA	NA	NA	NA	NA	NA	NA	NA	NA	NA	NA	NA	NA	NA	NA	NA	NA	NA	NA	NA	NA	NA	NA	NA	NA	NA	NA	NA	NA	NA	NA	NA	NA	NA	NA	NA	NA	NA	NA	NA	NA	NA	NA	NA	NA	NA	NA	NA	NA	NA	NA	NA	NA	NA	NA	NA	NA	NA	NA	NA	NA	NA
SRR13712574	ID_7540286	SRR13712574	NA	zaheer2020	S	disk_diffusion_CLSI	NA	S	disk_diffusion_CLSI	NA	S	disk_diffusion_CLSI	NA	R	disk_diffusion_CLSI	NA	S	disk_diffusion_CLSI	NA	S	disk_diffusion_CLSI	NA	S	disk_diffusion_CLSI	NA	S	disk_diffusion_CLSI	NA	NA	NA	NA	NA	NA	NA	NA	NA	NA	NA	NA	NA	R	disk_diffusion_CLSI	NA	NA	NA	NA	NA	NA	NA	NA	NA	S	disk_diffusion_CLSI	NA	I	disk_diffusion_CLSI	NA	NA	NA	NA	NA	NA	NA	NA	NA	NA	NA	NA	NA	NA	NA	NA	NA	NA	NA	NA	NA	NA	NA	NA	NA	NA	NA	NA	NA	NA	NA	NA	NA	NA	NA	NA	NA	NA	NA	NA	NA	NA	NA	NA	NA	NA	NA	NA	NA	NA	NA	NA	NA	NA	NA	NA	NA	NA	NA	NA	NA	NA	NA	NA	NA	NA	NA	NA	NA	NA	NA	NA	NA	NA	NA	NA	NA	NA	NA	NA	NA	NA	NA	NA	NA	NA	NA
SRR13712561	ID_4582988	SRR13712561	NA	zaheer2020	S	disk_diffusion_CLSI	NA	S	disk_diffusion_CLSI	NA	S	disk_diffusion_CLSI	NA	R	disk_diffusion_CLSI	NA	I	disk_diffusion_CLSI	NA	S	disk_diffusion_CLSI	NA	S	disk_diffusion_CLSI	NA	S	disk_diffusion_CLSI	NA	NA	NA	NA	NA	NA	NA	NA	NA	NA	NA	NA	NA	R	disk_diffusion_CLSI	NA	NA	NA	NA	NA	NA	NA	NA	NA	S	disk_diffusion_CLSI	NA	R	disk_diffusion_CLSI	NA	NA	NA	NA	NA	NA	NA	NA	NA	NA	NA	NA	NA	NA	NA	NA	NA	NA	NA	NA	NA	NA	NA	NA	NA	NA	NA	NA	NA	NA	NA	NA	NA	NA	NA	NA	NA	NA	NA	NA	NA	NA	NA	NA	NA	NA	NA	NA	NA	NA	NA	NA	NA	NA	NA	NA	NA	NA	NA	NA	NA	NA	NA	NA	NA	NA	NA	NA	NA	NA	NA	NA	NA	NA	NA	NA	NA	NA	NA	NA	NA	NA	NA	NA	NA	NA	NA
SRR13712594	ID_4511615	SRR13712594	NA	zaheer2020	S	disk_diffusion_CLSI	NA	S	disk_diffusion_CLSI	NA	S	disk_diffusion_CLSI	NA	R	disk_diffusion_CLSI	NA	S	disk_diffusion_CLSI	NA	S	disk_diffusion_CLSI	NA	S	disk_diffusion_CLSI	NA	S	disk_diffusion_CLSI	NA	NA	NA	NA	NA	NA	NA	NA	NA	NA	NA	NA	NA	R	disk_diffusion_CLSI	NA	NA	NA	NA	NA	NA	NA	NA	NA	S	disk_diffusion_CLSI	NA	R	disk_diffusion_CLSI	NA	NA	NA	NA	NA	NA	NA	NA	NA	NA	NA	NA	NA	NA	NA	NA	NA	NA	NA	NA	NA	NA	NA	NA	NA	NA	NA	NA	NA	NA	NA	NA	NA	NA	NA	NA	NA	NA	NA	NA	NA	NA	NA	NA	NA	NA	NA	NA	NA	NA	NA	NA	NA	NA	NA	NA	NA	NA	NA	NA	NA	NA	NA	NA	NA	NA	NA	NA	NA	NA	NA	NA	NA	NA	NA	NA	NA	NA	NA	NA	NA	NA	NA	NA	NA	NA	NA
SRR13712584	ID_7813917	SRR13712584	NA	zaheer2020	S	disk_diffusion_CLSI	NA	S	disk_diffusion_CLSI	NA	S	disk_diffusion_CLSI	NA	R	disk_diffusion_CLSI	NA	I	disk_diffusion_CLSI	NA	S	disk_diffusion_CLSI	NA	S	disk_diffusion_CLSI	NA	S	disk_diffusion_CLSI	NA	NA	NA	NA	NA	NA	NA	NA	NA	NA	NA	NA	NA	R	disk_diffusion_CLSI	NA	NA	NA	NA	NA	NA	NA	NA	NA	S	disk_diffusion_CLSI	NA	R	disk_diffusion_CLSI	NA	NA	NA	NA	NA	NA	NA	NA	NA	NA	NA	NA	NA	NA	NA	NA	NA	NA	NA	NA	NA	NA	NA	NA	NA	NA	NA	NA	NA	NA	NA	NA	NA	NA	NA	NA	NA	NA	NA	NA	NA	NA	NA	NA	NA	NA	NA	NA	NA	NA	NA	NA	NA	NA	NA	NA	NA	NA	NA	NA	NA	NA	NA	NA	NA	NA	NA	NA	NA	NA	NA	NA	NA	NA	NA	NA	NA	NA	NA	NA	NA	NA	NA	NA	NA	NA	NA
SRR13712496	ID_1739629	SRR13712496	NA	zaheer2020	S	disk_diffusion_CLSI	NA	S	disk_diffusion_CLSI	NA	S	disk_diffusion_CLSI	NA	R	disk_diffusion_CLSI	NA	S	disk_diffusion_CLSI	NA	S	disk_diffusion_CLSI	NA	S	disk_diffusion_CLSI	NA	S	disk_diffusion_CLSI	NA	NA	NA	NA	NA	NA	NA	NA	NA	NA	NA	NA	NA	R	disk_diffusion_CLSI	NA	NA	NA	NA	NA	NA	NA	NA	NA	S	disk_diffusion_CLSI	NA	R	disk_diffusion_CLSI	NA	NA	NA	NA	NA	NA	NA	NA	NA	NA	NA	NA	NA	NA	NA	NA	NA	NA	NA	NA	NA	NA	NA	NA	NA	NA	NA	NA	NA	NA	NA	NA	NA	NA	NA	NA	NA	NA	NA	NA	NA	NA	NA	NA	NA	NA	NA	NA	NA	NA	NA	NA	NA	NA	NA	NA	NA	NA	NA	NA	NA	NA	NA	NA	NA	NA	NA	NA	NA	NA	NA	NA	NA	NA	NA	NA	NA	NA	NA	NA	NA	NA	NA	NA	NA	NA	NA
SRR13712529	ID_5427937	SRR13712529	NA	zaheer2020	S	disk_diffusion_CLSI	NA	S	disk_diffusion_CLSI	NA	S	disk_diffusion_CLSI	NA	R	disk_diffusion_CLSI	NA	S	disk_diffusion_CLSI	NA	S	disk_diffusion_CLSI	NA	S	disk_diffusion_CLSI	NA	S	disk_diffusion_CLSI	NA	NA	NA	NA	NA	NA	NA	NA	NA	NA	NA	NA	NA	R	disk_diffusion_CLSI	NA	NA	NA	NA	NA	NA	NA	NA	NA	S	disk_diffusion_CLSI	NA	R	disk_diffusion_CLSI	NA	NA	NA	NA	NA	NA	NA	NA	NA	NA	NA	NA	NA	NA	NA	NA	NA	NA	NA	NA	NA	NA	NA	NA	NA	NA	NA	NA	NA	NA	NA	NA	NA	NA	NA	NA	NA	NA	NA	NA	NA	NA	NA	NA	NA	NA	NA	NA	NA	NA	NA	NA	NA	NA	NA	NA	NA	NA	NA	NA	NA	NA	NA	NA	NA	NA	NA	NA	NA	NA	NA	NA	NA	NA	NA	NA	NA	NA	NA	NA	NA	NA	NA	NA	NA	NA	NA
SRR13712565	ID_7940023	SRR13712565	NA	zaheer2020	S	disk_diffusion_CLSI	NA	S	disk_diffusion_CLSI	NA	S	disk_diffusion_CLSI	NA	R	disk_diffusion_CLSI	NA	R	disk_diffusion_CLSI	NA	S	disk_diffusion_CLSI	NA	S	disk_diffusion_CLSI	NA	S	disk_diffusion_CLSI	NA	NA	NA	NA	NA	NA	NA	NA	NA	NA	NA	NA	NA	R	disk_diffusion_CLSI	NA	NA	NA	NA	NA	NA	NA	NA	NA	I	disk_diffusion_CLSI	NA	R	disk_diffusion_CLSI	NA	NA	NA	NA	NA	NA	NA	NA	NA	NA	NA	NA	NA	NA	NA	NA	NA	NA	NA	NA	NA	NA	NA	NA	NA	NA	NA	NA	NA	NA	NA	NA	NA	NA	NA	NA	NA	NA	NA	NA	NA	NA	NA	NA	NA	NA	NA	NA	NA	NA	NA	NA	NA	NA	NA	NA	NA	NA	NA	NA	NA	NA	NA	NA	NA	NA	NA	NA	NA	NA	NA	NA	NA	NA	NA	NA	NA	NA	NA	NA	NA	NA	NA	NA	NA	NA	NA
SRR13712537	ID_7552953	SRR13712537	NA	zaheer2020	S	disk_diffusion_CLSI	NA	S	disk_diffusion_CLSI	NA	S	disk_diffusion_CLSI	NA	R	disk_diffusion_CLSI	NA	I	disk_diffusion_CLSI	NA	S	disk_diffusion_CLSI	NA	S	disk_diffusion_CLSI	NA	S	disk_diffusion_CLSI	NA	NA	NA	NA	NA	NA	NA	NA	NA	NA	NA	NA	NA	R	disk_diffusion_CLSI	NA	NA	NA	NA	NA	NA	NA	NA	NA	S	disk_diffusion_CLSI	NA	R	disk_diffusion_CLSI	NA	NA	NA	NA	NA	NA	NA	NA	NA	NA	NA	NA	NA	NA	NA	NA	NA	NA	NA	NA	NA	NA	NA	NA	NA	NA	NA	NA	NA	NA	NA	NA	NA	NA	NA	NA	NA	NA	NA	NA	NA	NA	NA	NA	NA	NA	NA	NA	NA	NA	NA	NA	NA	NA	NA	NA	NA	NA	NA	NA	NA	NA	NA	NA	NA	NA	NA	NA	NA	NA	NA	NA	NA	NA	NA	NA	NA	NA	NA	NA	NA	NA	NA	NA	NA	NA	NA
SRR13712578	ID_6575508	SRR13712578	NA	zaheer2020	S	disk_diffusion_CLSI	NA	S	disk_diffusion_CLSI	NA	S	disk_diffusion_CLSI	NA	I	disk_diffusion_CLSI	NA	R	disk_diffusion_CLSI	NA	S	disk_diffusion_CLSI	NA	S	disk_diffusion_CLSI	NA	I	disk_diffusion_CLSI	NA	NA	NA	NA	NA	NA	NA	NA	NA	NA	NA	NA	NA	R	disk_diffusion_CLSI	NA	NA	NA	NA	NA	NA	NA	NA	NA	S	disk_diffusion_CLSI	NA	S	disk_diffusion_CLSI	NA	NA	NA	NA	NA	NA	NA	NA	NA	NA	NA	NA	NA	NA	NA	NA	NA	NA	NA	NA	NA	NA	NA	NA	NA	NA	NA	NA	NA	NA	NA	NA	NA	NA	NA	NA	NA	NA	NA	NA	NA	NA	NA	NA	NA	NA	NA	NA	NA	NA	NA	NA	NA	NA	NA	NA	NA	NA	NA	NA	NA	NA	NA	NA	NA	NA	NA	NA	NA	NA	NA	NA	NA	NA	NA	NA	NA	NA	NA	NA	NA	NA	NA	NA	NA	NA	NA
SRR13712533	ID_4418637	SRR13712533	NA	zaheer2020	S	disk_diffusion_CLSI	NA	S	disk_diffusion_CLSI	NA	S	disk_diffusion_CLSI	NA	I	disk_diffusion_CLSI	NA	S	disk_diffusion_CLSI	NA	S	disk_diffusion_CLSI	NA	S	disk_diffusion_CLSI	NA	S	disk_diffusion_CLSI	NA	NA	NA	NA	NA	NA	NA	NA	NA	NA	NA	NA	NA	S	disk_diffusion_CLSI	NA	NA	NA	NA	NA	NA	NA	NA	NA	R	disk_diffusion_CLSI	NA	S	disk_diffusion_CLSI	NA	NA	NA	NA	NA	NA	NA	NA	NA	NA	NA	NA	NA	NA	NA	NA	NA	NA	NA	NA	NA	NA	NA	NA	NA	NA	NA	NA	NA	NA	NA	NA	NA	NA	NA	NA	NA	NA	NA	NA	NA	NA	NA	NA	NA	NA	NA	NA	NA	NA	NA	NA	NA	NA	NA	NA	NA	NA	NA	NA	NA	NA	NA	NA	NA	NA	NA	NA	NA	NA	NA	NA	NA	NA	NA	NA	NA	NA	NA	NA	NA	NA	NA	NA	NA	NA	NA
SRR13712539	ID_5459425	SRR13712539	NA	zaheer2020	S	disk_diffusion_CLSI	NA	S	disk_diffusion_CLSI	NA	S	disk_diffusion_CLSI	NA	R	disk_diffusion_CLSI	NA	S	disk_diffusion_CLSI	NA	S	disk_diffusion_CLSI	NA	S	disk_diffusion_CLSI	NA	S	disk_diffusion_CLSI	NA	NA	NA	NA	NA	NA	NA	NA	NA	NA	NA	NA	NA	R	disk_diffusion_CLSI	NA	NA	NA	NA	NA	NA	NA	NA	NA	S	disk_diffusion_CLSI	NA	I	disk_diffusion_CLSI	NA	NA	NA	NA	NA	NA	NA	NA	NA	NA	NA	NA	NA	NA	NA	NA	NA	NA	NA	NA	NA	NA	NA	NA	NA	NA	NA	NA	NA	NA	NA	NA	NA	NA	NA	NA	NA	NA	NA	NA	NA	NA	NA	NA	NA	NA	NA	NA	NA	NA	NA	NA	NA	NA	NA	NA	NA	NA	NA	NA	NA	NA	NA	NA	NA	NA	NA	NA	NA	NA	NA	NA	NA	NA	NA	NA	NA	NA	NA	NA	NA	NA	NA	NA	NA	NA	NA
SRR13712528	ID_5132222	SRR13712528	NA	zaheer2020	S	disk_diffusion_CLSI	NA	S	disk_diffusion_CLSI	NA	S	disk_diffusion_CLSI	NA	R	disk_diffusion_CLSI	NA	S	disk_diffusion_CLSI	NA	R	disk_diffusion_CLSI	NA	S	disk_diffusion_CLSI	NA	R	disk_diffusion_CLSI	NA	NA	NA	NA	NA	NA	NA	NA	NA	NA	NA	NA	NA	R	disk_diffusion_CLSI	NA	NA	NA	NA	NA	NA	NA	NA	NA	I	disk_diffusion_CLSI	NA	I	disk_diffusion_CLSI	NA	NA	NA	NA	NA	NA	NA	NA	NA	NA	NA	NA	NA	NA	NA	NA	NA	NA	NA	NA	NA	NA	NA	NA	NA	NA	NA	NA	NA	NA	NA	NA	NA	NA	NA	NA	NA	NA	NA	NA	NA	NA	NA	NA	NA	NA	NA	NA	NA	NA	NA	NA	NA	NA	NA	NA	NA	NA	NA	NA	NA	NA	NA	NA	NA	NA	NA	NA	NA	NA	NA	NA	NA	NA	NA	NA	NA	NA	NA	NA	NA	NA	NA	NA	NA	NA	NA
SRR13712507	ID_7465991	SRR13712507	NA	zaheer2020	S	disk_diffusion_CLSI	NA	S	disk_diffusion_CLSI	NA	S	disk_diffusion_CLSI	NA	R	disk_diffusion_CLSI	NA	S	disk_diffusion_CLSI	NA	S	disk_diffusion_CLSI	NA	S	disk_diffusion_CLSI	NA	S	disk_diffusion_CLSI	NA	NA	NA	NA	NA	NA	NA	NA	NA	NA	NA	NA	NA	R	disk_diffusion_CLSI	NA	NA	NA	NA	NA	NA	NA	NA	NA	S	disk_diffusion_CLSI	NA	S	disk_diffusion_CLSI	NA	NA	NA	NA	NA	NA	NA	NA	NA	NA	NA	NA	NA	NA	NA	NA	NA	NA	NA	NA	NA	NA	NA	NA	NA	NA	NA	NA	NA	NA	NA	NA	NA	NA	NA	NA	NA	NA	NA	NA	NA	NA	NA	NA	NA	NA	NA	NA	NA	NA	NA	NA	NA	NA	NA	NA	NA	NA	NA	NA	NA	NA	NA	NA	NA	NA	NA	NA	NA	NA	NA	NA	NA	NA	NA	NA	NA	NA	NA	NA	NA	NA	NA	NA	NA	NA	NA
SRR13712522	ID_4234579	SRR13712522	NA	zaheer2020	S	disk_diffusion_CLSI	NA	S	disk_diffusion_CLSI	NA	S	disk_diffusion_CLSI	NA	R	disk_diffusion_CLSI	NA	S	disk_diffusion_CLSI	NA	S	disk_diffusion_CLSI	NA	S	disk_diffusion_CLSI	NA	S	disk_diffusion_CLSI	NA	NA	NA	NA	NA	NA	NA	NA	NA	NA	NA	NA	NA	R	disk_diffusion_CLSI	NA	NA	NA	NA	NA	NA	NA	NA	NA	S	disk_diffusion_CLSI	NA	R	disk_diffusion_CLSI	NA	NA	NA	NA	NA	NA	NA	NA	NA	NA	NA	NA	NA	NA	NA	NA	NA	NA	NA	NA	NA	NA	NA	NA	NA	NA	NA	NA	NA	NA	NA	NA	NA	NA	NA	NA	NA	NA	NA	NA	NA	NA	NA	NA	NA	NA	NA	NA	NA	NA	NA	NA	NA	NA	NA	NA	NA	NA	NA	NA	NA	NA	NA	NA	NA	NA	NA	NA	NA	NA	NA	NA	NA	NA	NA	NA	NA	NA	NA	NA	NA	NA	NA	NA	NA	NA	NA
SRR13712512	ID_7272325	SRR13712512	NA	zaheer2020	S	disk_diffusion_CLSI	NA	S	disk_diffusion_CLSI	NA	S	disk_diffusion_CLSI	NA	R	disk_diffusion_CLSI	NA	S	disk_diffusion_CLSI	NA	S	disk_diffusion_CLSI	NA	S	disk_diffusion_CLSI	NA	S	disk_diffusion_CLSI	NA	NA	NA	NA	NA	NA	NA	NA	NA	NA	NA	NA	NA	R	disk_diffusion_CLSI	NA	NA	NA	NA	NA	NA	NA	NA	NA	S	disk_diffusion_CLSI	NA	R	disk_diffusion_CLSI	NA	NA	NA	NA	NA	NA	NA	NA	NA	NA	NA	NA	NA	NA	NA	NA	NA	NA	NA	NA	NA	NA	NA	NA	NA	NA	NA	NA	NA	NA	NA	NA	NA	NA	NA	NA	NA	NA	NA	NA	NA	NA	NA	NA	NA	NA	NA	NA	NA	NA	NA	NA	NA	NA	NA	NA	NA	NA	NA	NA	NA	NA	NA	NA	NA	NA	NA	NA	NA	NA	NA	NA	NA	NA	NA	NA	NA	NA	NA	NA	NA	NA	NA	NA	NA	NA	NA
SRR13712509	ID_6656931	SRR13712509	NA	zaheer2020	S	disk_diffusion_CLSI	NA	S	disk_diffusion_CLSI	NA	S	disk_diffusion_CLSI	NA	R	disk_diffusion_CLSI	NA	S	disk_diffusion_CLSI	NA	S	disk_diffusion_CLSI	NA	S	disk_diffusion_CLSI	NA	S	disk_diffusion_CLSI	NA	NA	NA	NA	NA	NA	NA	NA	NA	NA	NA	NA	NA	R	disk_diffusion_CLSI	NA	NA	NA	NA	NA	NA	NA	NA	NA	S	disk_diffusion_CLSI	NA	R	disk_diffusion_CLSI	NA	NA	NA	NA	NA	NA	NA	NA	NA	NA	NA	NA	NA	NA	NA	NA	NA	NA	NA	NA	NA	NA	NA	NA	NA	NA	NA	NA	NA	NA	NA	NA	NA	NA	NA	NA	NA	NA	NA	NA	NA	NA	NA	NA	NA	NA	NA	NA	NA	NA	NA	NA	NA	NA	NA	NA	NA	NA	NA	NA	NA	NA	NA	NA	NA	NA	NA	NA	NA	NA	NA	NA	NA	NA	NA	NA	NA	NA	NA	NA	NA	NA	NA	NA	NA	NA	NA
SRR13712518	ID_6571762	SRR13712518	NA	zaheer2020	R	disk_diffusion_CLSI	NA	S	disk_diffusion_CLSI	NA	S	disk_diffusion_CLSI	NA	R	disk_diffusion_CLSI	NA	I	disk_diffusion_CLSI	NA	S	disk_diffusion_CLSI	NA	S	disk_diffusion_CLSI	NA	R	disk_diffusion_CLSI	NA	NA	NA	NA	NA	NA	NA	NA	NA	NA	NA	NA	NA	R	disk_diffusion_CLSI	NA	NA	NA	NA	NA	NA	NA	NA	NA	S	disk_diffusion_CLSI	NA	R	disk_diffusion_CLSI	NA	NA	NA	NA	NA	NA	NA	NA	NA	NA	NA	NA	NA	NA	NA	NA	NA	NA	NA	NA	NA	NA	NA	NA	NA	NA	NA	NA	NA	NA	NA	NA	NA	NA	NA	NA	NA	NA	NA	NA	NA	NA	NA	NA	NA	NA	NA	NA	NA	NA	NA	NA	NA	NA	NA	NA	NA	NA	NA	NA	NA	NA	NA	NA	NA	NA	NA	NA	NA	NA	NA	NA	NA	NA	NA	NA	NA	NA	NA	NA	NA	NA	NA	NA	NA	NA	NA
SRR13712536	ID_3209998	SRR13712536	NA	zaheer2020	I	disk_diffusion_CLSI	NA	S	disk_diffusion_CLSI	NA	S	disk_diffusion_CLSI	NA	R	disk_diffusion_CLSI	NA	S	disk_diffusion_CLSI	NA	S	disk_diffusion_CLSI	NA	S	disk_diffusion_CLSI	NA	R	disk_diffusion_CLSI	NA	NA	NA	NA	NA	NA	NA	NA	NA	NA	NA	NA	NA	R	disk_diffusion_CLSI	NA	NA	NA	NA	NA	NA	NA	NA	NA	S	disk_diffusion_CLSI	NA	R	disk_diffusion_CLSI	NA	NA	NA	NA	NA	NA	NA	NA	NA	NA	NA	NA	NA	NA	NA	NA	NA	NA	NA	NA	NA	NA	NA	NA	NA	NA	NA	NA	NA	NA	NA	NA	NA	NA	NA	NA	NA	NA	NA	NA	NA	NA	NA	NA	NA	NA	NA	NA	NA	NA	NA	NA	NA	NA	NA	NA	NA	NA	NA	NA	NA	NA	NA	NA	NA	NA	NA	NA	NA	NA	NA	NA	NA	NA	NA	NA	NA	NA	NA	NA	NA	NA	NA	NA	NA	NA	NA
SRR13712531	ID_6911077	SRR13712531	NA	zaheer2020	S	disk_diffusion_CLSI	NA	S	disk_diffusion_CLSI	NA	S	disk_diffusion_CLSI	NA	R	disk_diffusion_CLSI	NA	S	disk_diffusion_CLSI	NA	S	disk_diffusion_CLSI	NA	S	disk_diffusion_CLSI	NA	S	disk_diffusion_CLSI	NA	NA	NA	NA	NA	NA	NA	NA	NA	NA	NA	NA	NA	R	disk_diffusion_CLSI	NA	NA	NA	NA	NA	NA	NA	NA	NA	S	disk_diffusion_CLSI	NA	S	disk_diffusion_CLSI	NA	NA	NA	NA	NA	NA	NA	NA	NA	NA	NA	NA	NA	NA	NA	NA	NA	NA	NA	NA	NA	NA	NA	NA	NA	NA	NA	NA	NA	NA	NA	NA	NA	NA	NA	NA	NA	NA	NA	NA	NA	NA	NA	NA	NA	NA	NA	NA	NA	NA	NA	NA	NA	NA	NA	NA	NA	NA	NA	NA	NA	NA	NA	NA	NA	NA	NA	NA	NA	NA	NA	NA	NA	NA	NA	NA	NA	NA	NA	NA	NA	NA	NA	NA	NA	NA	NA
SRR13712534	ID_4313045	SRR13712534	NA	zaheer2020	S	disk_diffusion_CLSI	NA	S	disk_diffusion_CLSI	NA	S	disk_diffusion_CLSI	NA	R	disk_diffusion_CLSI	NA	R	disk_diffusion_CLSI	NA	R	disk_diffusion_CLSI	NA	S	disk_diffusion_CLSI	NA	S	disk_diffusion_CLSI	NA	NA	NA	NA	NA	NA	NA	NA	NA	NA	NA	NA	NA	R	disk_diffusion_CLSI	NA	NA	NA	NA	NA	NA	NA	NA	NA	S	disk_diffusion_CLSI	NA	R	disk_diffusion_CLSI	NA	NA	NA	NA	NA	NA	NA	NA	NA	NA	NA	NA	NA	NA	NA	NA	NA	NA	NA	NA	NA	NA	NA	NA	NA	NA	NA	NA	NA	NA	NA	NA	NA	NA	NA	NA	NA	NA	NA	NA	NA	NA	NA	NA	NA	NA	NA	NA	NA	NA	NA	NA	NA	NA	NA	NA	NA	NA	NA	NA	NA	NA	NA	NA	NA	NA	NA	NA	NA	NA	NA	NA	NA	NA	NA	NA	NA	NA	NA	NA	NA	NA	NA	NA	NA	NA	NA
SRR13712598	ID_4064652	SRR13712598	NA	zaheer2020	S	disk_diffusion_CLSI	NA	S	disk_diffusion_CLSI	NA	S	disk_diffusion_CLSI	NA	I	disk_diffusion_CLSI	NA	I	disk_diffusion_CLSI	NA	R	disk_diffusion_CLSI	NA	S	disk_diffusion_CLSI	NA	S	disk_diffusion_CLSI	NA	NA	NA	NA	NA	NA	NA	NA	NA	NA	NA	NA	NA	R	disk_diffusion_CLSI	NA	NA	NA	NA	NA	NA	NA	NA	NA	S	disk_diffusion_CLSI	NA	R	disk_diffusion_CLSI	NA	NA	NA	NA	NA	NA	NA	NA	NA	NA	NA	NA	NA	NA	NA	NA	NA	NA	NA	NA	NA	NA	NA	NA	NA	NA	NA	NA	NA	NA	NA	NA	NA	NA	NA	NA	NA	NA	NA	NA	NA	NA	NA	NA	NA	NA	NA	NA	NA	NA	NA	NA	NA	NA	NA	NA	NA	NA	NA	NA	NA	NA	NA	NA	NA	NA	NA	NA	NA	NA	NA	NA	NA	NA	NA	NA	NA	NA	NA	NA	NA	NA	NA	NA	NA	NA	NA
SRR13712532	ID_7313875	SRR13712532	NA	zaheer2020	S	disk_diffusion_CLSI	NA	S	disk_diffusion_CLSI	NA	S	disk_diffusion_CLSI	NA	R	disk_diffusion_CLSI	NA	I	disk_diffusion_CLSI	NA	S	disk_diffusion_CLSI	NA	S	disk_diffusion_CLSI	NA	S	disk_diffusion_CLSI	NA	NA	NA	NA	NA	NA	NA	NA	NA	NA	NA	NA	NA	R	disk_diffusion_CLSI	NA	NA	NA	NA	NA	NA	NA	NA	NA	S	disk_diffusion_CLSI	NA	R	disk_diffusion_CLSI	NA	NA	NA	NA	NA	NA	NA	NA	NA	NA	NA	NA	NA	NA	NA	NA	NA	NA	NA	NA	NA	NA	NA	NA	NA	NA	NA	NA	NA	NA	NA	NA	NA	NA	NA	NA	NA	NA	NA	NA	NA	NA	NA	NA	NA	NA	NA	NA	NA	NA	NA	NA	NA	NA	NA	NA	NA	NA	NA	NA	NA	NA	NA	NA	NA	NA	NA	NA	NA	NA	NA	NA	NA	NA	NA	NA	NA	NA	NA	NA	NA	NA	NA	NA	NA	NA	NA
SRR13712508	ID_8912781	SRR13712508	NA	zaheer2020	S	disk_diffusion_CLSI	NA	S	disk_diffusion_CLSI	NA	S	disk_diffusion_CLSI	NA	R	disk_diffusion_CLSI	NA	S	disk_diffusion_CLSI	NA	R	disk_diffusion_CLSI	NA	S	disk_diffusion_CLSI	NA	S	disk_diffusion_CLSI	NA	NA	NA	NA	NA	NA	NA	NA	NA	NA	NA	NA	NA	R	disk_diffusion_CLSI	NA	NA	NA	NA	NA	NA	NA	NA	NA	S	disk_diffusion_CLSI	NA	I	disk_diffusion_CLSI	NA	NA	NA	NA	NA	NA	NA	NA	NA	NA	NA	NA	NA	NA	NA	NA	NA	NA	NA	NA	NA	NA	NA	NA	NA	NA	NA	NA	NA	NA	NA	NA	NA	NA	NA	NA	NA	NA	NA	NA	NA	NA	NA	NA	NA	NA	NA	NA	NA	NA	NA	NA	NA	NA	NA	NA	NA	NA	NA	NA	NA	NA	NA	NA	NA	NA	NA	NA	NA	NA	NA	NA	NA	NA	NA	NA	NA	NA	NA	NA	NA	NA	NA	NA	NA	NA	NA
SRR13712590	ID_8355395	SRR13712590	NA	zaheer2020	S	disk_diffusion_CLSI	NA	S	disk_diffusion_CLSI	NA	S	disk_diffusion_CLSI	NA	R	disk_diffusion_CLSI	NA	S	disk_diffusion_CLSI	NA	S	disk_diffusion_CLSI	NA	S	disk_diffusion_CLSI	NA	S	disk_diffusion_CLSI	NA	NA	NA	NA	NA	NA	NA	NA	NA	NA	NA	NA	NA	R	disk_diffusion_CLSI	NA	NA	NA	NA	NA	NA	NA	NA	NA	S	disk_diffusion_CLSI	NA	I	disk_diffusion_CLSI	NA	NA	NA	NA	NA	NA	NA	NA	NA	NA	NA	NA	NA	NA	NA	NA	NA	NA	NA	NA	NA	NA	NA	NA	NA	NA	NA	NA	NA	NA	NA	NA	NA	NA	NA	NA	NA	NA	NA	NA	NA	NA	NA	NA	NA	NA	NA	NA	NA	NA	NA	NA	NA	NA	NA	NA	NA	NA	NA	NA	NA	NA	NA	NA	NA	NA	NA	NA	NA	NA	NA	NA	NA	NA	NA	NA	NA	NA	NA	NA	NA	NA	NA	NA	NA	NA	NA
SAMN13999953	ID_6596200	SAMN13999953	NA	zaheer2020	S	disk_diffusion_CLSI	NA	I	disk_diffusion_CLSI	NA	S	disk_diffusion_CLSI	NA	R	disk_diffusion_CLSI	NA	S	disk_diffusion_CLSI	NA	S	disk_diffusion_CLSI	NA	S	disk_diffusion_CLSI	NA	S	disk_diffusion_CLSI	NA	NA	NA	NA	NA	NA	NA	NA	NA	NA	NA	NA	NA	R	disk_diffusion_CLSI	NA	NA	NA	NA	NA	NA	NA	NA	NA	S	disk_diffusion_CLSI	NA	R	disk_diffusion_CLSI	NA	NA	NA	NA	NA	NA	NA	NA	NA	NA	NA	NA	NA	NA	NA	NA	NA	NA	NA	NA	NA	NA	NA	NA	NA	NA	NA	NA	NA	NA	NA	NA	NA	NA	NA	NA	NA	NA	NA	NA	NA	NA	NA	NA	NA	NA	NA	NA	NA	NA	NA	NA	NA	NA	NA	NA	NA	NA	NA	NA	NA	NA	NA	NA	NA	NA	NA	NA	NA	NA	NA	NA	NA	NA	NA	NA	NA	NA	NA	NA	NA	NA	NA	NA	NA	NA	NA
SAMN13999954	ID_4305263	SAMN13999954	NA	zaheer2020	S	disk_diffusion_CLSI	NA	S	disk_diffusion_CLSI	NA	S	disk_diffusion_CLSI	NA	R	disk_diffusion_CLSI	NA	S	disk_diffusion_CLSI	NA	S	disk_diffusion_CLSI	NA	S	disk_diffusion_CLSI	NA	S	disk_diffusion_CLSI	NA	NA	NA	NA	NA	NA	NA	NA	NA	NA	NA	NA	NA	R	disk_diffusion_CLSI	NA	NA	NA	NA	NA	NA	NA	NA	NA	S	disk_diffusion_CLSI	NA	R	disk_diffusion_CLSI	NA	NA	NA	NA	NA	NA	NA	NA	NA	NA	NA	NA	NA	NA	NA	NA	NA	NA	NA	NA	NA	NA	NA	NA	NA	NA	NA	NA	NA	NA	NA	NA	NA	NA	NA	NA	NA	NA	NA	NA	NA	NA	NA	NA	NA	NA	NA	NA	NA	NA	NA	NA	NA	NA	NA	NA	NA	NA	NA	NA	NA	NA	NA	NA	NA	NA	NA	NA	NA	NA	NA	NA	NA	NA	NA	NA	NA	NA	NA	NA	NA	NA	NA	NA	NA	NA	NA
SAMN13999955	ID_1635010	SAMN13999955	NA	zaheer2020	S	disk_diffusion_CLSI	NA	I	disk_diffusion_CLSI	NA	S	disk_diffusion_CLSI	NA	R	disk_diffusion_CLSI	NA	I	disk_diffusion_CLSI	NA	R	disk_diffusion_CLSI	NA	S	disk_diffusion_CLSI	NA	R	disk_diffusion_CLSI	NA	NA	NA	NA	NA	NA	NA	NA	NA	NA	NA	NA	NA	R	disk_diffusion_CLSI	NA	NA	NA	NA	NA	NA	NA	NA	NA	S	disk_diffusion_CLSI	NA	R	disk_diffusion_CLSI	NA	NA	NA	NA	NA	NA	NA	NA	NA	NA	NA	NA	NA	NA	NA	NA	NA	NA	NA	NA	NA	NA	NA	NA	NA	NA	NA	NA	NA	NA	NA	NA	NA	NA	NA	NA	NA	NA	NA	NA	NA	NA	NA	NA	NA	NA	NA	NA	NA	NA	NA	NA	NA	NA	NA	NA	NA	NA	NA	NA	NA	NA	NA	NA	NA	NA	NA	NA	NA	NA	NA	NA	NA	NA	NA	NA	NA	NA	NA	NA	NA	NA	NA	NA	NA	NA	NA
SAMN13999956	ID_4140710	SAMN13999956	NA	zaheer2020	R	disk_diffusion_CLSI	NA	S	disk_diffusion_CLSI	NA	S	disk_diffusion_CLSI	NA	R	disk_diffusion_CLSI	NA	S	disk_diffusion_CLSI	NA	S	disk_diffusion_CLSI	NA	S	disk_diffusion_CLSI	NA	R	disk_diffusion_CLSI	NA	NA	NA	NA	NA	NA	NA	NA	NA	NA	NA	NA	NA	R	disk_diffusion_CLSI	NA	NA	NA	NA	NA	NA	NA	NA	NA	S	disk_diffusion_CLSI	NA	R	disk_diffusion_CLSI	NA	NA	NA	NA	NA	NA	NA	NA	NA	NA	NA	NA	NA	NA	NA	NA	NA	NA	NA	NA	NA	NA	NA	NA	NA	NA	NA	NA	NA	NA	NA	NA	NA	NA	NA	NA	NA	NA	NA	NA	NA	NA	NA	NA	NA	NA	NA	NA	NA	NA	NA	NA	NA	NA	NA	NA	NA	NA	NA	NA	NA	NA	NA	NA	NA	NA	NA	NA	NA	NA	NA	NA	NA	NA	NA	NA	NA	NA	NA	NA	NA	NA	NA	NA	NA	NA	NA
SAMN13999957	ID_5757642	SAMN13999957	NA	zaheer2020	S	disk_diffusion_CLSI	NA	S	disk_diffusion_CLSI	NA	S	disk_diffusion_CLSI	NA	S	disk_diffusion_CLSI	NA	S	disk_diffusion_CLSI	NA	S	disk_diffusion_CLSI	NA	S	disk_diffusion_CLSI	NA	S	disk_diffusion_CLSI	NA	NA	NA	NA	NA	NA	NA	NA	NA	NA	NA	NA	NA	R	disk_diffusion_CLSI	NA	NA	NA	NA	NA	NA	NA	NA	NA	S	disk_diffusion_CLSI	NA	S	disk_diffusion_CLSI	NA	NA	NA	NA	NA	NA	NA	NA	NA	NA	NA	NA	NA	NA	NA	NA	NA	NA	NA	NA	NA	NA	NA	NA	NA	NA	NA	NA	NA	NA	NA	NA	NA	NA	NA	NA	NA	NA	NA	NA	NA	NA	NA	NA	NA	NA	NA	NA	NA	NA	NA	NA	NA	NA	NA	NA	NA	NA	NA	NA	NA	NA	NA	NA	NA	NA	NA	NA	NA	NA	NA	NA	NA	NA	NA	NA	NA	NA	NA	NA	NA	NA	NA	NA	NA	NA	NA
SAMN13999958	ID_5311375	SAMN13999958	NA	zaheer2020	S	disk_diffusion_CLSI	NA	S	disk_diffusion_CLSI	NA	S	disk_diffusion_CLSI	NA	S	disk_diffusion_CLSI	NA	S	disk_diffusion_CLSI	NA	S	disk_diffusion_CLSI	NA	S	disk_diffusion_CLSI	NA	S	disk_diffusion_CLSI	NA	NA	NA	NA	NA	NA	NA	NA	NA	NA	NA	NA	NA	I	disk_diffusion_CLSI	NA	NA	NA	NA	NA	NA	NA	NA	NA	S	disk_diffusion_CLSI	NA	S	disk_diffusion_CLSI	NA	NA	NA	NA	NA	NA	NA	NA	NA	NA	NA	NA	NA	NA	NA	NA	NA	NA	NA	NA	NA	NA	NA	NA	NA	NA	NA	NA	NA	NA	NA	NA	NA	NA	NA	NA	NA	NA	NA	NA	NA	NA	NA	NA	NA	NA	NA	NA	NA	NA	NA	NA	NA	NA	NA	NA	NA	NA	NA	NA	NA	NA	NA	NA	NA	NA	NA	NA	NA	NA	NA	NA	NA	NA	NA	NA	NA	NA	NA	NA	NA	NA	NA	NA	NA	NA	NA
SAMN13999959	ID_6998996	SAMN13999959	NA	zaheer2020	S	disk_diffusion_CLSI	NA	S	disk_diffusion_CLSI	NA	S	disk_diffusion_CLSI	NA	I	disk_diffusion_CLSI	NA	S	disk_diffusion_CLSI	NA	S	disk_diffusion_CLSI	NA	S	disk_diffusion_CLSI	NA	S	disk_diffusion_CLSI	NA	NA	NA	NA	NA	NA	NA	NA	NA	NA	NA	NA	NA	I	disk_diffusion_CLSI	NA	NA	NA	NA	NA	NA	NA	NA	NA	S	disk_diffusion_CLSI	NA	S	disk_diffusion_CLSI	NA	NA	NA	NA	NA	NA	NA	NA	NA	NA	NA	NA	NA	NA	NA	NA	NA	NA	NA	NA	NA	NA	NA	NA	NA	NA	NA	NA	NA	NA	NA	NA	NA	NA	NA	NA	NA	NA	NA	NA	NA	NA	NA	NA	NA	NA	NA	NA	NA	NA	NA	NA	NA	NA	NA	NA	NA	NA	NA	NA	NA	NA	NA	NA	NA	NA	NA	NA	NA	NA	NA	NA	NA	NA	NA	NA	NA	NA	NA	NA	NA	NA	NA	NA	NA	NA	NA
SAMN13999960	ID_2571216	SAMN13999960	NA	zaheer2020	S	disk_diffusion_CLSI	NA	S	disk_diffusion_CLSI	NA	S	disk_diffusion_CLSI	NA	S	disk_diffusion_CLSI	NA	S	disk_diffusion_CLSI	NA	S	disk_diffusion_CLSI	NA	S	disk_diffusion_CLSI	NA	S	disk_diffusion_CLSI	NA	NA	NA	NA	NA	NA	NA	NA	NA	NA	NA	NA	NA	R	disk_diffusion_CLSI	NA	NA	NA	NA	NA	NA	NA	NA	NA	S	disk_diffusion_CLSI	NA	S	disk_diffusion_CLSI	NA	NA	NA	NA	NA	NA	NA	NA	NA	NA	NA	NA	NA	NA	NA	NA	NA	NA	NA	NA	NA	NA	NA	NA	NA	NA	NA	NA	NA	NA	NA	NA	NA	NA	NA	NA	NA	NA	NA	NA	NA	NA	NA	NA	NA	NA	NA	NA	NA	NA	NA	NA	NA	NA	NA	NA	NA	NA	NA	NA	NA	NA	NA	NA	NA	NA	NA	NA	NA	NA	NA	NA	NA	NA	NA	NA	NA	NA	NA	NA	NA	NA	NA	NA	NA	NA	NA
SAMN13999961	ID_8511281	SAMN13999961	NA	zaheer2020	S	disk_diffusion_CLSI	NA	S	disk_diffusion_CLSI	NA	S	disk_diffusion_CLSI	NA	I	disk_diffusion_CLSI	NA	S	disk_diffusion_CLSI	NA	S	disk_diffusion_CLSI	NA	S	disk_diffusion_CLSI	NA	S	disk_diffusion_CLSI	NA	NA	NA	NA	NA	NA	NA	NA	NA	NA	NA	NA	NA	I	disk_diffusion_CLSI	NA	NA	NA	NA	NA	NA	NA	NA	NA	S	disk_diffusion_CLSI	NA	S	disk_diffusion_CLSI	NA	NA	NA	NA	NA	NA	NA	NA	NA	NA	NA	NA	NA	NA	NA	NA	NA	NA	NA	NA	NA	NA	NA	NA	NA	NA	NA	NA	NA	NA	NA	NA	NA	NA	NA	NA	NA	NA	NA	NA	NA	NA	NA	NA	NA	NA	NA	NA	NA	NA	NA	NA	NA	NA	NA	NA	NA	NA	NA	NA	NA	NA	NA	NA	NA	NA	NA	NA	NA	NA	NA	NA	NA	NA	NA	NA	NA	NA	NA	NA	NA	NA	NA	NA	NA	NA	NA
SAMN13999962	ID_5723419	SAMN13999962	NA	zaheer2020	S	disk_diffusion_CLSI	NA	S	disk_diffusion_CLSI	NA	S	disk_diffusion_CLSI	NA	I	disk_diffusion_CLSI	NA	S	disk_diffusion_CLSI	NA	S	disk_diffusion_CLSI	NA	S	disk_diffusion_CLSI	NA	S	disk_diffusion_CLSI	NA	NA	NA	NA	NA	NA	NA	NA	NA	NA	NA	NA	NA	R	disk_diffusion_CLSI	NA	NA	NA	NA	NA	NA	NA	NA	NA	S	disk_diffusion_CLSI	NA	S	disk_diffusion_CLSI	NA	NA	NA	NA	NA	NA	NA	NA	NA	NA	NA	NA	NA	NA	NA	NA	NA	NA	NA	NA	NA	NA	NA	NA	NA	NA	NA	NA	NA	NA	NA	NA	NA	NA	NA	NA	NA	NA	NA	NA	NA	NA	NA	NA	NA	NA	NA	NA	NA	NA	NA	NA	NA	NA	NA	NA	NA	NA	NA	NA	NA	NA	NA	NA	NA	NA	NA	NA	NA	NA	NA	NA	NA	NA	NA	NA	NA	NA	NA	NA	NA	NA	NA	NA	NA	NA	NA
SAMN13999963	ID_1091217	SAMN13999963	NA	zaheer2020	S	disk_diffusion_CLSI	NA	I	disk_diffusion_CLSI	NA	S	disk_diffusion_CLSI	NA	S	disk_diffusion_CLSI	NA	S	disk_diffusion_CLSI	NA	S	disk_diffusion_CLSI	NA	S	disk_diffusion_CLSI	NA	S	disk_diffusion_CLSI	NA	NA	NA	NA	NA	NA	NA	NA	NA	NA	NA	NA	NA	R	disk_diffusion_CLSI	NA	NA	NA	NA	NA	NA	NA	NA	NA	S	disk_diffusion_CLSI	NA	S	disk_diffusion_CLSI	NA	NA	NA	NA	NA	NA	NA	NA	NA	NA	NA	NA	NA	NA	NA	NA	NA	NA	NA	NA	NA	NA	NA	NA	NA	NA	NA	NA	NA	NA	NA	NA	NA	NA	NA	NA	NA	NA	NA	NA	NA	NA	NA	NA	NA	NA	NA	NA	NA	NA	NA	NA	NA	NA	NA	NA	NA	NA	NA	NA	NA	NA	NA	NA	NA	NA	NA	NA	NA	NA	NA	NA	NA	NA	NA	NA	NA	NA	NA	NA	NA	NA	NA	NA	NA	NA	NA
SAMN13999966	ID_7940205	SAMN13999966	NA	zaheer2020	S	disk_diffusion_CLSI	NA	I	disk_diffusion_CLSI	NA	S	disk_diffusion_CLSI	NA	R	disk_diffusion_CLSI	NA	S	disk_diffusion_CLSI	NA	S	disk_diffusion_CLSI	NA	S	disk_diffusion_CLSI	NA	S	disk_diffusion_CLSI	NA	NA	NA	NA	NA	NA	NA	NA	NA	NA	NA	NA	NA	R	disk_diffusion_CLSI	NA	NA	NA	NA	NA	NA	NA	NA	NA	S	disk_diffusion_CLSI	NA	R	disk_diffusion_CLSI	NA	NA	NA	NA	NA	NA	NA	NA	NA	NA	NA	NA	NA	NA	NA	NA	NA	NA	NA	NA	NA	NA	NA	NA	NA	NA	NA	NA	NA	NA	NA	NA	NA	NA	NA	NA	NA	NA	NA	NA	NA	NA	NA	NA	NA	NA	NA	NA	NA	NA	NA	NA	NA	NA	NA	NA	NA	NA	NA	NA	NA	NA	NA	NA	NA	NA	NA	NA	NA	NA	NA	NA	NA	NA	NA	NA	NA	NA	NA	NA	NA	NA	NA	NA	NA	NA	NA
SAMN13999967	ID_5927772	SAMN13999967	NA	zaheer2020	S	disk_diffusion_CLSI	NA	I	disk_diffusion_CLSI	NA	S	disk_diffusion_CLSI	NA	I	disk_diffusion_CLSI	NA	S	disk_diffusion_CLSI	NA	S	disk_diffusion_CLSI	NA	S	disk_diffusion_CLSI	NA	S	disk_diffusion_CLSI	NA	NA	NA	NA	NA	NA	NA	NA	NA	NA	NA	NA	NA	R	disk_diffusion_CLSI	NA	NA	NA	NA	NA	NA	NA	NA	NA	S	disk_diffusion_CLSI	NA	S	disk_diffusion_CLSI	NA	NA	NA	NA	NA	NA	NA	NA	NA	NA	NA	NA	NA	NA	NA	NA	NA	NA	NA	NA	NA	NA	NA	NA	NA	NA	NA	NA	NA	NA	NA	NA	NA	NA	NA	NA	NA	NA	NA	NA	NA	NA	NA	NA	NA	NA	NA	NA	NA	NA	NA	NA	NA	NA	NA	NA	NA	NA	NA	NA	NA	NA	NA	NA	NA	NA	NA	NA	NA	NA	NA	NA	NA	NA	NA	NA	NA	NA	NA	NA	NA	NA	NA	NA	NA	NA	NA
SAMN13999968	ID_8559914	SAMN13999968	NA	zaheer2020	S	disk_diffusion_CLSI	NA	S	disk_diffusion_CLSI	NA	S	disk_diffusion_CLSI	NA	I	disk_diffusion_CLSI	NA	S	disk_diffusion_CLSI	NA	S	disk_diffusion_CLSI	NA	S	disk_diffusion_CLSI	NA	S	disk_diffusion_CLSI	NA	NA	NA	NA	NA	NA	NA	NA	NA	NA	NA	NA	NA	I	disk_diffusion_CLSI	NA	NA	NA	NA	NA	NA	NA	NA	NA	S	disk_diffusion_CLSI	NA	S	disk_diffusion_CLSI	NA	NA	NA	NA	NA	NA	NA	NA	NA	NA	NA	NA	NA	NA	NA	NA	NA	NA	NA	NA	NA	NA	NA	NA	NA	NA	NA	NA	NA	NA	NA	NA	NA	NA	NA	NA	NA	NA	NA	NA	NA	NA	NA	NA	NA	NA	NA	NA	NA	NA	NA	NA	NA	NA	NA	NA	NA	NA	NA	NA	NA	NA	NA	NA	NA	NA	NA	NA	NA	NA	NA	NA	NA	NA	NA	NA	NA	NA	NA	NA	NA	NA	NA	NA	NA	NA	NA
SAMN13999969	ID_8580084	SAMN13999969	NA	zaheer2020	S	disk_diffusion_CLSI	NA	S	disk_diffusion_CLSI	NA	S	disk_diffusion_CLSI	NA	I	disk_diffusion_CLSI	NA	S	disk_diffusion_CLSI	NA	S	disk_diffusion_CLSI	NA	S	disk_diffusion_CLSI	NA	S	disk_diffusion_CLSI	NA	NA	NA	NA	NA	NA	NA	NA	NA	NA	NA	NA	NA	I	disk_diffusion_CLSI	NA	NA	NA	NA	NA	NA	NA	NA	NA	S	disk_diffusion_CLSI	NA	S	disk_diffusion_CLSI	NA	NA	NA	NA	NA	NA	NA	NA	NA	NA	NA	NA	NA	NA	NA	NA	NA	NA	NA	NA	NA	NA	NA	NA	NA	NA	NA	NA	NA	NA	NA	NA	NA	NA	NA	NA	NA	NA	NA	NA	NA	NA	NA	NA	NA	NA	NA	NA	NA	NA	NA	NA	NA	NA	NA	NA	NA	NA	NA	NA	NA	NA	NA	NA	NA	NA	NA	NA	NA	NA	NA	NA	NA	NA	NA	NA	NA	NA	NA	NA	NA	NA	NA	NA	NA	NA	NA
SAMN13999970	ID_6821961	SAMN13999970	NA	zaheer2020	S	disk_diffusion_CLSI	NA	I	disk_diffusion_CLSI	NA	S	disk_diffusion_CLSI	NA	S	disk_diffusion_CLSI	NA	S	disk_diffusion_CLSI	NA	S	disk_diffusion_CLSI	NA	S	disk_diffusion_CLSI	NA	S	disk_diffusion_CLSI	NA	NA	NA	NA	NA	NA	NA	NA	NA	NA	NA	NA	NA	R	disk_diffusion_CLSI	NA	NA	NA	NA	NA	NA	NA	NA	NA	S	disk_diffusion_CLSI	NA	S	disk_diffusion_CLSI	NA	NA	NA	NA	NA	NA	NA	NA	NA	NA	NA	NA	NA	NA	NA	NA	NA	NA	NA	NA	NA	NA	NA	NA	NA	NA	NA	NA	NA	NA	NA	NA	NA	NA	NA	NA	NA	NA	NA	NA	NA	NA	NA	NA	NA	NA	NA	NA	NA	NA	NA	NA	NA	NA	NA	NA	NA	NA	NA	NA	NA	NA	NA	NA	NA	NA	NA	NA	NA	NA	NA	NA	NA	NA	NA	NA	NA	NA	NA	NA	NA	NA	NA	NA	NA	NA	NA
SAMN13999971	ID_7929887	SAMN13999971	NA	zaheer2020	S	disk_diffusion_CLSI	NA	S	disk_diffusion_CLSI	NA	S	disk_diffusion_CLSI	NA	I	disk_diffusion_CLSI	NA	S	disk_diffusion_CLSI	NA	S	disk_diffusion_CLSI	NA	S	disk_diffusion_CLSI	NA	S	disk_diffusion_CLSI	NA	NA	NA	NA	NA	NA	NA	NA	NA	NA	NA	NA	NA	I	disk_diffusion_CLSI	NA	NA	NA	NA	NA	NA	NA	NA	NA	S	disk_diffusion_CLSI	NA	S	disk_diffusion_CLSI	NA	NA	NA	NA	NA	NA	NA	NA	NA	NA	NA	NA	NA	NA	NA	NA	NA	NA	NA	NA	NA	NA	NA	NA	NA	NA	NA	NA	NA	NA	NA	NA	NA	NA	NA	NA	NA	NA	NA	NA	NA	NA	NA	NA	NA	NA	NA	NA	NA	NA	NA	NA	NA	NA	NA	NA	NA	NA	NA	NA	NA	NA	NA	NA	NA	NA	NA	NA	NA	NA	NA	NA	NA	NA	NA	NA	NA	NA	NA	NA	NA	NA	NA	NA	NA	NA	NA
SAMN15690850	ID_1111366	SAMN15690850	Homo sapiens	chilambi2021	NA	NA	1.0	NA	Broth microdilution	NA	NA	NA	NA	NA	NA	NA	NA	NA	NA	NA	NA	NA	NA	NA	NA	NA	NA	NA	NA	NA	NA	NA	NA	NA	NA	NA	NA	NA	NA	NA	NA	NA	NA	NA	NA	NA	NA	NA	NA	NA	NA	NA	NA	NA	NA	NA	NA	NA	NA	NA	NA	NA	NA	NA	NA	512.0	NA	Broth microdilution	NA	NA	NA	NA	NA	NA	NA	NA	NA	NA	NA	NA	NA	NA	NA	NA	NA	NA	16.0	NA	Broth microdilution	NA	NA	NA	NA	NA	NA	NA	312.5	NA	Broth microdilution	32.0	NA	Broth microdilution	NA	NA	NA	NA	NA	NA	NA	NA	NA	NA	NA	NA	NA	NA	NA	NA	NA	NA	NA	NA	NA	NA	NA	NA	NA	NA	NA	NA	NA	NA	NA	NA	NA	NA	NA	NA	NA	NA	NA	NA	NA
SAMN15690851	ID_6149977	SAMN15690851	Homo sapiens	chilambi2021	NA	NA	1.0	NA	Broth microdilution	NA	NA	NA	NA	NA	NA	NA	NA	NA	NA	NA	NA	NA	NA	NA	NA	NA	NA	NA	NA	NA	NA	NA	NA	NA	NA	NA	NA	NA	NA	NA	NA	NA	NA	NA	NA	NA	NA	NA	NA	NA	NA	NA	NA	NA	NA	NA	NA	NA	NA	NA	NA	NA	NA	NA	NA	512.0	NA	Broth microdilution	NA	NA	NA	NA	NA	NA	NA	NA	NA	NA	NA	NA	NA	NA	NA	NA	NA	NA	16.0	NA	Broth microdilution	NA	NA	NA	NA	NA	NA	NA	625.0	NA	Broth microdilution	32.0	NA	Broth microdilution	NA	NA	NA	NA	NA	NA	NA	NA	NA	NA	NA	NA	NA	NA	NA	NA	NA	NA	NA	NA	NA	NA	NA	NA	NA	NA	NA	NA	NA	NA	NA	NA	NA	NA	NA	NA	NA	NA	NA	NA	NA
SAMN15690852	ID_8666899	SAMN15690852	Homo sapiens	chilambi2021	NA	NA	0.5	NA	Broth microdilution	NA	NA	NA	NA	NA	NA	NA	NA	NA	NA	NA	NA	NA	NA	NA	NA	NA	NA	NA	NA	NA	NA	NA	NA	NA	NA	NA	NA	NA	NA	NA	NA	NA	NA	NA	NA	NA	NA	NA	NA	NA	NA	NA	NA	NA	NA	NA	NA	NA	NA	NA	NA	NA	NA	NA	NA	128.0	NA	Broth microdilution	NA	NA	NA	NA	NA	NA	NA	NA	NA	NA	NA	NA	NA	NA	NA	NA	NA	NA	0.25	NA	Broth microdilution	NA	NA	NA	NA	NA	NA	NA	156.25	NA	Broth microdilution	4.0	NA	Broth microdilution	NA	NA	NA	NA	NA	NA	NA	NA	NA	NA	NA	NA	NA	NA	NA	NA	NA	NA	NA	NA	NA	NA	NA	NA	NA	NA	NA	NA	NA	NA	NA	NA	NA	NA	NA	NA	NA	NA	NA	NA	NA
SAMN15690853	ID_8773550	SAMN15690853	Homo sapiens	chilambi2021	NA	NA	2.0	NA	Broth microdilution	NA	NA	NA	NA	NA	NA	NA	NA	NA	NA	NA	NA	NA	NA	NA	NA	NA	NA	NA	NA	NA	NA	NA	NA	NA	NA	NA	NA	NA	NA	NA	NA	NA	NA	NA	NA	NA	NA	NA	NA	NA	NA	NA	NA	NA	NA	NA	NA	NA	NA	NA	NA	NA	NA	NA	NA	64.0	NA	Broth microdilution	NA	NA	NA	NA	NA	NA	NA	NA	NA	NA	NA	NA	NA	NA	NA	NA	NA	NA	0.125	NA	Broth microdilution	NA	NA	NA	NA	NA	NA	NA	312.5	NA	Broth microdilution	2.0	NA	Broth microdilution	NA	NA	NA	NA	NA	NA	NA	NA	NA	NA	NA	NA	NA	NA	NA	NA	NA	NA	NA	NA	NA	NA	NA	NA	NA	NA	NA	NA	NA	NA	NA	NA	NA	NA	NA	NA	NA	NA	NA	NA	NA
SAMN15690854	ID_3375647	SAMN15690854	Homo sapiens	chilambi2021	NA	NA	2.0	NA	Broth microdilution	NA	NA	NA	NA	NA	NA	NA	NA	NA	NA	NA	NA	NA	NA	NA	NA	NA	NA	NA	NA	NA	NA	NA	NA	NA	NA	NA	NA	NA	NA	NA	NA	NA	NA	NA	NA	NA	NA	NA	NA	NA	NA	NA	NA	NA	NA	NA	NA	NA	NA	NA	NA	NA	NA	NA	NA	128.0	NA	Broth microdilution	NA	NA	NA	NA	NA	NA	NA	NA	NA	NA	NA	NA	NA	NA	NA	NA	NA	NA	0.5	NA	Broth microdilution	NA	NA	NA	NA	NA	NA	NA	625.0	NA	Broth microdilution	4.0	NA	Broth microdilution	NA	NA	NA	NA	NA	NA	NA	NA	NA	NA	NA	NA	NA	NA	NA	NA	NA	NA	NA	NA	NA	NA	NA	NA	NA	NA	NA	NA	NA	NA	NA	NA	NA	NA	NA	NA	NA	NA	NA	NA	NA
SAMN15690855	ID_6446508	SAMN15690855	Homo sapiens	chilambi2021	NA	NA	2.0	NA	Broth microdilution	NA	NA	NA	NA	NA	NA	NA	NA	NA	NA	NA	NA	NA	NA	NA	NA	NA	NA	NA	NA	NA	NA	NA	NA	NA	NA	NA	NA	NA	NA	NA	NA	NA	NA	NA	NA	NA	NA	NA	NA	NA	NA	NA	NA	NA	NA	NA	NA	NA	NA	NA	NA	NA	NA	NA	NA	64.0	NA	Broth microdilution	NA	NA	NA	NA	NA	NA	NA	NA	NA	NA	NA	NA	NA	NA	NA	NA	NA	NA	0.5	NA	Broth microdilution	NA	NA	NA	NA	NA	NA	NA	625.0	NA	Broth microdilution	2.0	NA	Broth microdilution	NA	NA	NA	NA	NA	NA	NA	NA	NA	NA	NA	NA	NA	NA	NA	NA	NA	NA	NA	NA	NA	NA	NA	NA	NA	NA	NA	NA	NA	NA	NA	NA	NA	NA	NA	NA	NA	NA	NA	NA	NA
SAMN15690856	ID_2045045	SAMN15690856	Homo sapiens	chilambi2021	NA	NA	2.0	NA	Broth microdilution	NA	NA	NA	NA	NA	NA	NA	NA	NA	NA	NA	NA	NA	NA	NA	NA	NA	NA	NA	NA	NA	NA	NA	NA	NA	NA	NA	NA	NA	NA	NA	NA	NA	NA	NA	NA	NA	NA	NA	NA	NA	NA	NA	NA	NA	NA	NA	NA	NA	NA	NA	NA	NA	NA	NA	NA	128.0	NA	Broth microdilution	NA	NA	NA	NA	NA	NA	NA	NA	NA	NA	NA	NA	NA	NA	NA	NA	NA	NA	0.25	NA	Broth microdilution	NA	NA	NA	NA	NA	NA	NA	312.5	NA	Broth microdilution	2.0	NA	Broth microdilution	NA	NA	NA	NA	NA	NA	NA	NA	NA	NA	NA	NA	NA	NA	NA	NA	NA	NA	NA	NA	NA	NA	NA	NA	NA	NA	NA	NA	NA	NA	NA	NA	NA	NA	NA	NA	NA	NA	NA	NA	NA
SAMN15690857	ID_5522392	SAMN15690857	Homo sapiens	chilambi2021	NA	NA	2.0	NA	Broth microdilution	NA	NA	NA	NA	NA	NA	NA	NA	NA	NA	NA	NA	NA	NA	NA	NA	NA	NA	NA	NA	NA	NA	NA	NA	NA	NA	NA	NA	NA	NA	NA	NA	NA	NA	NA	NA	NA	NA	NA	NA	NA	NA	NA	NA	NA	NA	NA	NA	NA	NA	NA	NA	NA	NA	NA	NA	128.0	NA	Broth microdilution	NA	NA	NA	NA	NA	NA	NA	NA	NA	NA	NA	NA	NA	NA	NA	NA	NA	NA	0.25	NA	Broth microdilution	NA	NA	NA	NA	NA	NA	NA	78125.0	NA	Broth microdilution	2.0	NA	Broth microdilution	NA	NA	NA	NA	NA	NA	NA	NA	NA	NA	NA	NA	NA	NA	NA	NA	NA	NA	NA	NA	NA	NA	NA	NA	NA	NA	NA	NA	NA	NA	NA	NA	NA	NA	NA	NA	NA	NA	NA	NA	NA
SAMN15690858	ID_1058732	SAMN15690858	Homo sapiens	chilambi2021	NA	NA	1.0	NA	Broth microdilution	NA	NA	NA	NA	NA	NA	NA	NA	NA	NA	NA	NA	NA	NA	NA	NA	NA	NA	NA	NA	NA	NA	NA	NA	NA	NA	NA	NA	NA	NA	NA	NA	NA	NA	NA	NA	NA	NA	NA	NA	NA	NA	NA	NA	NA	NA	NA	NA	NA	NA	NA	NA	NA	NA	NA	NA	256.0	NA	Broth microdilution	NA	NA	NA	NA	NA	NA	NA	NA	NA	NA	NA	NA	NA	NA	NA	NA	NA	NA	0.25	NA	Broth microdilution	NA	NA	NA	NA	NA	NA	NA	625.0	NA	Broth microdilution	2.0	NA	Broth microdilution	NA	NA	NA	NA	NA	NA	NA	NA	NA	NA	NA	NA	NA	NA	NA	NA	NA	NA	NA	NA	NA	NA	NA	NA	NA	NA	NA	NA	NA	NA	NA	NA	NA	NA	NA	NA	NA	NA	NA	NA	NA
SAMN15690859	ID_1391565	SAMN15690859	Homo sapiens	chilambi2021	NA	NA	1.0	NA	Broth microdilution	NA	NA	NA	NA	NA	NA	NA	NA	NA	NA	NA	NA	NA	NA	NA	NA	NA	NA	NA	NA	NA	NA	NA	NA	NA	NA	NA	NA	NA	NA	NA	NA	NA	NA	NA	NA	NA	NA	NA	NA	NA	NA	NA	NA	NA	NA	NA	NA	NA	NA	NA	NA	NA	NA	NA	NA	64.0	NA	Broth microdilution	NA	NA	NA	NA	NA	NA	NA	NA	NA	NA	NA	NA	NA	NA	NA	NA	NA	NA	0.25	NA	Broth microdilution	NA	NA	NA	NA	NA	NA	NA	312.5	NA	Broth microdilution	2.0	NA	Broth microdilution	NA	NA	NA	NA	NA	NA	NA	NA	NA	NA	NA	NA	NA	NA	NA	NA	NA	NA	NA	NA	NA	NA	NA	NA	NA	NA	NA	NA	NA	NA	NA	NA	NA	NA	NA	NA	NA	NA	NA	NA	NA
SAMN15690860	ID_8040267	SAMN15690860	Homo sapiens	chilambi2021	NA	NA	1.0	NA	Broth microdilution	NA	NA	NA	NA	NA	NA	NA	NA	NA	NA	NA	NA	NA	NA	NA	NA	NA	NA	NA	NA	NA	NA	NA	NA	NA	NA	NA	NA	NA	NA	NA	NA	NA	NA	NA	NA	NA	NA	NA	NA	NA	NA	NA	NA	NA	NA	NA	NA	NA	NA	NA	NA	NA	NA	NA	NA	512.0	NA	Broth microdilution	NA	NA	NA	NA	NA	NA	NA	NA	NA	NA	NA	NA	NA	NA	NA	NA	NA	NA	32.0	NA	Broth microdilution	NA	NA	NA	NA	NA	NA	NA	312.5	NA	Broth microdilution	32.0	NA	Broth microdilution	NA	NA	NA	NA	NA	NA	NA	NA	NA	NA	NA	NA	NA	NA	NA	NA	NA	NA	NA	NA	NA	NA	NA	NA	NA	NA	NA	NA	NA	NA	NA	NA	NA	NA	NA	NA	NA	NA	NA	NA	NA
SAMN15690861	ID_1138548	SAMN15690861	Homo sapiens	chilambi2021	NA	NA	1.0	NA	Broth microdilution	NA	NA	NA	NA	NA	NA	NA	NA	NA	NA	NA	NA	NA	NA	NA	NA	NA	NA	NA	NA	NA	NA	NA	NA	NA	NA	NA	NA	NA	NA	NA	NA	NA	NA	NA	NA	NA	NA	NA	NA	NA	NA	NA	NA	NA	NA	NA	NA	NA	NA	NA	NA	NA	NA	NA	NA	128.0	NA	Broth microdilution	NA	NA	NA	NA	NA	NA	NA	NA	NA	NA	NA	NA	NA	NA	NA	NA	NA	NA	1.0	NA	Broth microdilution	NA	NA	NA	NA	NA	NA	NA	78125.0	NA	Broth microdilution	2.0	NA	Broth microdilution	NA	NA	NA	NA	NA	NA	NA	NA	NA	NA	NA	NA	NA	NA	NA	NA	NA	NA	NA	NA	NA	NA	NA	NA	NA	NA	NA	NA	NA	NA	NA	NA	NA	NA	NA	NA	NA	NA	NA	NA	NA
SAMN15690862	ID_4972620	SAMN15690862	Homo sapiens	chilambi2021	NA	NA	1.0	NA	Broth microdilution	NA	NA	NA	NA	NA	NA	NA	NA	NA	NA	NA	NA	NA	NA	NA	NA	NA	NA	NA	NA	NA	NA	NA	NA	NA	NA	NA	NA	NA	NA	NA	NA	NA	NA	NA	NA	NA	NA	NA	NA	NA	NA	NA	NA	NA	NA	NA	NA	NA	NA	NA	NA	NA	NA	NA	NA	128.0	NA	Broth microdilution	NA	NA	NA	NA	NA	NA	NA	NA	NA	NA	NA	NA	NA	NA	NA	NA	NA	NA	1.0	NA	Broth microdilution	NA	NA	NA	NA	NA	NA	NA	78125.0	NA	Broth microdilution	4.0	NA	Broth microdilution	NA	NA	NA	NA	NA	NA	NA	NA	NA	NA	NA	NA	NA	NA	NA	NA	NA	NA	NA	NA	NA	NA	NA	NA	NA	NA	NA	NA	NA	NA	NA	NA	NA	NA	NA	NA	NA	NA	NA	NA	NA
SAMN15690863	ID_1031588	SAMN15690863	Homo sapiens	chilambi2021	NA	NA	1.0	NA	Broth microdilution	NA	NA	NA	NA	NA	NA	NA	NA	NA	NA	NA	NA	NA	NA	NA	NA	NA	NA	NA	NA	NA	NA	NA	NA	NA	NA	NA	NA	NA	NA	NA	NA	NA	NA	NA	NA	NA	NA	NA	NA	NA	NA	NA	NA	NA	NA	NA	NA	NA	NA	NA	NA	NA	NA	NA	NA	128.0	NA	Broth microdilution	NA	NA	NA	NA	NA	NA	NA	NA	NA	NA	NA	NA	NA	NA	NA	NA	NA	NA	1.0	NA	Broth microdilution	NA	NA	NA	NA	NA	NA	NA	625.0	NA	Broth microdilution	2.0	NA	Broth microdilution	NA	NA	NA	NA	NA	NA	NA	NA	NA	NA	NA	NA	NA	NA	NA	NA	NA	NA	NA	NA	NA	NA	NA	NA	NA	NA	NA	NA	NA	NA	NA	NA	NA	NA	NA	NA	NA	NA	NA	NA	NA
SAMN15690864	ID_5398880	SAMN15690864	Homo sapiens	chilambi2021	NA	NA	1.0	NA	Broth microdilution	NA	NA	NA	NA	NA	NA	NA	NA	NA	NA	NA	NA	NA	NA	NA	NA	NA	NA	NA	NA	NA	NA	NA	NA	NA	NA	NA	NA	NA	NA	NA	NA	NA	NA	NA	NA	NA	NA	NA	NA	NA	NA	NA	NA	NA	NA	NA	NA	NA	NA	NA	NA	NA	NA	NA	NA	128.0	NA	Broth microdilution	NA	NA	NA	NA	NA	NA	NA	NA	NA	NA	NA	NA	NA	NA	NA	NA	NA	NA	0.25	NA	Broth microdilution	NA	NA	NA	NA	NA	NA	NA	1250.0	NA	Broth microdilution	4.0	NA	Broth microdilution	NA	NA	NA	NA	NA	NA	NA	NA	NA	NA	NA	NA	NA	NA	NA	NA	NA	NA	NA	NA	NA	NA	NA	NA	NA	NA	NA	NA	NA	NA	NA	NA	NA	NA	NA	NA	NA	NA	NA	NA	NA
SAMN15957523	ID_5157463	SAMN15957523	Clanga pomarina	aun2021	NA	NA	3.0	S	Etest	NA	NA	NA	NA	NA	NA	NA	NA	NA	NA	NA	NA	NA	NA	NA	NA	NA	NA	NA	NA	NA	NA	NA	NA	NA	NA	NA	NA	NA	NA	NA	NA	NA	NA	NA	NA	NA	NA	NA	NA	NA	NA	NA	NA	NA	NA	NA	NA	NA	NA	NA	NA	NA	NA	NA	NA	NA	NA	NA	NA	NA	NA	NA	NA	NA	NA	NA	NA	NA	NA	NA	NA	NA	NA	NA	NA	NA	NA	NA	NA	NA	NA	NA	NA	NA	NA	NA	NA	NA	NA	NA	NA	NA	NA	NA	NA	NA	NA	NA	NA	NA	NA	NA	NA	NA	NA	NA	NA	NA	NA	NA	NA	NA	NA	NA	NA	NA	NA	NA	NA	NA	NA	NA	NA	NA	NA	NA	NA	NA	NA	NA	NA	NA	NA
SAMN15957524	ID_3866456	SAMN15957524	Clanga pomarina	aun2021	NA	NA	1.0	S	Etest	NA	NA	NA	NA	NA	NA	NA	NA	NA	NA	NA	NA	NA	NA	NA	NA	NA	NA	NA	NA	NA	NA	NA	NA	NA	NA	NA	NA	NA	NA	NA	NA	NA	NA	NA	NA	NA	NA	NA	NA	NA	NA	NA	NA	NA	NA	NA	NA	NA	NA	NA	NA	NA	NA	NA	NA	NA	NA	NA	NA	NA	NA	NA	NA	NA	NA	NA	NA	NA	NA	NA	NA	NA	NA	NA	NA	NA	NA	NA	NA	NA	NA	NA	NA	NA	NA	NA	NA	NA	NA	NA	NA	NA	NA	NA	NA	NA	NA	NA	NA	NA	NA	NA	NA	NA	NA	NA	NA	NA	NA	NA	NA	NA	NA	NA	NA	NA	NA	NA	NA	NA	NA	NA	NA	NA	NA	NA	NA	NA	NA	NA	NA	NA	NA
SAMN15957525	ID_6351978	SAMN15957525	Clanga pomarina	aun2021	NA	NA	3.0	S	Etest	NA	NA	NA	NA	NA	NA	NA	NA	NA	NA	NA	NA	NA	NA	NA	NA	NA	NA	NA	NA	NA	NA	NA	NA	NA	NA	NA	NA	NA	NA	NA	NA	NA	NA	NA	NA	NA	NA	NA	NA	NA	NA	NA	NA	NA	NA	NA	NA	NA	NA	NA	NA	NA	NA	NA	NA	NA	NA	NA	NA	NA	NA	NA	NA	NA	NA	NA	NA	NA	NA	NA	NA	NA	NA	NA	NA	NA	NA	NA	NA	NA	NA	NA	NA	NA	NA	NA	NA	NA	NA	NA	NA	NA	NA	NA	NA	NA	NA	NA	NA	NA	NA	NA	NA	NA	NA	NA	NA	NA	NA	NA	NA	NA	NA	NA	NA	NA	NA	NA	NA	NA	NA	NA	NA	NA	NA	NA	NA	NA	NA	NA	NA	NA	NA
SAMN15957526	ID_2564421	SAMN15957526	Buteo buteo	aun2021	NA	NA	1.5	S	Etest	NA	NA	NA	NA	NA	NA	NA	NA	NA	NA	NA	NA	NA	NA	NA	NA	NA	NA	NA	NA	NA	NA	NA	NA	NA	NA	NA	NA	NA	NA	NA	NA	NA	NA	NA	NA	NA	NA	NA	NA	NA	NA	NA	NA	NA	NA	NA	NA	NA	NA	NA	NA	NA	NA	NA	NA	NA	NA	NA	NA	NA	NA	NA	NA	NA	NA	NA	NA	NA	NA	NA	NA	NA	NA	NA	NA	NA	NA	NA	NA	NA	NA	NA	NA	NA	NA	NA	NA	NA	NA	NA	NA	NA	NA	NA	NA	NA	NA	NA	NA	NA	NA	NA	NA	NA	NA	NA	NA	NA	NA	NA	NA	NA	NA	NA	NA	NA	NA	NA	NA	NA	NA	NA	NA	NA	NA	NA	NA	NA	NA	NA	NA	NA	NA
SAMN15957527	ID_5440120	SAMN15957527	Accipiter gentilis	aun2021	NA	NA	0.75	S	Etest	NA	NA	NA	NA	NA	NA	NA	NA	NA	NA	NA	NA	NA	NA	NA	NA	NA	NA	NA	NA	NA	NA	NA	NA	NA	NA	NA	NA	NA	NA	NA	NA	NA	NA	NA	NA	NA	NA	NA	NA	NA	NA	NA	NA	NA	NA	NA	NA	NA	NA	NA	NA	NA	NA	NA	NA	NA	NA	NA	NA	NA	NA	NA	NA	NA	NA	NA	NA	NA	NA	NA	NA	NA	NA	NA	NA	NA	NA	NA	NA	NA	NA	NA	NA	NA	NA	NA	NA	NA	NA	NA	NA	NA	NA	NA	NA	NA	NA	NA	NA	NA	NA	NA	NA	NA	NA	NA	NA	NA	NA	NA	NA	NA	NA	NA	NA	NA	NA	NA	NA	NA	NA	NA	NA	NA	NA	NA	NA	NA	NA	NA	NA	NA	NA
SAMN15957528	ID_3978138	SAMN15957528	Accipiter gentilis	aun2021	NA	NA	0.5	S	Etest	NA	NA	NA	NA	NA	NA	NA	NA	NA	NA	NA	NA	NA	NA	NA	NA	NA	NA	NA	NA	NA	NA	NA	NA	NA	NA	NA	NA	NA	NA	NA	NA	NA	NA	NA	NA	NA	NA	NA	NA	NA	NA	NA	NA	NA	NA	NA	NA	NA	NA	NA	NA	NA	NA	NA	NA	NA	NA	NA	NA	NA	NA	NA	NA	NA	NA	NA	NA	NA	NA	NA	NA	NA	NA	NA	NA	NA	NA	NA	NA	NA	NA	NA	NA	NA	NA	NA	NA	NA	NA	NA	NA	NA	NA	NA	NA	NA	NA	NA	NA	NA	NA	NA	NA	NA	NA	NA	NA	NA	NA	NA	NA	NA	NA	NA	NA	NA	NA	NA	NA	NA	NA	NA	NA	NA	NA	NA	NA	NA	NA	NA	NA	NA	NA
SAMN15957529	ID_6655303	SAMN15957529	Accipiter gentilis	aun2021	NA	NA	0.75	S	Etest	NA	NA	NA	NA	NA	NA	NA	NA	NA	NA	NA	NA	NA	NA	NA	NA	NA	NA	NA	NA	NA	NA	NA	NA	NA	NA	NA	NA	NA	NA	NA	NA	NA	NA	NA	NA	NA	NA	NA	NA	NA	NA	NA	NA	NA	NA	NA	NA	NA	NA	NA	NA	NA	NA	NA	NA	NA	NA	NA	NA	NA	NA	NA	NA	NA	NA	NA	NA	NA	NA	NA	NA	NA	NA	NA	NA	NA	NA	NA	NA	NA	NA	NA	NA	NA	NA	NA	NA	NA	NA	NA	NA	NA	NA	NA	NA	NA	NA	NA	NA	NA	NA	NA	NA	NA	NA	NA	NA	NA	NA	NA	NA	NA	NA	NA	NA	NA	NA	NA	NA	NA	NA	NA	NA	NA	NA	NA	NA	NA	NA	NA	NA	NA	NA
SAMN15957530	ID_3471316	SAMN15957530	Accipiter gentilis	aun2021	NA	NA	1.0	S	Etest	NA	NA	NA	NA	NA	NA	NA	NA	NA	NA	NA	NA	NA	NA	NA	NA	NA	NA	NA	NA	NA	NA	NA	NA	NA	NA	NA	NA	NA	NA	NA	NA	NA	NA	NA	NA	NA	NA	NA	NA	NA	NA	NA	NA	NA	NA	NA	NA	NA	NA	NA	NA	NA	NA	NA	NA	NA	NA	NA	NA	NA	NA	NA	NA	NA	NA	NA	NA	NA	NA	NA	NA	NA	NA	NA	NA	NA	NA	NA	NA	NA	NA	NA	NA	NA	NA	NA	NA	NA	NA	NA	NA	NA	NA	NA	NA	NA	NA	NA	NA	NA	NA	NA	NA	NA	NA	NA	NA	NA	NA	NA	NA	NA	NA	NA	NA	NA	NA	NA	NA	NA	NA	NA	NA	NA	NA	NA	NA	NA	NA	NA	NA	NA	NA
SAMN15957531	ID_4906608	SAMN15957531	Accipiter gentilis	aun2021	NA	NA	0.75	S	Etest	NA	NA	NA	NA	NA	NA	NA	NA	NA	NA	NA	NA	NA	NA	NA	NA	NA	NA	NA	NA	NA	NA	NA	NA	NA	NA	NA	NA	NA	NA	NA	NA	NA	NA	NA	NA	NA	NA	NA	NA	NA	NA	NA	NA	NA	NA	NA	NA	NA	NA	NA	NA	NA	NA	NA	NA	NA	NA	NA	NA	NA	NA	NA	NA	NA	NA	NA	NA	NA	NA	NA	NA	NA	NA	NA	NA	NA	NA	NA	NA	NA	NA	NA	NA	NA	NA	NA	NA	NA	NA	NA	NA	NA	NA	NA	NA	NA	NA	NA	NA	NA	NA	NA	NA	NA	NA	NA	NA	NA	NA	NA	NA	NA	NA	NA	NA	NA	NA	NA	NA	NA	NA	NA	NA	NA	NA	NA	NA	NA	NA	NA	NA	NA	NA
SAMN15957532	ID_3680352	SAMN15957532	Accipiter gentilis	aun2021	NA	NA	1.0	S	Etest	NA	NA	NA	NA	NA	NA	NA	NA	NA	NA	NA	NA	NA	NA	NA	NA	NA	NA	NA	NA	NA	NA	NA	NA	NA	NA	NA	NA	NA	NA	NA	NA	NA	NA	NA	NA	NA	NA	NA	NA	NA	NA	NA	NA	NA	NA	NA	NA	NA	NA	NA	NA	NA	NA	NA	NA	NA	NA	NA	NA	NA	NA	NA	NA	NA	NA	NA	NA	NA	NA	NA	NA	NA	NA	NA	NA	NA	NA	NA	NA	NA	NA	NA	NA	NA	NA	NA	NA	NA	NA	NA	NA	NA	NA	NA	NA	NA	NA	NA	NA	NA	NA	NA	NA	NA	NA	NA	NA	NA	NA	NA	NA	NA	NA	NA	NA	NA	NA	NA	NA	NA	NA	NA	NA	NA	NA	NA	NA	NA	NA	NA	NA	NA	NA
SAMN15957534	ID_2037193	SAMN15957534	Accipiter gentilis	aun2021	NA	NA	2.0	S	Etest	NA	NA	NA	NA	NA	NA	NA	NA	NA	NA	NA	NA	NA	NA	NA	NA	NA	NA	NA	NA	NA	NA	NA	NA	NA	NA	NA	NA	NA	NA	NA	NA	NA	NA	NA	NA	NA	NA	NA	NA	NA	NA	NA	NA	NA	NA	NA	NA	NA	NA	NA	NA	NA	NA	NA	NA	NA	NA	NA	NA	NA	NA	NA	NA	NA	NA	NA	NA	NA	NA	NA	NA	NA	NA	NA	NA	NA	NA	NA	NA	NA	NA	NA	NA	NA	NA	NA	NA	NA	NA	NA	NA	NA	NA	NA	NA	NA	NA	NA	NA	NA	NA	NA	NA	NA	NA	NA	NA	NA	NA	NA	NA	NA	NA	NA	NA	NA	NA	NA	NA	NA	NA	NA	NA	NA	NA	NA	NA	NA	NA	NA	NA	NA	NA
SAMN15957535	ID_4732169	SAMN15957535	Buteo buteo	aun2021	NA	NA	3.0	S	Etest	NA	NA	NA	NA	NA	NA	NA	NA	NA	NA	NA	NA	NA	NA	NA	NA	NA	NA	NA	NA	NA	NA	NA	NA	NA	NA	NA	NA	NA	NA	NA	NA	NA	NA	NA	NA	NA	NA	NA	NA	NA	NA	NA	NA	NA	NA	NA	NA	NA	NA	NA	NA	NA	NA	NA	NA	NA	NA	NA	NA	NA	NA	NA	NA	NA	NA	NA	NA	NA	NA	NA	NA	NA	NA	NA	NA	NA	NA	NA	NA	NA	NA	NA	NA	NA	NA	NA	NA	NA	NA	NA	NA	NA	NA	NA	NA	NA	NA	NA	NA	NA	NA	NA	NA	NA	NA	NA	NA	NA	NA	NA	NA	NA	NA	NA	NA	NA	NA	NA	NA	NA	NA	NA	NA	NA	NA	NA	NA	NA	NA	NA	NA	NA	NA
SAMN15957536	ID_6122394	SAMN15957536	Clanga pomarina	aun2021	NA	NA	1.5	S	Etest	NA	NA	NA	NA	NA	NA	NA	NA	NA	NA	NA	NA	NA	NA	NA	NA	NA	NA	NA	NA	NA	NA	NA	NA	NA	NA	NA	NA	NA	NA	NA	NA	NA	NA	NA	NA	NA	NA	NA	NA	NA	NA	NA	NA	NA	NA	NA	NA	NA	NA	NA	NA	NA	NA	NA	NA	NA	NA	NA	NA	NA	NA	NA	NA	NA	NA	NA	NA	NA	NA	NA	NA	NA	NA	NA	NA	NA	NA	NA	NA	NA	NA	NA	NA	NA	NA	NA	NA	NA	NA	NA	NA	NA	NA	NA	NA	NA	NA	NA	NA	NA	NA	NA	NA	NA	NA	NA	NA	NA	NA	NA	NA	NA	NA	NA	NA	NA	NA	NA	NA	NA	NA	NA	NA	NA	NA	NA	NA	NA	NA	NA	NA	NA	NA
SAMN15957537	ID_7238275	SAMN15957537	Clanga pomarina	aun2021	NA	NA	1.5	S	Etest	NA	NA	NA	NA	NA	NA	NA	NA	NA	NA	NA	NA	NA	NA	NA	NA	NA	NA	NA	NA	NA	NA	NA	NA	NA	NA	NA	NA	NA	NA	NA	NA	NA	NA	NA	NA	NA	NA	NA	NA	NA	NA	NA	NA	NA	NA	NA	NA	NA	NA	NA	NA	NA	NA	NA	NA	NA	NA	NA	NA	NA	NA	NA	NA	NA	NA	NA	NA	NA	NA	NA	NA	NA	NA	NA	NA	NA	NA	NA	NA	NA	NA	NA	NA	NA	NA	NA	NA	NA	NA	NA	NA	NA	NA	NA	NA	NA	NA	NA	NA	NA	NA	NA	NA	NA	NA	NA	NA	NA	NA	NA	NA	NA	NA	NA	NA	NA	NA	NA	NA	NA	NA	NA	NA	NA	NA	NA	NA	NA	NA	NA	NA	NA	NA
SAMN15957538	ID_1223222	SAMN15957538	Clanga pomarina	aun2021	NA	NA	1.0	S	Etest	NA	NA	NA	NA	NA	NA	NA	NA	NA	NA	NA	NA	NA	NA	NA	NA	NA	NA	NA	NA	NA	NA	NA	NA	NA	NA	NA	NA	NA	NA	NA	NA	NA	NA	NA	NA	NA	NA	NA	NA	NA	NA	NA	NA	NA	NA	NA	NA	NA	NA	NA	NA	NA	NA	NA	NA	NA	NA	NA	NA	NA	NA	NA	NA	NA	NA	NA	NA	NA	NA	NA	NA	NA	NA	NA	NA	NA	NA	NA	NA	NA	NA	NA	NA	NA	NA	NA	NA	NA	NA	NA	NA	NA	NA	NA	NA	NA	NA	NA	NA	NA	NA	NA	NA	NA	NA	NA	NA	NA	NA	NA	NA	NA	NA	NA	NA	NA	NA	NA	NA	NA	NA	NA	NA	NA	NA	NA	NA	NA	NA	NA	NA	NA	NA
SAMN15957539	ID_6341251	SAMN15957539	Clanga pomarina	aun2021	NA	NA	1.0	S	Etest	NA	NA	NA	NA	NA	NA	NA	NA	NA	NA	NA	NA	NA	NA	NA	NA	NA	NA	NA	NA	NA	NA	NA	NA	NA	NA	NA	NA	NA	NA	NA	NA	NA	NA	NA	NA	NA	NA	NA	NA	NA	NA	NA	NA	NA	NA	NA	NA	NA	NA	NA	NA	NA	NA	NA	NA	NA	NA	NA	NA	NA	NA	NA	NA	NA	NA	NA	NA	NA	NA	NA	NA	NA	NA	NA	NA	NA	NA	NA	NA	NA	NA	NA	NA	NA	NA	NA	NA	NA	NA	NA	NA	NA	NA	NA	NA	NA	NA	NA	NA	NA	NA	NA	NA	NA	NA	NA	NA	NA	NA	NA	NA	NA	NA	NA	NA	NA	NA	NA	NA	NA	NA	NA	NA	NA	NA	NA	NA	NA	NA	NA	NA	NA	NA
SAMN15957540	ID_6196397	SAMN15957540	Buteo buteo	aun2021	NA	NA	1.5	S	Etest	NA	NA	NA	NA	NA	NA	NA	NA	NA	NA	NA	NA	NA	NA	NA	NA	NA	NA	NA	NA	NA	NA	NA	NA	NA	NA	NA	NA	NA	NA	NA	NA	NA	NA	NA	NA	NA	NA	NA	NA	NA	NA	NA	NA	NA	NA	NA	NA	NA	NA	NA	NA	NA	NA	NA	NA	NA	NA	NA	NA	NA	NA	NA	NA	NA	NA	NA	NA	NA	NA	NA	NA	NA	NA	NA	NA	NA	NA	NA	NA	NA	NA	NA	NA	NA	NA	NA	NA	NA	NA	NA	NA	NA	NA	NA	NA	NA	NA	NA	NA	NA	NA	NA	NA	NA	NA	NA	NA	NA	NA	NA	NA	NA	NA	NA	NA	NA	NA	NA	NA	NA	NA	NA	NA	NA	NA	NA	NA	NA	NA	NA	NA	NA	NA
SAMN15957541	ID_8665638	SAMN15957541	Buteo buteo	aun2021	NA	NA	3.0	S	Etest	NA	NA	NA	NA	NA	NA	NA	NA	NA	NA	NA	NA	NA	NA	NA	NA	NA	NA	NA	NA	NA	NA	NA	NA	NA	NA	NA	NA	NA	NA	NA	NA	NA	NA	NA	NA	NA	NA	NA	NA	NA	NA	NA	NA	NA	NA	NA	NA	NA	NA	NA	NA	NA	NA	NA	NA	NA	NA	NA	NA	NA	NA	NA	NA	NA	NA	NA	NA	NA	NA	NA	NA	NA	NA	NA	NA	NA	NA	NA	NA	NA	NA	NA	NA	NA	NA	NA	NA	NA	NA	NA	NA	NA	NA	NA	NA	NA	NA	NA	NA	NA	NA	NA	NA	NA	NA	NA	NA	NA	NA	NA	NA	NA	NA	NA	NA	NA	NA	NA	NA	NA	NA	NA	NA	NA	NA	NA	NA	NA	NA	NA	NA	NA	NA
SAMN15957542	ID_3092067	SAMN15957542	Clanga pomarina	aun2021	NA	NA	1.5	S	Etest	NA	NA	NA	NA	NA	NA	NA	NA	NA	NA	NA	NA	NA	NA	NA	NA	NA	NA	NA	NA	NA	NA	NA	NA	NA	NA	NA	NA	NA	NA	NA	NA	NA	NA	NA	NA	NA	NA	NA	NA	NA	NA	NA	NA	NA	NA	NA	NA	NA	NA	NA	NA	NA	NA	NA	NA	NA	NA	NA	NA	NA	NA	NA	NA	NA	NA	NA	NA	NA	NA	NA	NA	NA	NA	NA	NA	NA	NA	NA	NA	NA	NA	NA	NA	NA	NA	NA	NA	NA	NA	NA	NA	NA	NA	NA	NA	NA	NA	NA	NA	NA	NA	NA	NA	NA	NA	NA	NA	NA	NA	NA	NA	NA	NA	NA	NA	NA	NA	NA	NA	NA	NA	NA	NA	NA	NA	NA	NA	NA	NA	NA	NA	NA	NA
SAMN15957543	ID_7267382	SAMN15957543	Buteo buteo	aun2021	NA	NA	1.5	S	Etest	NA	NA	NA	NA	NA	NA	NA	NA	NA	NA	NA	NA	NA	NA	NA	NA	NA	NA	NA	NA	NA	NA	NA	NA	NA	NA	NA	NA	NA	NA	NA	NA	NA	NA	NA	NA	NA	NA	NA	NA	NA	NA	NA	NA	NA	NA	NA	NA	NA	NA	NA	NA	NA	NA	NA	NA	NA	NA	NA	NA	NA	NA	NA	NA	NA	NA	NA	NA	NA	NA	NA	NA	NA	NA	NA	NA	NA	NA	NA	NA	NA	NA	NA	NA	NA	NA	NA	NA	NA	NA	NA	NA	NA	NA	NA	NA	NA	NA	NA	NA	NA	NA	NA	NA	NA	NA	NA	NA	NA	NA	NA	NA	NA	NA	NA	NA	NA	NA	NA	NA	NA	NA	NA	NA	NA	NA	NA	NA	NA	NA	NA	NA	NA	NA
SAMN15957544	ID_7668314	SAMN15957544	Clanga pomarina	aun2021	NA	NA	2.0	S	Etest	NA	NA	NA	NA	NA	NA	NA	NA	NA	NA	NA	NA	NA	NA	NA	NA	NA	NA	NA	NA	NA	NA	NA	NA	NA	NA	NA	NA	NA	NA	NA	NA	NA	NA	NA	NA	NA	NA	NA	NA	NA	NA	NA	NA	NA	NA	NA	NA	NA	NA	NA	NA	NA	NA	NA	NA	NA	NA	NA	NA	NA	NA	NA	NA	NA	NA	NA	NA	NA	NA	NA	NA	NA	NA	NA	NA	NA	NA	NA	NA	NA	NA	NA	NA	NA	NA	NA	NA	NA	NA	NA	NA	NA	NA	NA	NA	NA	NA	NA	NA	NA	NA	NA	NA	NA	NA	NA	NA	NA	NA	NA	NA	NA	NA	NA	NA	NA	NA	NA	NA	NA	NA	NA	NA	NA	NA	NA	NA	NA	NA	NA	NA	NA	NA
SAMN15957546	ID_3412976	SAMN15957546	NA	aun2021	NA	NA	6.0	R	Etest	NA	NA	NA	NA	NA	NA	NA	NA	NA	NA	NA	NA	NA	NA	NA	NA	NA	NA	NA	NA	NA	NA	NA	NA	NA	NA	NA	NA	NA	NA	NA	NA	NA	NA	NA	NA	NA	NA	NA	NA	NA	NA	NA	NA	NA	NA	NA	NA	NA	NA	NA	NA	NA	NA	NA	NA	NA	NA	NA	NA	NA	NA	NA	NA	NA	NA	NA	NA	NA	NA	NA	NA	NA	NA	NA	NA	NA	NA	NA	NA	NA	NA	NA	NA	NA	NA	NA	NA	NA	NA	NA	NA	NA	NA	NA	NA	NA	NA	NA	NA	NA	NA	NA	NA	NA	NA	NA	NA	NA	NA	NA	NA	NA	NA	NA	NA	NA	NA	NA	NA	NA	NA	NA	NA	NA	NA	NA	NA	NA	NA	NA	NA	NA	NA
SAMN15957547	ID_6080946	SAMN15957547	NA	aun2021	NA	NA	0.75	S	Etest	NA	NA	NA	NA	NA	NA	NA	NA	NA	NA	NA	NA	NA	NA	NA	NA	NA	NA	NA	NA	NA	NA	NA	NA	NA	NA	NA	NA	NA	NA	NA	NA	NA	NA	NA	NA	NA	NA	NA	NA	NA	NA	NA	NA	NA	NA	NA	NA	NA	NA	NA	NA	NA	NA	NA	NA	NA	NA	NA	NA	NA	NA	NA	NA	NA	NA	NA	NA	NA	NA	NA	NA	NA	NA	NA	NA	NA	NA	NA	NA	NA	NA	NA	NA	NA	NA	NA	NA	NA	NA	NA	NA	NA	NA	NA	NA	NA	NA	NA	NA	NA	NA	NA	NA	NA	NA	NA	NA	NA	NA	NA	NA	NA	NA	NA	NA	NA	NA	NA	NA	NA	NA	NA	NA	NA	NA	NA	NA	NA	NA	NA	NA	NA	NA
SAMN15957548	ID_5088659	SAMN15957548	NA	aun2021	NA	NA	3.0	S	Etest	NA	NA	NA	NA	NA	NA	NA	NA	NA	NA	NA	NA	NA	NA	NA	NA	NA	NA	NA	NA	NA	NA	NA	NA	NA	NA	NA	NA	NA	NA	NA	NA	NA	NA	NA	NA	NA	NA	NA	NA	NA	NA	NA	NA	NA	NA	NA	NA	NA	NA	NA	NA	NA	NA	NA	NA	NA	NA	NA	NA	NA	NA	NA	NA	NA	NA	NA	NA	NA	NA	NA	NA	NA	NA	NA	NA	NA	NA	NA	NA	NA	NA	NA	NA	NA	NA	NA	NA	NA	NA	NA	NA	NA	NA	NA	NA	NA	NA	NA	NA	NA	NA	NA	NA	NA	NA	NA	NA	NA	NA	NA	NA	NA	NA	NA	NA	NA	NA	NA	NA	NA	NA	NA	NA	NA	NA	NA	NA	NA	NA	NA	NA	NA	NA
SAMN15957552	ID_8678557	SAMN15957552	NA	aun2021	NA	NA	1.5	S	Etest	NA	NA	NA	NA	NA	NA	NA	NA	NA	NA	NA	NA	NA	NA	NA	NA	NA	NA	NA	NA	NA	NA	NA	NA	NA	NA	NA	NA	NA	NA	NA	NA	NA	NA	NA	NA	NA	NA	NA	NA	NA	NA	NA	NA	NA	NA	NA	NA	NA	NA	NA	NA	NA	NA	NA	NA	NA	NA	NA	NA	NA	NA	NA	NA	NA	NA	NA	NA	NA	NA	NA	NA	NA	NA	NA	NA	NA	NA	NA	NA	NA	NA	NA	NA	NA	NA	NA	NA	NA	NA	NA	NA	NA	NA	NA	NA	NA	NA	NA	NA	NA	NA	NA	NA	NA	NA	NA	NA	NA	NA	NA	NA	NA	NA	NA	NA	NA	NA	NA	NA	NA	NA	NA	NA	NA	NA	NA	NA	NA	NA	NA	NA	NA	NA
SAMN15957553	ID_4387174	SAMN15957553	NA	aun2021	NA	NA	1.5	S	Etest	NA	NA	NA	NA	NA	NA	NA	NA	NA	NA	NA	NA	NA	NA	NA	NA	NA	NA	NA	NA	NA	NA	NA	NA	NA	NA	NA	NA	NA	NA	NA	NA	NA	NA	NA	NA	NA	NA	NA	NA	NA	NA	NA	NA	NA	NA	NA	NA	NA	NA	NA	NA	NA	NA	NA	NA	NA	NA	NA	NA	NA	NA	NA	NA	NA	NA	NA	NA	NA	NA	NA	NA	NA	NA	NA	NA	NA	NA	NA	NA	NA	NA	NA	NA	NA	NA	NA	NA	NA	NA	NA	NA	NA	NA	NA	NA	NA	NA	NA	NA	NA	NA	NA	NA	NA	NA	NA	NA	NA	NA	NA	NA	NA	NA	NA	NA	NA	NA	NA	NA	NA	NA	NA	NA	NA	NA	NA	NA	NA	NA	NA	NA	NA	NA
SAMN15957554	ID_1090076	SAMN15957554	NA	aun2021	NA	NA	3.0	S	Etest	NA	NA	NA	NA	NA	NA	NA	NA	NA	NA	NA	NA	NA	NA	NA	NA	NA	NA	NA	NA	NA	NA	NA	NA	NA	NA	NA	NA	NA	NA	NA	NA	NA	NA	NA	NA	NA	NA	NA	NA	NA	NA	NA	NA	NA	NA	NA	NA	NA	NA	NA	NA	NA	NA	NA	NA	NA	NA	NA	NA	NA	NA	NA	NA	NA	NA	NA	NA	NA	NA	NA	NA	NA	NA	NA	NA	NA	NA	NA	NA	NA	NA	NA	NA	NA	NA	NA	NA	NA	NA	NA	NA	NA	NA	NA	NA	NA	NA	NA	NA	NA	NA	NA	NA	NA	NA	NA	NA	NA	NA	NA	NA	NA	NA	NA	NA	NA	NA	NA	NA	NA	NA	NA	NA	NA	NA	NA	NA	NA	NA	NA	NA	NA	NA
SAMN15957555	ID_6435371	SAMN15957555	NA	aun2021	NA	NA	3.0	S	Etest	NA	NA	NA	NA	NA	NA	NA	NA	NA	NA	NA	NA	NA	NA	NA	NA	NA	NA	NA	NA	NA	NA	NA	NA	NA	NA	NA	NA	NA	NA	NA	NA	NA	NA	NA	NA	NA	NA	NA	NA	NA	NA	NA	NA	NA	NA	NA	NA	NA	NA	NA	NA	NA	NA	NA	NA	NA	NA	NA	NA	NA	NA	NA	NA	NA	NA	NA	NA	NA	NA	NA	NA	NA	NA	NA	NA	NA	NA	NA	NA	NA	NA	NA	NA	NA	NA	NA	NA	NA	NA	NA	NA	NA	NA	NA	NA	NA	NA	NA	NA	NA	NA	NA	NA	NA	NA	NA	NA	NA	NA	NA	NA	NA	NA	NA	NA	NA	NA	NA	NA	NA	NA	NA	NA	NA	NA	NA	NA	NA	NA	NA	NA	NA	NA
SAMN15957556	ID_2776728	SAMN15957556	NA	aun2021	NA	NA	2.0	S	Etest	NA	NA	NA	NA	NA	NA	NA	NA	NA	NA	NA	NA	NA	NA	NA	NA	NA	NA	NA	NA	NA	NA	NA	NA	NA	NA	NA	NA	NA	NA	NA	NA	NA	NA	NA	NA	NA	NA	NA	NA	NA	NA	NA	NA	NA	NA	NA	NA	NA	NA	NA	NA	NA	NA	NA	NA	NA	NA	NA	NA	NA	NA	NA	NA	NA	NA	NA	NA	NA	NA	NA	NA	NA	NA	NA	NA	NA	NA	NA	NA	NA	NA	NA	NA	NA	NA	NA	NA	NA	NA	NA	NA	NA	NA	NA	NA	NA	NA	NA	NA	NA	NA	NA	NA	NA	NA	NA	NA	NA	NA	NA	NA	NA	NA	NA	NA	NA	NA	NA	NA	NA	NA	NA	NA	NA	NA	NA	NA	NA	NA	NA	NA	NA	NA
SAMN15957557	ID_7750820	SAMN15957557	Homo sapiens	aun2021	NA	NA	NA	NA	Etest	NA	NA	NA	NA	NA	NA	NA	NA	NA	NA	NA	NA	NA	NA	NA	NA	NA	NA	NA	NA	NA	NA	NA	NA	NA	NA	NA	NA	NA	NA	NA	NA	NA	NA	NA	NA	NA	NA	NA	NA	NA	NA	NA	NA	NA	NA	NA	NA	NA	NA	NA	NA	NA	NA	NA	NA	NA	NA	NA	NA	NA	NA	NA	NA	NA	NA	NA	NA	NA	NA	NA	NA	NA	NA	NA	NA	NA	NA	NA	NA	NA	NA	NA	NA	NA	NA	NA	NA	NA	NA	NA	NA	NA	NA	NA	NA	NA	NA	NA	NA	NA	NA	NA	NA	NA	NA	NA	NA	NA	NA	NA	NA	NA	NA	NA	NA	NA	NA	NA	NA	NA	NA	NA	NA	NA	NA	NA	NA	NA	NA	NA	NA	NA	NA
SAMN15957558	ID_7017635	SAMN15957558	Homo sapiens	aun2021	NA	NA	NA	NA	Etest	NA	NA	NA	NA	NA	NA	NA	NA	NA	NA	NA	NA	NA	NA	NA	NA	NA	NA	NA	NA	NA	NA	NA	NA	NA	NA	NA	NA	NA	NA	NA	NA	NA	NA	NA	NA	NA	NA	NA	NA	NA	NA	NA	NA	NA	NA	NA	NA	NA	NA	NA	NA	NA	NA	NA	NA	NA	NA	NA	NA	NA	NA	NA	NA	NA	NA	NA	NA	NA	NA	NA	NA	NA	NA	NA	NA	NA	NA	NA	NA	NA	NA	NA	NA	NA	NA	NA	NA	NA	NA	NA	NA	NA	NA	NA	NA	NA	NA	NA	NA	NA	NA	NA	NA	NA	NA	NA	NA	NA	NA	NA	NA	NA	NA	NA	NA	NA	NA	NA	NA	NA	NA	NA	NA	NA	NA	NA	NA	NA	NA	NA	NA	NA	NA
SAMN15957560	ID_1598340	SAMN15957560	Homo sapiens	aun2021	NA	NA	32.0	R	Etest	NA	NA	NA	NA	NA	NA	NA	NA	NA	NA	NA	NA	NA	NA	NA	NA	NA	NA	NA	NA	NA	NA	NA	NA	NA	NA	NA	NA	NA	NA	NA	NA	NA	NA	NA	NA	NA	NA	NA	NA	NA	NA	NA	NA	NA	NA	NA	NA	NA	NA	NA	NA	NA	NA	NA	NA	NA	NA	NA	NA	NA	NA	NA	NA	NA	NA	NA	NA	NA	NA	NA	NA	NA	NA	NA	NA	NA	NA	NA	NA	NA	NA	NA	NA	NA	NA	NA	NA	NA	NA	NA	NA	NA	NA	NA	NA	NA	NA	NA	NA	NA	NA	NA	NA	NA	NA	NA	NA	NA	NA	NA	NA	NA	NA	NA	NA	NA	NA	NA	NA	NA	NA	NA	NA	NA	NA	NA	NA	NA	NA	NA	NA	NA	NA
SAMN15957563	ID_7379411	SAMN15957563	Homo sapiens	aun2021	NA	NA	1.5	S	Etest	NA	NA	NA	NA	NA	NA	NA	NA	NA	NA	NA	NA	NA	NA	NA	NA	NA	NA	NA	NA	NA	NA	NA	NA	NA	NA	NA	NA	NA	NA	NA	NA	NA	NA	NA	NA	NA	NA	NA	NA	NA	NA	NA	NA	NA	NA	NA	NA	NA	NA	NA	NA	NA	NA	NA	NA	NA	NA	NA	NA	NA	NA	NA	NA	NA	NA	NA	NA	NA	NA	NA	NA	NA	NA	NA	NA	NA	NA	NA	NA	NA	NA	NA	NA	NA	NA	NA	NA	NA	NA	NA	NA	NA	NA	NA	NA	NA	NA	NA	NA	NA	NA	NA	NA	NA	NA	NA	NA	NA	NA	NA	NA	NA	NA	NA	NA	NA	NA	NA	NA	NA	NA	NA	NA	NA	NA	NA	NA	NA	NA	NA	NA	NA	NA
SAMN15957565	ID_6918802	SAMN15957565	Homo sapiens	aun2021	NA	NA	6.0	R	Etest	NA	NA	NA	NA	NA	NA	NA	NA	NA	NA	NA	NA	NA	NA	NA	NA	NA	NA	NA	NA	NA	NA	NA	NA	NA	NA	NA	NA	NA	NA	NA	NA	NA	NA	NA	NA	NA	NA	NA	NA	NA	NA	NA	NA	NA	NA	NA	NA	NA	NA	NA	NA	NA	NA	NA	NA	NA	NA	NA	NA	NA	NA	NA	NA	NA	NA	NA	NA	NA	NA	NA	NA	NA	NA	NA	NA	NA	NA	NA	NA	NA	NA	NA	NA	NA	NA	NA	NA	NA	NA	NA	NA	NA	NA	NA	NA	NA	NA	NA	NA	NA	NA	NA	NA	NA	NA	NA	NA	NA	NA	NA	NA	NA	NA	NA	NA	NA	NA	NA	NA	NA	NA	NA	NA	NA	NA	NA	NA	NA	NA	NA	NA	NA	NA
SAMN15957566	ID_2217676	SAMN15957566	Homo sapiens	aun2021	NA	NA	256.0	R	Etest	NA	NA	NA	NA	NA	NA	NA	NA	NA	NA	NA	NA	NA	NA	NA	NA	NA	NA	NA	NA	NA	NA	NA	NA	NA	NA	NA	NA	NA	NA	NA	NA	NA	NA	NA	NA	NA	NA	NA	NA	NA	NA	NA	NA	NA	NA	NA	NA	NA	NA	NA	NA	NA	NA	NA	NA	NA	NA	NA	NA	NA	NA	NA	NA	NA	NA	NA	NA	NA	NA	NA	NA	NA	NA	NA	NA	NA	NA	NA	NA	NA	NA	NA	NA	NA	NA	NA	NA	NA	NA	NA	NA	NA	NA	NA	NA	NA	NA	NA	NA	NA	NA	NA	NA	NA	NA	NA	NA	NA	NA	NA	NA	NA	NA	NA	NA	NA	NA	NA	NA	NA	NA	NA	NA	NA	NA	NA	NA	NA	NA	NA	NA	NA	NA
SAMN15957569	ID_2548059	SAMN15957569	Bos taurus	aun2021	NA	NA	2.0	S	Etest	NA	NA	NA	NA	NA	NA	NA	NA	NA	NA	NA	NA	NA	NA	NA	NA	NA	NA	NA	NA	NA	NA	NA	NA	NA	NA	NA	NA	NA	NA	NA	NA	NA	NA	NA	NA	NA	NA	NA	NA	NA	NA	NA	NA	NA	NA	NA	NA	NA	NA	NA	NA	NA	NA	NA	NA	NA	NA	NA	NA	NA	NA	NA	NA	NA	NA	NA	NA	NA	NA	NA	NA	NA	NA	NA	NA	NA	NA	NA	NA	NA	NA	NA	NA	NA	NA	NA	NA	NA	NA	NA	NA	NA	NA	NA	NA	NA	NA	NA	NA	NA	NA	NA	NA	NA	NA	NA	NA	NA	NA	NA	NA	NA	NA	NA	NA	NA	NA	NA	NA	NA	NA	NA	NA	NA	NA	NA	NA	NA	NA	NA	NA	NA	NA
SAMN15957570	ID_5289319	SAMN15957570	Bos taurus	aun2021	NA	NA	3.0	S	Etest	NA	NA	NA	NA	NA	NA	NA	NA	NA	NA	NA	NA	NA	NA	NA	NA	NA	NA	NA	NA	NA	NA	NA	NA	NA	NA	NA	NA	NA	NA	NA	NA	NA	NA	NA	NA	NA	NA	NA	NA	NA	NA	NA	NA	NA	NA	NA	NA	NA	NA	NA	NA	NA	NA	NA	NA	NA	NA	NA	NA	NA	NA	NA	NA	NA	NA	NA	NA	NA	NA	NA	NA	NA	NA	NA	NA	NA	NA	NA	NA	NA	NA	NA	NA	NA	NA	NA	NA	NA	NA	NA	NA	NA	NA	NA	NA	NA	NA	NA	NA	NA	NA	NA	NA	NA	NA	NA	NA	NA	NA	NA	NA	NA	NA	NA	NA	NA	NA	NA	NA	NA	NA	NA	NA	NA	NA	NA	NA	NA	NA	NA	NA	NA	NA
SAMN15957571	ID_4729837	SAMN15957571	Bos taurus	aun2021	NA	NA	2.0	S	Etest	NA	NA	NA	NA	NA	NA	NA	NA	NA	NA	NA	NA	NA	NA	NA	NA	NA	NA	NA	NA	NA	NA	NA	NA	NA	NA	NA	NA	NA	NA	NA	NA	NA	NA	NA	NA	NA	NA	NA	NA	NA	NA	NA	NA	NA	NA	NA	NA	NA	NA	NA	NA	NA	NA	NA	NA	NA	NA	NA	NA	NA	NA	NA	NA	NA	NA	NA	NA	NA	NA	NA	NA	NA	NA	NA	NA	NA	NA	NA	NA	NA	NA	NA	NA	NA	NA	NA	NA	NA	NA	NA	NA	NA	NA	NA	NA	NA	NA	NA	NA	NA	NA	NA	NA	NA	NA	NA	NA	NA	NA	NA	NA	NA	NA	NA	NA	NA	NA	NA	NA	NA	NA	NA	NA	NA	NA	NA	NA	NA	NA	NA	NA	NA	NA
SAMN15957572	ID_2164761	SAMN15957572	Sus scrofa	aun2021	NA	NA	3.0	S	Etest	NA	NA	NA	NA	NA	NA	NA	NA	NA	NA	NA	NA	NA	NA	NA	NA	NA	NA	NA	NA	NA	NA	NA	NA	NA	NA	NA	NA	NA	NA	NA	NA	NA	NA	NA	NA	NA	NA	NA	NA	NA	NA	NA	NA	NA	NA	NA	NA	NA	NA	NA	NA	NA	NA	NA	NA	NA	NA	NA	NA	NA	NA	NA	NA	NA	NA	NA	NA	NA	NA	NA	NA	NA	NA	NA	NA	NA	NA	NA	NA	NA	NA	NA	NA	NA	NA	NA	NA	NA	NA	NA	NA	NA	NA	NA	NA	NA	NA	NA	NA	NA	NA	NA	NA	NA	NA	NA	NA	NA	NA	NA	NA	NA	NA	NA	NA	NA	NA	NA	NA	NA	NA	NA	NA	NA	NA	NA	NA	NA	NA	NA	NA	NA	NA
SAMN15957573	ID_2391867	SAMN15957573	Sus scrofa	aun2021	NA	NA	1.5	S	Etest	NA	NA	NA	NA	NA	NA	NA	NA	NA	NA	NA	NA	NA	NA	NA	NA	NA	NA	NA	NA	NA	NA	NA	NA	NA	NA	NA	NA	NA	NA	NA	NA	NA	NA	NA	NA	NA	NA	NA	NA	NA	NA	NA	NA	NA	NA	NA	NA	NA	NA	NA	NA	NA	NA	NA	NA	NA	NA	NA	NA	NA	NA	NA	NA	NA	NA	NA	NA	NA	NA	NA	NA	NA	NA	NA	NA	NA	NA	NA	NA	NA	NA	NA	NA	NA	NA	NA	NA	NA	NA	NA	NA	NA	NA	NA	NA	NA	NA	NA	NA	NA	NA	NA	NA	NA	NA	NA	NA	NA	NA	NA	NA	NA	NA	NA	NA	NA	NA	NA	NA	NA	NA	NA	NA	NA	NA	NA	NA	NA	NA	NA	NA	NA	NA
SAMN15957574	ID_7570850	SAMN15957574	Bos taurus	aun2021	NA	NA	2.0	S	Etest	NA	NA	NA	NA	NA	NA	NA	NA	NA	NA	NA	NA	NA	NA	NA	NA	NA	NA	NA	NA	NA	NA	NA	NA	NA	NA	NA	NA	NA	NA	NA	NA	NA	NA	NA	NA	NA	NA	NA	NA	NA	NA	NA	NA	NA	NA	NA	NA	NA	NA	NA	NA	NA	NA	NA	NA	NA	NA	NA	NA	NA	NA	NA	NA	NA	NA	NA	NA	NA	NA	NA	NA	NA	NA	NA	NA	NA	NA	NA	NA	NA	NA	NA	NA	NA	NA	NA	NA	NA	NA	NA	NA	NA	NA	NA	NA	NA	NA	NA	NA	NA	NA	NA	NA	NA	NA	NA	NA	NA	NA	NA	NA	NA	NA	NA	NA	NA	NA	NA	NA	NA	NA	NA	NA	NA	NA	NA	NA	NA	NA	NA	NA	NA	NA
SAMN15957578	ID_7320346	SAMN15957578	Gallus gallus	aun2021	NA	NA	2.0	S	Etest	NA	NA	NA	NA	NA	NA	NA	NA	NA	NA	NA	NA	NA	NA	NA	NA	NA	NA	NA	NA	NA	NA	NA	NA	NA	NA	NA	NA	NA	NA	NA	NA	NA	NA	NA	NA	NA	NA	NA	NA	NA	NA	NA	NA	NA	NA	NA	NA	NA	NA	NA	NA	NA	NA	NA	NA	NA	NA	NA	NA	NA	NA	NA	NA	NA	NA	NA	NA	NA	NA	NA	NA	NA	NA	NA	NA	NA	NA	NA	NA	NA	NA	NA	NA	NA	NA	NA	NA	NA	NA	NA	NA	NA	NA	NA	NA	NA	NA	NA	NA	NA	NA	NA	NA	NA	NA	NA	NA	NA	NA	NA	NA	NA	NA	NA	NA	NA	NA	NA	NA	NA	NA	NA	NA	NA	NA	NA	NA	NA	NA	NA	NA	NA	NA
SAMN15957579	ID_6035067	SAMN15957579	Gallus gallus	aun2021	NA	NA	2.0	S	Etest	NA	NA	NA	NA	NA	NA	NA	NA	NA	NA	NA	NA	NA	NA	NA	NA	NA	NA	NA	NA	NA	NA	NA	NA	NA	NA	NA	NA	NA	NA	NA	NA	NA	NA	NA	NA	NA	NA	NA	NA	NA	NA	NA	NA	NA	NA	NA	NA	NA	NA	NA	NA	NA	NA	NA	NA	NA	NA	NA	NA	NA	NA	NA	NA	NA	NA	NA	NA	NA	NA	NA	NA	NA	NA	NA	NA	NA	NA	NA	NA	NA	NA	NA	NA	NA	NA	NA	NA	NA	NA	NA	NA	NA	NA	NA	NA	NA	NA	NA	NA	NA	NA	NA	NA	NA	NA	NA	NA	NA	NA	NA	NA	NA	NA	NA	NA	NA	NA	NA	NA	NA	NA	NA	NA	NA	NA	NA	NA	NA	NA	NA	NA	NA	NA
SAMN15957582	ID_3743477	SAMN15957582	Gallus gallus	aun2021	NA	NA	2.0	S	Etest	NA	NA	NA	NA	NA	NA	NA	NA	NA	NA	NA	NA	NA	NA	NA	NA	NA	NA	NA	NA	NA	NA	NA	NA	NA	NA	NA	NA	NA	NA	NA	NA	NA	NA	NA	NA	NA	NA	NA	NA	NA	NA	NA	NA	NA	NA	NA	NA	NA	NA	NA	NA	NA	NA	NA	NA	NA	NA	NA	NA	NA	NA	NA	NA	NA	NA	NA	NA	NA	NA	NA	NA	NA	NA	NA	NA	NA	NA	NA	NA	NA	NA	NA	NA	NA	NA	NA	NA	NA	NA	NA	NA	NA	NA	NA	NA	NA	NA	NA	NA	NA	NA	NA	NA	NA	NA	NA	NA	NA	NA	NA	NA	NA	NA	NA	NA	NA	NA	NA	NA	NA	NA	NA	NA	NA	NA	NA	NA	NA	NA	NA	NA	NA	NA
SAMN15957583	ID_7457492	SAMN15957583	Gallus gallus	aun2021	NA	NA	1.0	S	Etest	NA	NA	NA	NA	NA	NA	NA	NA	NA	NA	NA	NA	NA	NA	NA	NA	NA	NA	NA	NA	NA	NA	NA	NA	NA	NA	NA	NA	NA	NA	NA	NA	NA	NA	NA	NA	NA	NA	NA	NA	NA	NA	NA	NA	NA	NA	NA	NA	NA	NA	NA	NA	NA	NA	NA	NA	NA	NA	NA	NA	NA	NA	NA	NA	NA	NA	NA	NA	NA	NA	NA	NA	NA	NA	NA	NA	NA	NA	NA	NA	NA	NA	NA	NA	NA	NA	NA	NA	NA	NA	NA	NA	NA	NA	NA	NA	NA	NA	NA	NA	NA	NA	NA	NA	NA	NA	NA	NA	NA	NA	NA	NA	NA	NA	NA	NA	NA	NA	NA	NA	NA	NA	NA	NA	NA	NA	NA	NA	NA	NA	NA	NA	NA	NA
SAMN15957584	ID_5500261	SAMN15957584	Gallus gallus	aun2021	NA	NA	1.0	S	Etest	NA	NA	NA	NA	NA	NA	NA	NA	NA	NA	NA	NA	NA	NA	NA	NA	NA	NA	NA	NA	NA	NA	NA	NA	NA	NA	NA	NA	NA	NA	NA	NA	NA	NA	NA	NA	NA	NA	NA	NA	NA	NA	NA	NA	NA	NA	NA	NA	NA	NA	NA	NA	NA	NA	NA	NA	NA	NA	NA	NA	NA	NA	NA	NA	NA	NA	NA	NA	NA	NA	NA	NA	NA	NA	NA	NA	NA	NA	NA	NA	NA	NA	NA	NA	NA	NA	NA	NA	NA	NA	NA	NA	NA	NA	NA	NA	NA	NA	NA	NA	NA	NA	NA	NA	NA	NA	NA	NA	NA	NA	NA	NA	NA	NA	NA	NA	NA	NA	NA	NA	NA	NA	NA	NA	NA	NA	NA	NA	NA	NA	NA	NA	NA	NA
SAMN15957585	ID_5193140	SAMN15957585	Gallus gallus	aun2021	NA	NA	2.0	S	Etest	NA	NA	NA	NA	NA	NA	NA	NA	NA	NA	NA	NA	NA	NA	NA	NA	NA	NA	NA	NA	NA	NA	NA	NA	NA	NA	NA	NA	NA	NA	NA	NA	NA	NA	NA	NA	NA	NA	NA	NA	NA	NA	NA	NA	NA	NA	NA	NA	NA	NA	NA	NA	NA	NA	NA	NA	NA	NA	NA	NA	NA	NA	NA	NA	NA	NA	NA	NA	NA	NA	NA	NA	NA	NA	NA	NA	NA	NA	NA	NA	NA	NA	NA	NA	NA	NA	NA	NA	NA	NA	NA	NA	NA	NA	NA	NA	NA	NA	NA	NA	NA	NA	NA	NA	NA	NA	NA	NA	NA	NA	NA	NA	NA	NA	NA	NA	NA	NA	NA	NA	NA	NA	NA	NA	NA	NA	NA	NA	NA	NA	NA	NA	NA	NA
SAMN15957587	ID_3843968	SAMN15957587	Gallus gallus	aun2021	NA	NA	2.0	S	Etest	NA	NA	NA	NA	NA	NA	NA	NA	NA	NA	NA	NA	NA	NA	NA	NA	NA	NA	NA	NA	NA	NA	NA	NA	NA	NA	NA	NA	NA	NA	NA	NA	NA	NA	NA	NA	NA	NA	NA	NA	NA	NA	NA	NA	NA	NA	NA	NA	NA	NA	NA	NA	NA	NA	NA	NA	NA	NA	NA	NA	NA	NA	NA	NA	NA	NA	NA	NA	NA	NA	NA	NA	NA	NA	NA	NA	NA	NA	NA	NA	NA	NA	NA	NA	NA	NA	NA	NA	NA	NA	NA	NA	NA	NA	NA	NA	NA	NA	NA	NA	NA	NA	NA	NA	NA	NA	NA	NA	NA	NA	NA	NA	NA	NA	NA	NA	NA	NA	NA	NA	NA	NA	NA	NA	NA	NA	NA	NA	NA	NA	NA	NA	NA	NA
SAMN15957589	ID_7043508	SAMN15957589	Gallus gallus	aun2021	NA	NA	2.0	S	Etest	NA	NA	NA	NA	NA	NA	NA	NA	NA	NA	NA	NA	NA	NA	NA	NA	NA	NA	NA	NA	NA	NA	NA	NA	NA	NA	NA	NA	NA	NA	NA	NA	NA	NA	NA	NA	NA	NA	NA	NA	NA	NA	NA	NA	NA	NA	NA	NA	NA	NA	NA	NA	NA	NA	NA	NA	NA	NA	NA	NA	NA	NA	NA	NA	NA	NA	NA	NA	NA	NA	NA	NA	NA	NA	NA	NA	NA	NA	NA	NA	NA	NA	NA	NA	NA	NA	NA	NA	NA	NA	NA	NA	NA	NA	NA	NA	NA	NA	NA	NA	NA	NA	NA	NA	NA	NA	NA	NA	NA	NA	NA	NA	NA	NA	NA	NA	NA	NA	NA	NA	NA	NA	NA	NA	NA	NA	NA	NA	NA	NA	NA	NA	NA	NA
SAMN15957590	ID_4634040	SAMN15957590	Gallus gallus	aun2021	NA	NA	1.0	S	Etest	NA	NA	NA	NA	NA	NA	NA	NA	NA	NA	NA	NA	NA	NA	NA	NA	NA	NA	NA	NA	NA	NA	NA	NA	NA	NA	NA	NA	NA	NA	NA	NA	NA	NA	NA	NA	NA	NA	NA	NA	NA	NA	NA	NA	NA	NA	NA	NA	NA	NA	NA	NA	NA	NA	NA	NA	NA	NA	NA	NA	NA	NA	NA	NA	NA	NA	NA	NA	NA	NA	NA	NA	NA	NA	NA	NA	NA	NA	NA	NA	NA	NA	NA	NA	NA	NA	NA	NA	NA	NA	NA	NA	NA	NA	NA	NA	NA	NA	NA	NA	NA	NA	NA	NA	NA	NA	NA	NA	NA	NA	NA	NA	NA	NA	NA	NA	NA	NA	NA	NA	NA	NA	NA	NA	NA	NA	NA	NA	NA	NA	NA	NA	NA	NA
SAMN15957591	ID_8789786	SAMN15957591	Gallus gallus	aun2021	NA	NA	2.0	S	Etest	NA	NA	NA	NA	NA	NA	NA	NA	NA	NA	NA	NA	NA	NA	NA	NA	NA	NA	NA	NA	NA	NA	NA	NA	NA	NA	NA	NA	NA	NA	NA	NA	NA	NA	NA	NA	NA	NA	NA	NA	NA	NA	NA	NA	NA	NA	NA	NA	NA	NA	NA	NA	NA	NA	NA	NA	NA	NA	NA	NA	NA	NA	NA	NA	NA	NA	NA	NA	NA	NA	NA	NA	NA	NA	NA	NA	NA	NA	NA	NA	NA	NA	NA	NA	NA	NA	NA	NA	NA	NA	NA	NA	NA	NA	NA	NA	NA	NA	NA	NA	NA	NA	NA	NA	NA	NA	NA	NA	NA	NA	NA	NA	NA	NA	NA	NA	NA	NA	NA	NA	NA	NA	NA	NA	NA	NA	NA	NA	NA	NA	NA	NA	NA	NA
SAMN15957592	ID_5164973	SAMN15957592	Gallus gallus	aun2021	NA	NA	1.5	S	Etest	NA	NA	NA	NA	NA	NA	NA	NA	NA	NA	NA	NA	NA	NA	NA	NA	NA	NA	NA	NA	NA	NA	NA	NA	NA	NA	NA	NA	NA	NA	NA	NA	NA	NA	NA	NA	NA	NA	NA	NA	NA	NA	NA	NA	NA	NA	NA	NA	NA	NA	NA	NA	NA	NA	NA	NA	NA	NA	NA	NA	NA	NA	NA	NA	NA	NA	NA	NA	NA	NA	NA	NA	NA	NA	NA	NA	NA	NA	NA	NA	NA	NA	NA	NA	NA	NA	NA	NA	NA	NA	NA	NA	NA	NA	NA	NA	NA	NA	NA	NA	NA	NA	NA	NA	NA	NA	NA	NA	NA	NA	NA	NA	NA	NA	NA	NA	NA	NA	NA	NA	NA	NA	NA	NA	NA	NA	NA	NA	NA	NA	NA	NA	NA	NA
SAMN15957593	ID_2884979	SAMN15957593	Gallus gallus	aun2021	NA	NA	2.0	S	Etest	NA	NA	NA	NA	NA	NA	NA	NA	NA	NA	NA	NA	NA	NA	NA	NA	NA	NA	NA	NA	NA	NA	NA	NA	NA	NA	NA	NA	NA	NA	NA	NA	NA	NA	NA	NA	NA	NA	NA	NA	NA	NA	NA	NA	NA	NA	NA	NA	NA	NA	NA	NA	NA	NA	NA	NA	NA	NA	NA	NA	NA	NA	NA	NA	NA	NA	NA	NA	NA	NA	NA	NA	NA	NA	NA	NA	NA	NA	NA	NA	NA	NA	NA	NA	NA	NA	NA	NA	NA	NA	NA	NA	NA	NA	NA	NA	NA	NA	NA	NA	NA	NA	NA	NA	NA	NA	NA	NA	NA	NA	NA	NA	NA	NA	NA	NA	NA	NA	NA	NA	NA	NA	NA	NA	NA	NA	NA	NA	NA	NA	NA	NA	NA	NA
SAMN15957594	ID_7234858	SAMN15957594	Gallus gallus	aun2021	NA	NA	3.0	S	Etest	NA	NA	NA	NA	NA	NA	NA	NA	NA	NA	NA	NA	NA	NA	NA	NA	NA	NA	NA	NA	NA	NA	NA	NA	NA	NA	NA	NA	NA	NA	NA	NA	NA	NA	NA	NA	NA	NA	NA	NA	NA	NA	NA	NA	NA	NA	NA	NA	NA	NA	NA	NA	NA	NA	NA	NA	NA	NA	NA	NA	NA	NA	NA	NA	NA	NA	NA	NA	NA	NA	NA	NA	NA	NA	NA	NA	NA	NA	NA	NA	NA	NA	NA	NA	NA	NA	NA	NA	NA	NA	NA	NA	NA	NA	NA	NA	NA	NA	NA	NA	NA	NA	NA	NA	NA	NA	NA	NA	NA	NA	NA	NA	NA	NA	NA	NA	NA	NA	NA	NA	NA	NA	NA	NA	NA	NA	NA	NA	NA	NA	NA	NA	NA	NA
SAMN15957595	ID_2910805	SAMN15957595	Gallus gallus	aun2021	NA	NA	3.0	S	Etest	NA	NA	NA	NA	NA	NA	NA	NA	NA	NA	NA	NA	NA	NA	NA	NA	NA	NA	NA	NA	NA	NA	NA	NA	NA	NA	NA	NA	NA	NA	NA	NA	NA	NA	NA	NA	NA	NA	NA	NA	NA	NA	NA	NA	NA	NA	NA	NA	NA	NA	NA	NA	NA	NA	NA	NA	NA	NA	NA	NA	NA	NA	NA	NA	NA	NA	NA	NA	NA	NA	NA	NA	NA	NA	NA	NA	NA	NA	NA	NA	NA	NA	NA	NA	NA	NA	NA	NA	NA	NA	NA	NA	NA	NA	NA	NA	NA	NA	NA	NA	NA	NA	NA	NA	NA	NA	NA	NA	NA	NA	NA	NA	NA	NA	NA	NA	NA	NA	NA	NA	NA	NA	NA	NA	NA	NA	NA	NA	NA	NA	NA	NA	NA	NA
SAMN15957596	ID_2540411	SAMN15957596	Gallus gallus	aun2021	NA	NA	1.5	S	Etest	NA	NA	NA	NA	NA	NA	NA	NA	NA	NA	NA	NA	NA	NA	NA	NA	NA	NA	NA	NA	NA	NA	NA	NA	NA	NA	NA	NA	NA	NA	NA	NA	NA	NA	NA	NA	NA	NA	NA	NA	NA	NA	NA	NA	NA	NA	NA	NA	NA	NA	NA	NA	NA	NA	NA	NA	NA	NA	NA	NA	NA	NA	NA	NA	NA	NA	NA	NA	NA	NA	NA	NA	NA	NA	NA	NA	NA	NA	NA	NA	NA	NA	NA	NA	NA	NA	NA	NA	NA	NA	NA	NA	NA	NA	NA	NA	NA	NA	NA	NA	NA	NA	NA	NA	NA	NA	NA	NA	NA	NA	NA	NA	NA	NA	NA	NA	NA	NA	NA	NA	NA	NA	NA	NA	NA	NA	NA	NA	NA	NA	NA	NA	NA	NA
SAMN15957597	ID_4593929	SAMN15957597	Gallus gallus	aun2021	NA	NA	2.0	S	Etest	NA	NA	NA	NA	NA	NA	NA	NA	NA	NA	NA	NA	NA	NA	NA	NA	NA	NA	NA	NA	NA	NA	NA	NA	NA	NA	NA	NA	NA	NA	NA	NA	NA	NA	NA	NA	NA	NA	NA	NA	NA	NA	NA	NA	NA	NA	NA	NA	NA	NA	NA	NA	NA	NA	NA	NA	NA	NA	NA	NA	NA	NA	NA	NA	NA	NA	NA	NA	NA	NA	NA	NA	NA	NA	NA	NA	NA	NA	NA	NA	NA	NA	NA	NA	NA	NA	NA	NA	NA	NA	NA	NA	NA	NA	NA	NA	NA	NA	NA	NA	NA	NA	NA	NA	NA	NA	NA	NA	NA	NA	NA	NA	NA	NA	NA	NA	NA	NA	NA	NA	NA	NA	NA	NA	NA	NA	NA	NA	NA	NA	NA	NA	NA	NA
SAMN15957598	ID_5224435	SAMN15957598	Gallus gallus	aun2021	NA	NA	1.5	S	Etest	NA	NA	NA	NA	NA	NA	NA	NA	NA	NA	NA	NA	NA	NA	NA	NA	NA	NA	NA	NA	NA	NA	NA	NA	NA	NA	NA	NA	NA	NA	NA	NA	NA	NA	NA	NA	NA	NA	NA	NA	NA	NA	NA	NA	NA	NA	NA	NA	NA	NA	NA	NA	NA	NA	NA	NA	NA	NA	NA	NA	NA	NA	NA	NA	NA	NA	NA	NA	NA	NA	NA	NA	NA	NA	NA	NA	NA	NA	NA	NA	NA	NA	NA	NA	NA	NA	NA	NA	NA	NA	NA	NA	NA	NA	NA	NA	NA	NA	NA	NA	NA	NA	NA	NA	NA	NA	NA	NA	NA	NA	NA	NA	NA	NA	NA	NA	NA	NA	NA	NA	NA	NA	NA	NA	NA	NA	NA	NA	NA	NA	NA	NA	NA	NA
SAMN16495207	ID_5672865	SAMN16495207	Veal calves	timmermans2021	NA	NA	NA	NA	NA	NA	NA	NA	NA	NA	NA	32.0	R	broth_microdilution_Sensititre	NA	NA	NA	NA	NA	NA	NA	NA	NA	NA	NA	NA	NA	NA	NA	NA	NA	NA	NA	NA	NA	NA	NA	NA	64.0	R	broth_microdilution_Sensititre	NA	NA	NA	NA	NA	NA	NA	NA	NA	NA	NA	NA	NA	NA	NA	NA	NA	NA	NA	NA	NA	NA	NA	NA	NA	NA	NA	NA	NA	NA	NA	NA	NA	NA	NA	NA	NA	NA	NA	NA	NA	NA	NA	NA	NA	NA	NA	NA	NA	NA	NA	NA	NA	NA	NA	NA	NA	NA	NA	NA	NA	NA	NA	NA	NA	NA	NA	NA	NA	NA	NA	NA	NA	NA	NA	NA	NA	NA	NA	NA	NA	NA	NA	NA	NA	NA	NA	NA	NA	NA	NA	NA	NA	NA	NA	NA	NA	NA
SAMN16495208	ID_5367351	SAMN16495208	Broilers	timmermans2021	NA	NA	NA	NA	NA	NA	NA	NA	NA	NA	NA	16.0	R	broth_microdilution_Sensititre	NA	NA	NA	NA	NA	NA	NA	NA	NA	NA	NA	NA	NA	NA	NA	NA	NA	NA	NA	NA	NA	NA	NA	NA	16.0	S	broth_microdilution_Sensititre	NA	NA	NA	NA	NA	NA	NA	NA	NA	NA	NA	NA	NA	NA	NA	NA	NA	NA	NA	NA	NA	NA	NA	NA	NA	NA	NA	NA	NA	NA	NA	NA	NA	NA	NA	NA	NA	NA	NA	NA	NA	NA	NA	NA	NA	NA	NA	NA	NA	NA	NA	NA	NA	NA	NA	NA	NA	NA	NA	NA	NA	NA	NA	NA	NA	NA	NA	NA	NA	NA	NA	NA	NA	NA	NA	NA	NA	NA	NA	NA	NA	NA	NA	NA	NA	NA	NA	NA	NA	NA	NA	NA	NA	NA	NA	NA	NA	NA
SAMN16495211	ID_6418834	SAMN16495211	Fattening pigs	timmermans2021	NA	NA	NA	NA	NA	NA	NA	NA	NA	NA	NA	16.0	R	broth_microdilution_Sensititre	NA	NA	NA	NA	NA	NA	NA	NA	NA	NA	NA	NA	NA	NA	NA	NA	NA	NA	NA	NA	NA	NA	NA	NA	32.0	S	broth_microdilution_Sensititre	NA	NA	NA	NA	NA	NA	NA	NA	NA	NA	NA	NA	NA	NA	NA	NA	NA	NA	NA	NA	NA	NA	NA	NA	NA	NA	NA	NA	NA	NA	NA	NA	NA	NA	NA	NA	NA	NA	NA	NA	NA	NA	NA	NA	NA	NA	NA	NA	NA	NA	NA	NA	NA	NA	NA	NA	NA	NA	NA	NA	NA	NA	NA	NA	NA	NA	NA	NA	NA	NA	NA	NA	NA	NA	NA	NA	NA	NA	NA	NA	NA	NA	NA	NA	NA	NA	NA	NA	NA	NA	NA	NA	NA	NA	NA	NA	NA	NA
SAMN16495213	ID_4097143	SAMN16495213	Sows	timmermans2021	NA	NA	NA	NA	NA	NA	NA	NA	NA	NA	NA	32.0	R	broth_microdilution_Sensititre	NA	NA	NA	NA	NA	NA	NA	NA	NA	NA	NA	NA	NA	NA	NA	NA	NA	NA	NA	NA	NA	NA	NA	NA	128.0	R	broth_microdilution_Sensititre	NA	NA	NA	NA	NA	NA	NA	NA	NA	NA	NA	NA	NA	NA	NA	NA	NA	NA	NA	NA	NA	NA	NA	NA	NA	NA	NA	NA	NA	NA	NA	NA	NA	NA	NA	NA	NA	NA	NA	NA	NA	NA	NA	NA	NA	NA	NA	NA	NA	NA	NA	NA	NA	NA	NA	NA	NA	NA	NA	NA	NA	NA	NA	NA	NA	NA	NA	NA	NA	NA	NA	NA	NA	NA	NA	NA	NA	NA	NA	NA	NA	NA	NA	NA	NA	NA	NA	NA	NA	NA	NA	NA	NA	NA	NA	NA	NA	NA
SAMN16495214	ID_5753012	SAMN16495214	Sows	timmermans2021	NA	NA	NA	NA	NA	NA	NA	NA	NA	NA	NA	16.0	R	broth_microdilution_Sensititre	NA	NA	NA	NA	NA	NA	NA	NA	NA	NA	NA	NA	NA	NA	NA	NA	NA	NA	NA	NA	NA	NA	NA	NA	64.0	R	broth_microdilution_Sensititre	NA	NA	NA	NA	NA	NA	NA	NA	NA	NA	NA	NA	NA	NA	NA	NA	NA	NA	NA	NA	NA	NA	NA	NA	NA	NA	NA	NA	NA	NA	NA	NA	NA	NA	NA	NA	NA	NA	NA	NA	NA	NA	NA	NA	NA	NA	NA	NA	NA	NA	NA	NA	NA	NA	NA	NA	NA	NA	NA	NA	NA	NA	NA	NA	NA	NA	NA	NA	NA	NA	NA	NA	NA	NA	NA	NA	NA	NA	NA	NA	NA	NA	NA	NA	NA	NA	NA	NA	NA	NA	NA	NA	NA	NA	NA	NA	NA	NA
SAMN16495220	ID_3920158	SAMN16495220	Fattening pigs	timmermans2021	NA	NA	NA	NA	NA	NA	NA	NA	NA	NA	NA	8.0	R	broth_microdilution_Sensititre	NA	NA	NA	NA	NA	NA	NA	NA	NA	NA	NA	NA	NA	NA	NA	NA	NA	NA	NA	NA	NA	NA	NA	NA	128.0	R	broth_microdilution_Sensititre	NA	NA	NA	NA	NA	NA	NA	NA	NA	NA	NA	NA	NA	NA	NA	NA	NA	NA	NA	NA	NA	NA	NA	NA	NA	NA	NA	NA	NA	NA	NA	NA	NA	NA	NA	NA	NA	NA	NA	NA	NA	NA	NA	NA	NA	NA	NA	NA	NA	NA	NA	NA	NA	NA	NA	NA	NA	NA	NA	NA	NA	NA	NA	NA	NA	NA	NA	NA	NA	NA	NA	NA	NA	NA	NA	NA	NA	NA	NA	NA	NA	NA	NA	NA	NA	NA	NA	NA	NA	NA	NA	NA	NA	NA	NA	NA	NA	NA
SAMN16495221	ID_5595616	SAMN16495221	Fattening pigs	timmermans2021	NA	NA	NA	NA	NA	NA	NA	NA	NA	NA	NA	16.0	R	broth_microdilution_Sensititre	NA	NA	NA	NA	NA	NA	NA	NA	NA	NA	NA	NA	NA	NA	NA	NA	NA	NA	NA	NA	NA	NA	NA	NA	128.0	R	broth_microdilution_Sensititre	NA	NA	NA	NA	NA	NA	NA	NA	NA	NA	NA	NA	NA	NA	NA	NA	NA	NA	NA	NA	NA	NA	NA	NA	NA	NA	NA	NA	NA	NA	NA	NA	NA	NA	NA	NA	NA	NA	NA	NA	NA	NA	NA	NA	NA	NA	NA	NA	NA	NA	NA	NA	NA	NA	NA	NA	NA	NA	NA	NA	NA	NA	NA	NA	NA	NA	NA	NA	NA	NA	NA	NA	NA	NA	NA	NA	NA	NA	NA	NA	NA	NA	NA	NA	NA	NA	NA	NA	NA	NA	NA	NA	NA	NA	NA	NA	NA	NA
SAMN16495222	ID_7560078	SAMN16495222	Fattening pigs	timmermans2021	NA	NA	NA	NA	NA	NA	NA	NA	NA	NA	NA	8.0	R	broth_microdilution_Sensititre	NA	NA	NA	NA	NA	NA	NA	NA	NA	NA	NA	NA	NA	NA	NA	NA	NA	NA	NA	NA	NA	NA	NA	NA	128.0	R	broth_microdilution_Sensititre	NA	NA	NA	NA	NA	NA	NA	NA	NA	NA	NA	NA	NA	NA	NA	NA	NA	NA	NA	NA	NA	NA	NA	NA	NA	NA	NA	NA	NA	NA	NA	NA	NA	NA	NA	NA	NA	NA	NA	NA	NA	NA	NA	NA	NA	NA	NA	NA	NA	NA	NA	NA	NA	NA	NA	NA	NA	NA	NA	NA	NA	NA	NA	NA	NA	NA	NA	NA	NA	NA	NA	NA	NA	NA	NA	NA	NA	NA	NA	NA	NA	NA	NA	NA	NA	NA	NA	NA	NA	NA	NA	NA	NA	NA	NA	NA	NA	NA
SAMN16495229	ID_5257304	SAMN16495229	Pigs	timmermans2021	NA	NA	NA	NA	NA	NA	NA	NA	NA	NA	NA	8.0	R	broth_microdilution_Sensititre	NA	NA	NA	NA	NA	NA	NA	NA	NA	NA	NA	NA	NA	NA	NA	NA	NA	NA	NA	NA	NA	NA	NA	NA	64.0	R	broth_microdilution_Sensititre	NA	NA	NA	NA	NA	NA	NA	NA	NA	NA	NA	NA	NA	NA	NA	NA	NA	NA	NA	NA	NA	NA	NA	NA	NA	NA	NA	NA	NA	NA	NA	NA	NA	NA	NA	NA	NA	NA	NA	NA	NA	NA	NA	NA	NA	NA	NA	NA	NA	NA	NA	NA	NA	NA	NA	NA	NA	NA	NA	NA	NA	NA	NA	NA	NA	NA	NA	NA	NA	NA	NA	NA	NA	NA	NA	NA	NA	NA	NA	NA	NA	NA	NA	NA	NA	NA	NA	NA	NA	NA	NA	NA	NA	NA	NA	NA	NA	NA
SAMN16495230	ID_2863436	SAMN16495230	Pigs	timmermans2021	NA	NA	NA	NA	NA	NA	NA	NA	NA	NA	NA	16.0	R	broth_microdilution_Sensititre	NA	NA	NA	NA	NA	NA	NA	NA	NA	NA	NA	NA	NA	NA	NA	NA	NA	NA	NA	NA	NA	NA	NA	NA	32.0	S	broth_microdilution_Sensititre	NA	NA	NA	NA	NA	NA	NA	NA	NA	NA	NA	NA	NA	NA	NA	NA	NA	NA	NA	NA	NA	NA	NA	NA	NA	NA	NA	NA	NA	NA	NA	NA	NA	NA	NA	NA	NA	NA	NA	NA	NA	NA	NA	NA	NA	NA	NA	NA	NA	NA	NA	NA	NA	NA	NA	NA	NA	NA	NA	NA	NA	NA	NA	NA	NA	NA	NA	NA	NA	NA	NA	NA	NA	NA	NA	NA	NA	NA	NA	NA	NA	NA	NA	NA	NA	NA	NA	NA	NA	NA	NA	NA	NA	NA	NA	NA	NA	NA
SAMN16495231	ID_2061594	SAMN16495231	Veal calves	timmermans2021	NA	NA	NA	NA	NA	NA	NA	NA	NA	NA	NA	16.0	R	broth_microdilution_Sensititre	NA	NA	NA	NA	NA	NA	NA	NA	NA	NA	NA	NA	NA	NA	NA	NA	NA	NA	NA	NA	NA	NA	NA	NA	64.0	R	broth_microdilution_Sensititre	NA	NA	NA	NA	NA	NA	NA	NA	NA	NA	NA	NA	NA	NA	NA	NA	NA	NA	NA	NA	NA	NA	NA	NA	NA	NA	NA	NA	NA	NA	NA	NA	NA	NA	NA	NA	NA	NA	NA	NA	NA	NA	NA	NA	NA	NA	NA	NA	NA	NA	NA	NA	NA	NA	NA	NA	NA	NA	NA	NA	NA	NA	NA	NA	NA	NA	NA	NA	NA	NA	NA	NA	NA	NA	NA	NA	NA	NA	NA	NA	NA	NA	NA	NA	NA	NA	NA	NA	NA	NA	NA	NA	NA	NA	NA	NA	NA	NA
SAMN16495232	ID_8988894	SAMN16495232	Veal calves	timmermans2021	NA	NA	NA	NA	NA	NA	NA	NA	NA	NA	NA	8.0	R	broth_microdilution_Sensititre	NA	NA	NA	NA	NA	NA	NA	NA	NA	NA	NA	NA	NA	NA	NA	NA	NA	NA	NA	NA	NA	NA	NA	NA	128.0	R	broth_microdilution_Sensititre	NA	NA	NA	NA	NA	NA	NA	NA	NA	NA	NA	NA	NA	NA	NA	NA	NA	NA	NA	NA	NA	NA	NA	NA	NA	NA	NA	NA	NA	NA	NA	NA	NA	NA	NA	NA	NA	NA	NA	NA	NA	NA	NA	NA	NA	NA	NA	NA	NA	NA	NA	NA	NA	NA	NA	NA	NA	NA	NA	NA	NA	NA	NA	NA	NA	NA	NA	NA	NA	NA	NA	NA	NA	NA	NA	NA	NA	NA	NA	NA	NA	NA	NA	NA	NA	NA	NA	NA	NA	NA	NA	NA	NA	NA	NA	NA	NA	NA
SAMN16495234	ID_8709297	SAMN16495234	Laying hens	timmermans2021	NA	NA	NA	NA	NA	NA	NA	NA	NA	NA	NA	16.0	R	broth_microdilution_Sensititre	NA	NA	NA	NA	NA	NA	NA	NA	NA	NA	NA	NA	NA	NA	NA	NA	NA	NA	NA	NA	NA	NA	NA	NA	16.0	S	broth_microdilution_Sensititre	NA	NA	NA	NA	NA	NA	NA	NA	NA	NA	NA	NA	NA	NA	NA	NA	NA	NA	NA	NA	NA	NA	NA	NA	NA	NA	NA	NA	NA	NA	NA	NA	NA	NA	NA	NA	NA	NA	NA	NA	NA	NA	NA	NA	NA	NA	NA	NA	NA	NA	NA	NA	NA	NA	NA	NA	NA	NA	NA	NA	NA	NA	NA	NA	NA	NA	NA	NA	NA	NA	NA	NA	NA	NA	NA	NA	NA	NA	NA	NA	NA	NA	NA	NA	NA	NA	NA	NA	NA	NA	NA	NA	NA	NA	NA	NA	NA	NA
SAMN16495235	ID_5922670	SAMN16495235	Breeding hens	timmermans2021	NA	NA	NA	NA	NA	NA	NA	NA	NA	NA	NA	8.0	R	broth_microdilution_Sensititre	NA	NA	NA	NA	NA	NA	NA	NA	NA	NA	NA	NA	NA	NA	NA	NA	NA	NA	NA	NA	NA	NA	NA	NA	64.0	R	broth_microdilution_Sensititre	NA	NA	NA	NA	NA	NA	NA	NA	NA	NA	NA	NA	NA	NA	NA	NA	NA	NA	NA	NA	NA	NA	NA	NA	NA	NA	NA	NA	NA	NA	NA	NA	NA	NA	NA	NA	NA	NA	NA	NA	NA	NA	NA	NA	NA	NA	NA	NA	NA	NA	NA	NA	NA	NA	NA	NA	NA	NA	NA	NA	NA	NA	NA	NA	NA	NA	NA	NA	NA	NA	NA	NA	NA	NA	NA	NA	NA	NA	NA	NA	NA	NA	NA	NA	NA	NA	NA	NA	NA	NA	NA	NA	NA	NA	NA	NA	NA	NA
SAMN16495237	ID_7330418	SAMN16495237	Veal calves	timmermans2021	NA	NA	NA	NA	NA	NA	NA	NA	NA	NA	NA	16.0	R	broth_microdilution_Sensititre	NA	NA	NA	NA	NA	NA	NA	NA	NA	NA	NA	NA	NA	NA	NA	NA	NA	NA	NA	NA	NA	NA	NA	NA	64.0	R	broth_microdilution_Sensititre	NA	NA	NA	NA	NA	NA	NA	NA	NA	NA	NA	NA	NA	NA	NA	NA	NA	NA	NA	NA	NA	NA	NA	NA	NA	NA	NA	NA	NA	NA	NA	NA	NA	NA	NA	NA	NA	NA	NA	NA	NA	NA	NA	NA	NA	NA	NA	NA	NA	NA	NA	NA	NA	NA	NA	NA	NA	NA	NA	NA	NA	NA	NA	NA	NA	NA	NA	NA	NA	NA	NA	NA	NA	NA	NA	NA	NA	NA	NA	NA	NA	NA	NA	NA	NA	NA	NA	NA	NA	NA	NA	NA	NA	NA	NA	NA	NA	NA
SAMN16495238	ID_4135141	SAMN16495238	Veal calves	timmermans2021	NA	NA	NA	NA	NA	NA	NA	NA	NA	NA	NA	16.0	R	broth_microdilution_Sensititre	NA	NA	NA	NA	NA	NA	NA	NA	NA	NA	NA	NA	NA	NA	NA	NA	NA	NA	NA	NA	NA	NA	NA	NA	128.0	R	broth_microdilution_Sensititre	NA	NA	NA	NA	NA	NA	NA	NA	NA	NA	NA	NA	NA	NA	NA	NA	NA	NA	NA	NA	NA	NA	NA	NA	NA	NA	NA	NA	NA	NA	NA	NA	NA	NA	NA	NA	NA	NA	NA	NA	NA	NA	NA	NA	NA	NA	NA	NA	NA	NA	NA	NA	NA	NA	NA	NA	NA	NA	NA	NA	NA	NA	NA	NA	NA	NA	NA	NA	NA	NA	NA	NA	NA	NA	NA	NA	NA	NA	NA	NA	NA	NA	NA	NA	NA	NA	NA	NA	NA	NA	NA	NA	NA	NA	NA	NA	NA	NA
SAMN16495239	ID_6222867	SAMN16495239	Veal calves	timmermans2021	NA	NA	NA	NA	NA	NA	NA	NA	NA	NA	NA	8.0	R	broth_microdilution_Sensititre	NA	NA	NA	NA	NA	NA	NA	NA	NA	NA	NA	NA	NA	NA	NA	NA	NA	NA	NA	NA	NA	NA	NA	NA	128.0	R	broth_microdilution_Sensititre	NA	NA	NA	NA	NA	NA	NA	NA	NA	NA	NA	NA	NA	NA	NA	NA	NA	NA	NA	NA	NA	NA	NA	NA	NA	NA	NA	NA	NA	NA	NA	NA	NA	NA	NA	NA	NA	NA	NA	NA	NA	NA	NA	NA	NA	NA	NA	NA	NA	NA	NA	NA	NA	NA	NA	NA	NA	NA	NA	NA	NA	NA	NA	NA	NA	NA	NA	NA	NA	NA	NA	NA	NA	NA	NA	NA	NA	NA	NA	NA	NA	NA	NA	NA	NA	NA	NA	NA	NA	NA	NA	NA	NA	NA	NA	NA	NA	NA
SAMN16495244	ID_6373263	SAMN16495244	Pigs	timmermans2021	NA	NA	NA	NA	NA	NA	NA	NA	NA	NA	NA	16.0	R	broth_microdilution_Sensititre	NA	NA	NA	NA	NA	NA	NA	NA	NA	NA	NA	NA	NA	NA	NA	NA	NA	NA	NA	NA	NA	NA	NA	NA	128.0	R	broth_microdilution_Sensititre	NA	NA	NA	NA	NA	NA	NA	NA	NA	NA	NA	NA	NA	NA	NA	NA	NA	NA	NA	NA	NA	NA	NA	NA	NA	NA	NA	NA	NA	NA	NA	NA	NA	NA	NA	NA	NA	NA	NA	NA	NA	NA	NA	NA	NA	NA	NA	NA	NA	NA	NA	NA	NA	NA	NA	NA	NA	NA	NA	NA	NA	NA	NA	NA	NA	NA	NA	NA	NA	NA	NA	NA	NA	NA	NA	NA	NA	NA	NA	NA	NA	NA	NA	NA	NA	NA	NA	NA	NA	NA	NA	NA	NA	NA	NA	NA	NA	NA
SAMN16495246	ID_3967710	SAMN16495246	Veal calves	timmermans2021	NA	NA	NA	NA	NA	NA	NA	NA	NA	NA	NA	16.0	R	broth_microdilution_Sensititre	NA	NA	NA	NA	NA	NA	NA	NA	NA	NA	NA	NA	NA	NA	NA	NA	NA	NA	NA	NA	NA	NA	NA	NA	64.0	R	broth_microdilution_Sensititre	NA	NA	NA	NA	NA	NA	NA	NA	NA	NA	NA	NA	NA	NA	NA	NA	NA	NA	NA	NA	NA	NA	NA	NA	NA	NA	NA	NA	NA	NA	NA	NA	NA	NA	NA	NA	NA	NA	NA	NA	NA	NA	NA	NA	NA	NA	NA	NA	NA	NA	NA	NA	NA	NA	NA	NA	NA	NA	NA	NA	NA	NA	NA	NA	NA	NA	NA	NA	NA	NA	NA	NA	NA	NA	NA	NA	NA	NA	NA	NA	NA	NA	NA	NA	NA	NA	NA	NA	NA	NA	NA	NA	NA	NA	NA	NA	NA	NA
SAMN16495247	ID_8860849	SAMN16495247	Broilers	timmermans2021	NA	NA	NA	NA	NA	NA	NA	NA	NA	NA	NA	8.0	R	broth_microdilution_Sensititre	NA	NA	NA	NA	NA	NA	NA	NA	NA	NA	NA	NA	NA	NA	NA	NA	NA	NA	NA	NA	NA	NA	NA	NA	64.0	R	broth_microdilution_Sensititre	NA	NA	NA	NA	NA	NA	NA	NA	NA	NA	NA	NA	NA	NA	NA	NA	NA	NA	NA	NA	NA	NA	NA	NA	NA	NA	NA	NA	NA	NA	NA	NA	NA	NA	NA	NA	NA	NA	NA	NA	NA	NA	NA	NA	NA	NA	NA	NA	NA	NA	NA	NA	NA	NA	NA	NA	NA	NA	NA	NA	NA	NA	NA	NA	NA	NA	NA	NA	NA	NA	NA	NA	NA	NA	NA	NA	NA	NA	NA	NA	NA	NA	NA	NA	NA	NA	NA	NA	NA	NA	NA	NA	NA	NA	NA	NA	NA	NA
SAMN16495248	ID_1684726	SAMN16495248	Pigs	timmermans2021	NA	NA	NA	NA	NA	NA	NA	NA	NA	NA	NA	16.0	R	broth_microdilution_Sensititre	NA	NA	NA	NA	NA	NA	NA	NA	NA	NA	NA	NA	NA	NA	NA	NA	NA	NA	NA	NA	NA	NA	NA	NA	64.0	R	broth_microdilution_Sensititre	NA	NA	NA	NA	NA	NA	NA	NA	NA	NA	NA	NA	NA	NA	NA	NA	NA	NA	NA	NA	NA	NA	NA	NA	NA	NA	NA	NA	NA	NA	NA	NA	NA	NA	NA	NA	NA	NA	NA	NA	NA	NA	NA	NA	NA	NA	NA	NA	NA	NA	NA	NA	NA	NA	NA	NA	NA	NA	NA	NA	NA	NA	NA	NA	NA	NA	NA	NA	NA	NA	NA	NA	NA	NA	NA	NA	NA	NA	NA	NA	NA	NA	NA	NA	NA	NA	NA	NA	NA	NA	NA	NA	NA	NA	NA	NA	NA	NA
SAMN16495249	ID_7589055	SAMN16495249	Veal calves	timmermans2021	NA	NA	NA	NA	NA	NA	NA	NA	NA	NA	NA	16.0	R	broth_microdilution_Sensititre	NA	NA	NA	NA	NA	NA	NA	NA	NA	NA	NA	NA	NA	NA	NA	NA	NA	NA	NA	NA	NA	NA	NA	NA	128.0	R	broth_microdilution_Sensititre	NA	NA	NA	NA	NA	NA	NA	NA	NA	NA	NA	NA	NA	NA	NA	NA	NA	NA	NA	NA	NA	NA	NA	NA	NA	NA	NA	NA	NA	NA	NA	NA	NA	NA	NA	NA	NA	NA	NA	NA	NA	NA	NA	NA	NA	NA	NA	NA	NA	NA	NA	NA	NA	NA	NA	NA	NA	NA	NA	NA	NA	NA	NA	NA	NA	NA	NA	NA	NA	NA	NA	NA	NA	NA	NA	NA	NA	NA	NA	NA	NA	NA	NA	NA	NA	NA	NA	NA	NA	NA	NA	NA	NA	NA	NA	NA	NA	NA
SAMN16495251	ID_1432511	SAMN16495251	Veal calves	timmermans2021	NA	NA	NA	NA	NA	NA	NA	NA	NA	NA	NA	16.0	R	broth_microdilution_Sensititre	NA	NA	NA	NA	NA	NA	NA	NA	NA	NA	NA	NA	NA	NA	NA	NA	NA	NA	NA	NA	NA	NA	NA	NA	128.0	R	broth_microdilution_Sensititre	NA	NA	NA	NA	NA	NA	NA	NA	NA	NA	NA	NA	NA	NA	NA	NA	NA	NA	NA	NA	NA	NA	NA	NA	NA	NA	NA	NA	NA	NA	NA	NA	NA	NA	NA	NA	NA	NA	NA	NA	NA	NA	NA	NA	NA	NA	NA	NA	NA	NA	NA	NA	NA	NA	NA	NA	NA	NA	NA	NA	NA	NA	NA	NA	NA	NA	NA	NA	NA	NA	NA	NA	NA	NA	NA	NA	NA	NA	NA	NA	NA	NA	NA	NA	NA	NA	NA	NA	NA	NA	NA	NA	NA	NA	NA	NA	NA	NA
SAMN16495253	ID_7644273	SAMN16495253	Veal calves	timmermans2021	NA	NA	NA	NA	NA	NA	NA	NA	NA	NA	NA	16.0	R	broth_microdilution_Sensititre	NA	NA	NA	NA	NA	NA	NA	NA	NA	NA	NA	NA	NA	NA	NA	NA	NA	NA	NA	NA	NA	NA	NA	NA	64.0	R	broth_microdilution_Sensititre	NA	NA	NA	NA	NA	NA	NA	NA	NA	NA	NA	NA	NA	NA	NA	NA	NA	NA	NA	NA	NA	NA	NA	NA	NA	NA	NA	NA	NA	NA	NA	NA	NA	NA	NA	NA	NA	NA	NA	NA	NA	NA	NA	NA	NA	NA	NA	NA	NA	NA	NA	NA	NA	NA	NA	NA	NA	NA	NA	NA	NA	NA	NA	NA	NA	NA	NA	NA	NA	NA	NA	NA	NA	NA	NA	NA	NA	NA	NA	NA	NA	NA	NA	NA	NA	NA	NA	NA	NA	NA	NA	NA	NA	NA	NA	NA	NA	NA
SAMN16495254	ID_5830251	SAMN16495254	Veal calves	timmermans2021	NA	NA	NA	NA	NA	NA	NA	NA	NA	NA	NA	16.0	R	broth_microdilution_Sensititre	NA	NA	NA	NA	NA	NA	NA	NA	NA	NA	NA	NA	NA	NA	NA	NA	NA	NA	NA	NA	NA	NA	NA	NA	64.0	R	broth_microdilution_Sensititre	NA	NA	NA	NA	NA	NA	NA	NA	NA	NA	NA	NA	NA	NA	NA	NA	NA	NA	NA	NA	NA	NA	NA	NA	NA	NA	NA	NA	NA	NA	NA	NA	NA	NA	NA	NA	NA	NA	NA	NA	NA	NA	NA	NA	NA	NA	NA	NA	NA	NA	NA	NA	NA	NA	NA	NA	NA	NA	NA	NA	NA	NA	NA	NA	NA	NA	NA	NA	NA	NA	NA	NA	NA	NA	NA	NA	NA	NA	NA	NA	NA	NA	NA	NA	NA	NA	NA	NA	NA	NA	NA	NA	NA	NA	NA	NA	NA	NA
SAMN16495255	ID_3136053	SAMN16495255	Veal calves	timmermans2021	NA	NA	NA	NA	NA	NA	NA	NA	NA	NA	NA	8.0	R	broth_microdilution_Sensititre	NA	NA	NA	NA	NA	NA	NA	NA	NA	NA	NA	NA	NA	NA	NA	NA	NA	NA	NA	NA	NA	NA	NA	NA	128.0	R	broth_microdilution_Sensititre	NA	NA	NA	NA	NA	NA	NA	NA	NA	NA	NA	NA	NA	NA	NA	NA	NA	NA	NA	NA	NA	NA	NA	NA	NA	NA	NA	NA	NA	NA	NA	NA	NA	NA	NA	NA	NA	NA	NA	NA	NA	NA	NA	NA	NA	NA	NA	NA	NA	NA	NA	NA	NA	NA	NA	NA	NA	NA	NA	NA	NA	NA	NA	NA	NA	NA	NA	NA	NA	NA	NA	NA	NA	NA	NA	NA	NA	NA	NA	NA	NA	NA	NA	NA	NA	NA	NA	NA	NA	NA	NA	NA	NA	NA	NA	NA	NA	NA
SAMN16495256	ID_3840175	SAMN16495256	Broilers	timmermans2021	NA	NA	NA	NA	NA	NA	NA	NA	NA	NA	NA	16.0	R	broth_microdilution_Sensititre	NA	NA	NA	NA	NA	NA	NA	NA	NA	NA	NA	NA	NA	NA	NA	NA	NA	NA	NA	NA	NA	NA	NA	NA	64.0	R	broth_microdilution_Sensititre	NA	NA	NA	NA	NA	NA	NA	NA	NA	NA	NA	NA	NA	NA	NA	NA	NA	NA	NA	NA	NA	NA	NA	NA	NA	NA	NA	NA	NA	NA	NA	NA	NA	NA	NA	NA	NA	NA	NA	NA	NA	NA	NA	NA	NA	NA	NA	NA	NA	NA	NA	NA	NA	NA	NA	NA	NA	NA	NA	NA	NA	NA	NA	NA	NA	NA	NA	NA	NA	NA	NA	NA	NA	NA	NA	NA	NA	NA	NA	NA	NA	NA	NA	NA	NA	NA	NA	NA	NA	NA	NA	NA	NA	NA	NA	NA	NA	NA
SAMN16495258	ID_4734581	SAMN16495258	Fattening pigs	timmermans2021	NA	NA	NA	NA	NA	NA	NA	NA	NA	NA	NA	8.0	R	broth_microdilution_Sensititre	NA	NA	NA	NA	NA	NA	NA	NA	NA	NA	NA	NA	NA	NA	NA	NA	NA	NA	NA	NA	NA	NA	NA	NA	128.0	R	broth_microdilution_Sensititre	NA	NA	NA	NA	NA	NA	NA	NA	NA	NA	NA	NA	NA	NA	NA	NA	NA	NA	NA	NA	NA	NA	NA	NA	NA	NA	NA	NA	NA	NA	NA	NA	NA	NA	NA	NA	NA	NA	NA	NA	NA	NA	NA	NA	NA	NA	NA	NA	NA	NA	NA	NA	NA	NA	NA	NA	NA	NA	NA	NA	NA	NA	NA	NA	NA	NA	NA	NA	NA	NA	NA	NA	NA	NA	NA	NA	NA	NA	NA	NA	NA	NA	NA	NA	NA	NA	NA	NA	NA	NA	NA	NA	NA	NA	NA	NA	NA	NA
SAMN16495262	ID_2455265	SAMN16495262	Sows	timmermans2021	NA	NA	NA	NA	NA	NA	NA	NA	NA	NA	NA	8.0	R	broth_microdilution_Sensititre	NA	NA	NA	NA	NA	NA	NA	NA	NA	NA	NA	NA	NA	NA	NA	NA	NA	NA	NA	NA	NA	NA	NA	NA	128.0	R	broth_microdilution_Sensititre	NA	NA	NA	NA	NA	NA	NA	NA	NA	NA	NA	NA	NA	NA	NA	NA	NA	NA	NA	NA	NA	NA	NA	NA	NA	NA	NA	NA	NA	NA	NA	NA	NA	NA	NA	NA	NA	NA	NA	NA	NA	NA	NA	NA	NA	NA	NA	NA	NA	NA	NA	NA	NA	NA	NA	NA	NA	NA	NA	NA	NA	NA	NA	NA	NA	NA	NA	NA	NA	NA	NA	NA	NA	NA	NA	NA	NA	NA	NA	NA	NA	NA	NA	NA	NA	NA	NA	NA	NA	NA	NA	NA	NA	NA	NA	NA	NA	NA
SAMN16495265	ID_1874601	SAMN16495265	Broilers	timmermans2021	NA	NA	NA	NA	NA	NA	NA	NA	NA	NA	NA	8.0	R	broth_microdilution_Sensititre	NA	NA	NA	NA	NA	NA	NA	NA	NA	NA	NA	NA	NA	NA	NA	NA	NA	NA	NA	NA	NA	NA	NA	NA	64.0	R	broth_microdilution_Sensititre	NA	NA	NA	NA	NA	NA	NA	NA	NA	NA	NA	NA	NA	NA	NA	NA	NA	NA	NA	NA	NA	NA	NA	NA	NA	NA	NA	NA	NA	NA	NA	NA	NA	NA	NA	NA	NA	NA	NA	NA	NA	NA	NA	NA	NA	NA	NA	NA	NA	NA	NA	NA	NA	NA	NA	NA	NA	NA	NA	NA	NA	NA	NA	NA	NA	NA	NA	NA	NA	NA	NA	NA	NA	NA	NA	NA	NA	NA	NA	NA	NA	NA	NA	NA	NA	NA	NA	NA	NA	NA	NA	NA	NA	NA	NA	NA	NA	NA
SAMN16495266	ID_5715837	SAMN16495266	Broilers	timmermans2021	NA	NA	NA	NA	NA	NA	NA	NA	NA	NA	NA	8.0	R	broth_microdilution_Sensititre	NA	NA	NA	NA	NA	NA	NA	NA	NA	NA	NA	NA	NA	NA	NA	NA	NA	NA	NA	NA	NA	NA	NA	NA	64.0	R	broth_microdilution_Sensititre	NA	NA	NA	NA	NA	NA	NA	NA	NA	NA	NA	NA	NA	NA	NA	NA	NA	NA	NA	NA	NA	NA	NA	NA	NA	NA	NA	NA	NA	NA	NA	NA	NA	NA	NA	NA	NA	NA	NA	NA	NA	NA	NA	NA	NA	NA	NA	NA	NA	NA	NA	NA	NA	NA	NA	NA	NA	NA	NA	NA	NA	NA	NA	NA	NA	NA	NA	NA	NA	NA	NA	NA	NA	NA	NA	NA	NA	NA	NA	NA	NA	NA	NA	NA	NA	NA	NA	NA	NA	NA	NA	NA	NA	NA	NA	NA	NA	NA
SAMN16495267	ID_2635220	SAMN16495267	Veal calves	timmermans2021	NA	NA	NA	NA	NA	NA	NA	NA	NA	NA	NA	16.0	R	broth_microdilution_Sensititre	NA	NA	NA	NA	NA	NA	NA	NA	NA	NA	NA	NA	NA	NA	NA	NA	NA	NA	NA	NA	NA	NA	NA	NA	64.0	R	broth_microdilution_Sensititre	NA	NA	NA	NA	NA	NA	NA	NA	NA	NA	NA	NA	NA	NA	NA	NA	NA	NA	NA	NA	NA	NA	NA	NA	NA	NA	NA	NA	NA	NA	NA	NA	NA	NA	NA	NA	NA	NA	NA	NA	NA	NA	NA	NA	NA	NA	NA	NA	NA	NA	NA	NA	NA	NA	NA	NA	NA	NA	NA	NA	NA	NA	NA	NA	NA	NA	NA	NA	NA	NA	NA	NA	NA	NA	NA	NA	NA	NA	NA	NA	NA	NA	NA	NA	NA	NA	NA	NA	NA	NA	NA	NA	NA	NA	NA	NA	NA	NA
SAMN16495268	ID_3971504	SAMN16495268	Broilers	timmermans2021	NA	NA	NA	NA	NA	NA	NA	NA	NA	NA	NA	8.0	R	broth_microdilution_Sensititre	NA	NA	NA	NA	NA	NA	NA	NA	NA	NA	NA	NA	NA	NA	NA	NA	NA	NA	NA	NA	NA	NA	NA	NA	128.0	R	broth_microdilution_Sensititre	NA	NA	NA	NA	NA	NA	NA	NA	NA	NA	NA	NA	NA	NA	NA	NA	NA	NA	NA	NA	NA	NA	NA	NA	NA	NA	NA	NA	NA	NA	NA	NA	NA	NA	NA	NA	NA	NA	NA	NA	NA	NA	NA	NA	NA	NA	NA	NA	NA	NA	NA	NA	NA	NA	NA	NA	NA	NA	NA	NA	NA	NA	NA	NA	NA	NA	NA	NA	NA	NA	NA	NA	NA	NA	NA	NA	NA	NA	NA	NA	NA	NA	NA	NA	NA	NA	NA	NA	NA	NA	NA	NA	NA	NA	NA	NA	NA	NA
SAMN16495272	ID_1720851	SAMN16495272	Fattening pigs	timmermans2021	NA	NA	NA	NA	NA	NA	NA	NA	NA	NA	NA	16.0	R	broth_microdilution_Sensititre	NA	NA	NA	NA	NA	NA	NA	NA	NA	NA	NA	NA	NA	NA	NA	NA	NA	NA	NA	NA	NA	NA	NA	NA	64.0	R	broth_microdilution_Sensititre	NA	NA	NA	NA	NA	NA	NA	NA	NA	NA	NA	NA	NA	NA	NA	NA	NA	NA	NA	NA	NA	NA	NA	NA	NA	NA	NA	NA	NA	NA	NA	NA	NA	NA	NA	NA	NA	NA	NA	NA	NA	NA	NA	NA	NA	NA	NA	NA	NA	NA	NA	NA	NA	NA	NA	NA	NA	NA	NA	NA	NA	NA	NA	NA	NA	NA	NA	NA	NA	NA	NA	NA	NA	NA	NA	NA	NA	NA	NA	NA	NA	NA	NA	NA	NA	NA	NA	NA	NA	NA	NA	NA	NA	NA	NA	NA	NA	NA
SAMN16495273	ID_2910147	SAMN16495273	Veal calves	timmermans2021	NA	NA	NA	NA	NA	NA	NA	NA	NA	NA	NA	16.0	R	broth_microdilution_Sensititre	NA	NA	NA	NA	NA	NA	NA	NA	NA	NA	NA	NA	NA	NA	NA	NA	NA	NA	NA	NA	NA	NA	NA	NA	64.0	R	broth_microdilution_Sensititre	NA	NA	NA	NA	NA	NA	NA	NA	NA	NA	NA	NA	NA	NA	NA	NA	NA	NA	NA	NA	NA	NA	NA	NA	NA	NA	NA	NA	NA	NA	NA	NA	NA	NA	NA	NA	NA	NA	NA	NA	NA	NA	NA	NA	NA	NA	NA	NA	NA	NA	NA	NA	NA	NA	NA	NA	NA	NA	NA	NA	NA	NA	NA	NA	NA	NA	NA	NA	NA	NA	NA	NA	NA	NA	NA	NA	NA	NA	NA	NA	NA	NA	NA	NA	NA	NA	NA	NA	NA	NA	NA	NA	NA	NA	NA	NA	NA	NA
SAMN16495274	ID_1250433	SAMN16495274	Veal calves	timmermans2021	NA	NA	NA	NA	NA	NA	NA	NA	NA	NA	NA	8.0	R	broth_microdilution_Sensititre	NA	NA	NA	NA	NA	NA	NA	NA	NA	NA	NA	NA	NA	NA	NA	NA	NA	NA	NA	NA	NA	NA	NA	NA	128.0	R	broth_microdilution_Sensititre	NA	NA	NA	NA	NA	NA	NA	NA	NA	NA	NA	NA	NA	NA	NA	NA	NA	NA	NA	NA	NA	NA	NA	NA	NA	NA	NA	NA	NA	NA	NA	NA	NA	NA	NA	NA	NA	NA	NA	NA	NA	NA	NA	NA	NA	NA	NA	NA	NA	NA	NA	NA	NA	NA	NA	NA	NA	NA	NA	NA	NA	NA	NA	NA	NA	NA	NA	NA	NA	NA	NA	NA	NA	NA	NA	NA	NA	NA	NA	NA	NA	NA	NA	NA	NA	NA	NA	NA	NA	NA	NA	NA	NA	NA	NA	NA	NA	NA
SAMN16495275	ID_3175672	SAMN16495275	Pigs	timmermans2021	NA	NA	NA	NA	NA	NA	NA	NA	NA	NA	NA	8.0	R	broth_microdilution_Sensititre	NA	NA	NA	NA	NA	NA	NA	NA	NA	NA	NA	NA	NA	NA	NA	NA	NA	NA	NA	NA	NA	NA	NA	NA	64.0	R	broth_microdilution_Sensititre	NA	NA	NA	NA	NA	NA	NA	NA	NA	NA	NA	NA	NA	NA	NA	NA	NA	NA	NA	NA	NA	NA	NA	NA	NA	NA	NA	NA	NA	NA	NA	NA	NA	NA	NA	NA	NA	NA	NA	NA	NA	NA	NA	NA	NA	NA	NA	NA	NA	NA	NA	NA	NA	NA	NA	NA	NA	NA	NA	NA	NA	NA	NA	NA	NA	NA	NA	NA	NA	NA	NA	NA	NA	NA	NA	NA	NA	NA	NA	NA	NA	NA	NA	NA	NA	NA	NA	NA	NA	NA	NA	NA	NA	NA	NA	NA	NA	NA
SAMN16495276	ID_5534747	SAMN16495276	Veal calves	timmermans2021	NA	NA	NA	NA	NA	NA	NA	NA	NA	NA	NA	8.0	R	broth_microdilution_Sensititre	NA	NA	NA	NA	NA	NA	NA	NA	NA	NA	NA	NA	NA	NA	NA	NA	NA	NA	NA	NA	NA	NA	NA	NA	128.0	R	broth_microdilution_Sensititre	NA	NA	NA	NA	NA	NA	NA	NA	NA	NA	NA	NA	NA	NA	NA	NA	NA	NA	NA	NA	NA	NA	NA	NA	NA	NA	NA	NA	NA	NA	NA	NA	NA	NA	NA	NA	NA	NA	NA	NA	NA	NA	NA	NA	NA	NA	NA	NA	NA	NA	NA	NA	NA	NA	NA	NA	NA	NA	NA	NA	NA	NA	NA	NA	NA	NA	NA	NA	NA	NA	NA	NA	NA	NA	NA	NA	NA	NA	NA	NA	NA	NA	NA	NA	NA	NA	NA	NA	NA	NA	NA	NA	NA	NA	NA	NA	NA	NA
SAMN16495277	ID_5063757	SAMN16495277	Sows	timmermans2021	NA	NA	NA	NA	NA	NA	NA	NA	NA	NA	NA	8.0	R	broth_microdilution_Sensititre	NA	NA	NA	NA	NA	NA	NA	NA	NA	NA	NA	NA	NA	NA	NA	NA	NA	NA	NA	NA	NA	NA	NA	NA	128.0	R	broth_microdilution_Sensititre	NA	NA	NA	NA	NA	NA	NA	NA	NA	NA	NA	NA	NA	NA	NA	NA	NA	NA	NA	NA	NA	NA	NA	NA	NA	NA	NA	NA	NA	NA	NA	NA	NA	NA	NA	NA	NA	NA	NA	NA	NA	NA	NA	NA	NA	NA	NA	NA	NA	NA	NA	NA	NA	NA	NA	NA	NA	NA	NA	NA	NA	NA	NA	NA	NA	NA	NA	NA	NA	NA	NA	NA	NA	NA	NA	NA	NA	NA	NA	NA	NA	NA	NA	NA	NA	NA	NA	NA	NA	NA	NA	NA	NA	NA	NA	NA	NA	NA
SAMN16495278	ID_2470371	SAMN16495278	Fattening pigs	timmermans2021	NA	NA	NA	NA	NA	NA	NA	NA	NA	NA	NA	8.0	R	broth_microdilution_Sensititre	NA	NA	NA	NA	NA	NA	NA	NA	NA	NA	NA	NA	NA	NA	NA	NA	NA	NA	NA	NA	NA	NA	NA	NA	128.0	R	broth_microdilution_Sensititre	NA	NA	NA	NA	NA	NA	NA	NA	NA	NA	NA	NA	NA	NA	NA	NA	NA	NA	NA	NA	NA	NA	NA	NA	NA	NA	NA	NA	NA	NA	NA	NA	NA	NA	NA	NA	NA	NA	NA	NA	NA	NA	NA	NA	NA	NA	NA	NA	NA	NA	NA	NA	NA	NA	NA	NA	NA	NA	NA	NA	NA	NA	NA	NA	NA	NA	NA	NA	NA	NA	NA	NA	NA	NA	NA	NA	NA	NA	NA	NA	NA	NA	NA	NA	NA	NA	NA	NA	NA	NA	NA	NA	NA	NA	NA	NA	NA	NA
SAMN16495283	ID_4581459	SAMN16495283	Pigs	timmermans2021	NA	NA	NA	NA	NA	NA	NA	NA	NA	NA	NA	8.0	R	broth_microdilution_Sensititre	NA	NA	NA	NA	NA	NA	NA	NA	NA	NA	NA	NA	NA	NA	NA	NA	NA	NA	NA	NA	NA	NA	NA	NA	64.0	R	broth_microdilution_Sensititre	NA	NA	NA	NA	NA	NA	NA	NA	NA	NA	NA	NA	NA	NA	NA	NA	NA	NA	NA	NA	NA	NA	NA	NA	NA	NA	NA	NA	NA	NA	NA	NA	NA	NA	NA	NA	NA	NA	NA	NA	NA	NA	NA	NA	NA	NA	NA	NA	NA	NA	NA	NA	NA	NA	NA	NA	NA	NA	NA	NA	NA	NA	NA	NA	NA	NA	NA	NA	NA	NA	NA	NA	NA	NA	NA	NA	NA	NA	NA	NA	NA	NA	NA	NA	NA	NA	NA	NA	NA	NA	NA	NA	NA	NA	NA	NA	NA	NA
SAMN16495285	ID_8367339	SAMN16495285	Veal calves	timmermans2021	NA	NA	NA	NA	NA	NA	NA	NA	NA	NA	NA	16.0	R	broth_microdilution_Sensititre	NA	NA	NA	NA	NA	NA	NA	NA	NA	NA	NA	NA	NA	NA	NA	NA	NA	NA	NA	NA	NA	NA	NA	NA	128.0	R	broth_microdilution_Sensititre	NA	NA	NA	NA	NA	NA	NA	NA	NA	NA	NA	NA	NA	NA	NA	NA	NA	NA	NA	NA	NA	NA	NA	NA	NA	NA	NA	NA	NA	NA	NA	NA	NA	NA	NA	NA	NA	NA	NA	NA	NA	NA	NA	NA	NA	NA	NA	NA	NA	NA	NA	NA	NA	NA	NA	NA	NA	NA	NA	NA	NA	NA	NA	NA	NA	NA	NA	NA	NA	NA	NA	NA	NA	NA	NA	NA	NA	NA	NA	NA	NA	NA	NA	NA	NA	NA	NA	NA	NA	NA	NA	NA	NA	NA	NA	NA	NA	NA
SAMN16495286	ID_5778981	SAMN16495286	Veal calves	timmermans2021	NA	NA	NA	NA	NA	NA	NA	NA	NA	NA	NA	16.0	R	broth_microdilution_Sensititre	NA	NA	NA	NA	NA	NA	NA	NA	NA	NA	NA	NA	NA	NA	NA	NA	NA	NA	NA	NA	NA	NA	NA	NA	128.0	R	broth_microdilution_Sensititre	NA	NA	NA	NA	NA	NA	NA	NA	NA	NA	NA	NA	NA	NA	NA	NA	NA	NA	NA	NA	NA	NA	NA	NA	NA	NA	NA	NA	NA	NA	NA	NA	NA	NA	NA	NA	NA	NA	NA	NA	NA	NA	NA	NA	NA	NA	NA	NA	NA	NA	NA	NA	NA	NA	NA	NA	NA	NA	NA	NA	NA	NA	NA	NA	NA	NA	NA	NA	NA	NA	NA	NA	NA	NA	NA	NA	NA	NA	NA	NA	NA	NA	NA	NA	NA	NA	NA	NA	NA	NA	NA	NA	NA	NA	NA	NA	NA	NA
SAMN16495287	ID_2403810	SAMN16495287	Veal calves	timmermans2021	NA	NA	NA	NA	NA	NA	NA	NA	NA	NA	NA	16.0	R	broth_microdilution_Sensititre	NA	NA	NA	NA	NA	NA	NA	NA	NA	NA	NA	NA	NA	NA	NA	NA	NA	NA	NA	NA	NA	NA	NA	NA	128.0	R	broth_microdilution_Sensititre	NA	NA	NA	NA	NA	NA	NA	NA	NA	NA	NA	NA	NA	NA	NA	NA	NA	NA	NA	NA	NA	NA	NA	NA	NA	NA	NA	NA	NA	NA	NA	NA	NA	NA	NA	NA	NA	NA	NA	NA	NA	NA	NA	NA	NA	NA	NA	NA	NA	NA	NA	NA	NA	NA	NA	NA	NA	NA	NA	NA	NA	NA	NA	NA	NA	NA	NA	NA	NA	NA	NA	NA	NA	NA	NA	NA	NA	NA	NA	NA	NA	NA	NA	NA	NA	NA	NA	NA	NA	NA	NA	NA	NA	NA	NA	NA	NA	NA
SAMN16495291	ID_1718879	SAMN16495291	Fattening pigs	timmermans2021	NA	NA	NA	NA	NA	NA	NA	NA	NA	NA	NA	8.0	R	broth_microdilution_Sensititre	NA	NA	NA	NA	NA	NA	NA	NA	NA	NA	NA	NA	NA	NA	NA	NA	NA	NA	NA	NA	NA	NA	NA	NA	128.0	R	broth_microdilution_Sensititre	NA	NA	NA	NA	NA	NA	NA	NA	NA	NA	NA	NA	NA	NA	NA	NA	NA	NA	NA	NA	NA	NA	NA	NA	NA	NA	NA	NA	NA	NA	NA	NA	NA	NA	NA	NA	NA	NA	NA	NA	NA	NA	NA	NA	NA	NA	NA	NA	NA	NA	NA	NA	NA	NA	NA	NA	NA	NA	NA	NA	NA	NA	NA	NA	NA	NA	NA	NA	NA	NA	NA	NA	NA	NA	NA	NA	NA	NA	NA	NA	NA	NA	NA	NA	NA	NA	NA	NA	NA	NA	NA	NA	NA	NA	NA	NA	NA	NA
SAMN16495293	ID_8005609	SAMN16495293	Fattening pigs	timmermans2021	NA	NA	NA	NA	NA	NA	NA	NA	NA	NA	NA	8.0	R	broth_microdilution_Sensititre	NA	NA	NA	NA	NA	NA	NA	NA	NA	NA	NA	NA	NA	NA	NA	NA	NA	NA	NA	NA	NA	NA	NA	NA	128.0	R	broth_microdilution_Sensititre	NA	NA	NA	NA	NA	NA	NA	NA	NA	NA	NA	NA	NA	NA	NA	NA	NA	NA	NA	NA	NA	NA	NA	NA	NA	NA	NA	NA	NA	NA	NA	NA	NA	NA	NA	NA	NA	NA	NA	NA	NA	NA	NA	NA	NA	NA	NA	NA	NA	NA	NA	NA	NA	NA	NA	NA	NA	NA	NA	NA	NA	NA	NA	NA	NA	NA	NA	NA	NA	NA	NA	NA	NA	NA	NA	NA	NA	NA	NA	NA	NA	NA	NA	NA	NA	NA	NA	NA	NA	NA	NA	NA	NA	NA	NA	NA	NA	NA
SAMN16495297	ID_2750924	SAMN16495297	Veal calves	timmermans2021	NA	NA	NA	NA	NA	NA	NA	NA	NA	NA	NA	32.0	R	broth_microdilution_Sensititre	NA	NA	NA	NA	NA	NA	NA	NA	NA	NA	NA	NA	NA	NA	NA	NA	NA	NA	NA	NA	NA	NA	NA	NA	64.0	R	broth_microdilution_Sensititre	NA	NA	NA	NA	NA	NA	NA	NA	NA	NA	NA	NA	NA	NA	NA	NA	NA	NA	NA	NA	NA	NA	NA	NA	NA	NA	NA	NA	NA	NA	NA	NA	NA	NA	NA	NA	NA	NA	NA	NA	NA	NA	NA	NA	NA	NA	NA	NA	NA	NA	NA	NA	NA	NA	NA	NA	NA	NA	NA	NA	NA	NA	NA	NA	NA	NA	NA	NA	NA	NA	NA	NA	NA	NA	NA	NA	NA	NA	NA	NA	NA	NA	NA	NA	NA	NA	NA	NA	NA	NA	NA	NA	NA	NA	NA	NA	NA	NA
SAMN16495300	ID_8086578	SAMN16495300	Veal calves	timmermans2021	NA	NA	NA	NA	NA	NA	NA	NA	NA	NA	NA	16.0	R	broth_microdilution_Sensititre	NA	NA	NA	NA	NA	NA	NA	NA	NA	NA	NA	NA	NA	NA	NA	NA	NA	NA	NA	NA	NA	NA	NA	NA	128.0	R	broth_microdilution_Sensititre	NA	NA	NA	NA	NA	NA	NA	NA	NA	NA	NA	NA	NA	NA	NA	NA	NA	NA	NA	NA	NA	NA	NA	NA	NA	NA	NA	NA	NA	NA	NA	NA	NA	NA	NA	NA	NA	NA	NA	NA	NA	NA	NA	NA	NA	NA	NA	NA	NA	NA	NA	NA	NA	NA	NA	NA	NA	NA	NA	NA	NA	NA	NA	NA	NA	NA	NA	NA	NA	NA	NA	NA	NA	NA	NA	NA	NA	NA	NA	NA	NA	NA	NA	NA	NA	NA	NA	NA	NA	NA	NA	NA	NA	NA	NA	NA	NA	NA
SAMN16495302	ID_6273500	SAMN16495302	Veal calves	timmermans2021	NA	NA	NA	NA	NA	NA	NA	NA	NA	NA	NA	8.0	R	broth_microdilution_Sensititre	NA	NA	NA	NA	NA	NA	NA	NA	NA	NA	NA	NA	NA	NA	NA	NA	NA	NA	NA	NA	NA	NA	NA	NA	128.0	R	broth_microdilution_Sensititre	NA	NA	NA	NA	NA	NA	NA	NA	NA	NA	NA	NA	NA	NA	NA	NA	NA	NA	NA	NA	NA	NA	NA	NA	NA	NA	NA	NA	NA	NA	NA	NA	NA	NA	NA	NA	NA	NA	NA	NA	NA	NA	NA	NA	NA	NA	NA	NA	NA	NA	NA	NA	NA	NA	NA	NA	NA	NA	NA	NA	NA	NA	NA	NA	NA	NA	NA	NA	NA	NA	NA	NA	NA	NA	NA	NA	NA	NA	NA	NA	NA	NA	NA	NA	NA	NA	NA	NA	NA	NA	NA	NA	NA	NA	NA	NA	NA	NA
SAMN16495303	ID_7658706	SAMN16495303	Veal calves	timmermans2021	NA	NA	NA	NA	NA	NA	NA	NA	NA	NA	NA	8.0	R	broth_microdilution_Sensititre	NA	NA	NA	NA	NA	NA	NA	NA	NA	NA	NA	NA	NA	NA	NA	NA	NA	NA	NA	NA	NA	NA	NA	NA	128.0	R	broth_microdilution_Sensititre	NA	NA	NA	NA	NA	NA	NA	NA	NA	NA	NA	NA	NA	NA	NA	NA	NA	NA	NA	NA	NA	NA	NA	NA	NA	NA	NA	NA	NA	NA	NA	NA	NA	NA	NA	NA	NA	NA	NA	NA	NA	NA	NA	NA	NA	NA	NA	NA	NA	NA	NA	NA	NA	NA	NA	NA	NA	NA	NA	NA	NA	NA	NA	NA	NA	NA	NA	NA	NA	NA	NA	NA	NA	NA	NA	NA	NA	NA	NA	NA	NA	NA	NA	NA	NA	NA	NA	NA	NA	NA	NA	NA	NA	NA	NA	NA	NA	NA
SAMN16495305	ID_8095082	SAMN16495305	Veal calves	timmermans2021	NA	NA	NA	NA	NA	NA	NA	NA	NA	NA	NA	8.0	R	broth_microdilution_Sensititre	NA	NA	NA	NA	NA	NA	NA	NA	NA	NA	NA	NA	NA	NA	NA	NA	NA	NA	NA	NA	NA	NA	NA	NA	128.0	R	broth_microdilution_Sensititre	NA	NA	NA	NA	NA	NA	NA	NA	NA	NA	NA	NA	NA	NA	NA	NA	NA	NA	NA	NA	NA	NA	NA	NA	NA	NA	NA	NA	NA	NA	NA	NA	NA	NA	NA	NA	NA	NA	NA	NA	NA	NA	NA	NA	NA	NA	NA	NA	NA	NA	NA	NA	NA	NA	NA	NA	NA	NA	NA	NA	NA	NA	NA	NA	NA	NA	NA	NA	NA	NA	NA	NA	NA	NA	NA	NA	NA	NA	NA	NA	NA	NA	NA	NA	NA	NA	NA	NA	NA	NA	NA	NA	NA	NA	NA	NA	NA	NA
SAMN16495308	ID_7169160	SAMN16495308	Veal calves	timmermans2021	NA	NA	NA	NA	NA	NA	NA	NA	NA	NA	NA	16.0	R	broth_microdilution_Sensititre	NA	NA	NA	NA	NA	NA	NA	NA	NA	NA	NA	NA	NA	NA	NA	NA	NA	NA	NA	NA	NA	NA	NA	NA	128.0	R	broth_microdilution_Sensititre	NA	NA	NA	NA	NA	NA	NA	NA	NA	NA	NA	NA	NA	NA	NA	NA	NA	NA	NA	NA	NA	NA	NA	NA	NA	NA	NA	NA	NA	NA	NA	NA	NA	NA	NA	NA	NA	NA	NA	NA	NA	NA	NA	NA	NA	NA	NA	NA	NA	NA	NA	NA	NA	NA	NA	NA	NA	NA	NA	NA	NA	NA	NA	NA	NA	NA	NA	NA	NA	NA	NA	NA	NA	NA	NA	NA	NA	NA	NA	NA	NA	NA	NA	NA	NA	NA	NA	NA	NA	NA	NA	NA	NA	NA	NA	NA	NA	NA
SAMN16495310	ID_7509441	SAMN16495310	Veal calves	timmermans2021	NA	NA	NA	NA	NA	NA	NA	NA	NA	NA	NA	16.0	R	broth_microdilution_Sensititre	NA	NA	NA	NA	NA	NA	NA	NA	NA	NA	NA	NA	NA	NA	NA	NA	NA	NA	NA	NA	NA	NA	NA	NA	64.0	R	broth_microdilution_Sensititre	NA	NA	NA	NA	NA	NA	NA	NA	NA	NA	NA	NA	NA	NA	NA	NA	NA	NA	NA	NA	NA	NA	NA	NA	NA	NA	NA	NA	NA	NA	NA	NA	NA	NA	NA	NA	NA	NA	NA	NA	NA	NA	NA	NA	NA	NA	NA	NA	NA	NA	NA	NA	NA	NA	NA	NA	NA	NA	NA	NA	NA	NA	NA	NA	NA	NA	NA	NA	NA	NA	NA	NA	NA	NA	NA	NA	NA	NA	NA	NA	NA	NA	NA	NA	NA	NA	NA	NA	NA	NA	NA	NA	NA	NA	NA	NA	NA	NA
SAMN16495314	ID_8534947	SAMN16495314	Broilers	timmermans2021	NA	NA	NA	NA	NA	NA	NA	NA	NA	NA	NA	16.0	R	broth_microdilution_Sensititre	NA	NA	NA	NA	NA	NA	NA	NA	NA	NA	NA	NA	NA	NA	NA	NA	NA	NA	NA	NA	NA	NA	NA	NA	64.0	R	broth_microdilution_Sensititre	NA	NA	NA	NA	NA	NA	NA	NA	NA	NA	NA	NA	NA	NA	NA	NA	NA	NA	NA	NA	NA	NA	NA	NA	NA	NA	NA	NA	NA	NA	NA	NA	NA	NA	NA	NA	NA	NA	NA	NA	NA	NA	NA	NA	NA	NA	NA	NA	NA	NA	NA	NA	NA	NA	NA	NA	NA	NA	NA	NA	NA	NA	NA	NA	NA	NA	NA	NA	NA	NA	NA	NA	NA	NA	NA	NA	NA	NA	NA	NA	NA	NA	NA	NA	NA	NA	NA	NA	NA	NA	NA	NA	NA	NA	NA	NA	NA	NA
SAMN16495315	ID_3998038	SAMN16495315	Veal calves	timmermans2021	NA	NA	NA	NA	NA	NA	NA	NA	NA	NA	NA	8.0	R	broth_microdilution_Sensititre	NA	NA	NA	NA	NA	NA	NA	NA	NA	NA	NA	NA	NA	NA	NA	NA	NA	NA	NA	NA	NA	NA	NA	NA	128.0	R	broth_microdilution_Sensititre	NA	NA	NA	NA	NA	NA	NA	NA	NA	NA	NA	NA	NA	NA	NA	NA	NA	NA	NA	NA	NA	NA	NA	NA	NA	NA	NA	NA	NA	NA	NA	NA	NA	NA	NA	NA	NA	NA	NA	NA	NA	NA	NA	NA	NA	NA	NA	NA	NA	NA	NA	NA	NA	NA	NA	NA	NA	NA	NA	NA	NA	NA	NA	NA	NA	NA	NA	NA	NA	NA	NA	NA	NA	NA	NA	NA	NA	NA	NA	NA	NA	NA	NA	NA	NA	NA	NA	NA	NA	NA	NA	NA	NA	NA	NA	NA	NA	NA
SAMN16495317	ID_6085172	SAMN16495317	Veal calves	timmermans2021	NA	NA	NA	NA	NA	NA	NA	NA	NA	NA	NA	16.0	R	broth_microdilution_Sensititre	NA	NA	NA	NA	NA	NA	NA	NA	NA	NA	NA	NA	NA	NA	NA	NA	NA	NA	NA	NA	NA	NA	NA	NA	128.0	R	broth_microdilution_Sensititre	NA	NA	NA	NA	NA	NA	NA	NA	NA	NA	NA	NA	NA	NA	NA	NA	NA	NA	NA	NA	NA	NA	NA	NA	NA	NA	NA	NA	NA	NA	NA	NA	NA	NA	NA	NA	NA	NA	NA	NA	NA	NA	NA	NA	NA	NA	NA	NA	NA	NA	NA	NA	NA	NA	NA	NA	NA	NA	NA	NA	NA	NA	NA	NA	NA	NA	NA	NA	NA	NA	NA	NA	NA	NA	NA	NA	NA	NA	NA	NA	NA	NA	NA	NA	NA	NA	NA	NA	NA	NA	NA	NA	NA	NA	NA	NA	NA	NA
SAMN16495320	ID_6736721	SAMN16495320	Veal calves	timmermans2021	NA	NA	NA	NA	NA	NA	NA	NA	NA	NA	NA	8.0	R	broth_microdilution_Sensititre	NA	NA	NA	NA	NA	NA	NA	NA	NA	NA	NA	NA	NA	NA	NA	NA	NA	NA	NA	NA	NA	NA	NA	NA	128.0	R	broth_microdilution_Sensititre	NA	NA	NA	NA	NA	NA	NA	NA	NA	NA	NA	NA	NA	NA	NA	NA	NA	NA	NA	NA	NA	NA	NA	NA	NA	NA	NA	NA	NA	NA	NA	NA	NA	NA	NA	NA	NA	NA	NA	NA	NA	NA	NA	NA	NA	NA	NA	NA	NA	NA	NA	NA	NA	NA	NA	NA	NA	NA	NA	NA	NA	NA	NA	NA	NA	NA	NA	NA	NA	NA	NA	NA	NA	NA	NA	NA	NA	NA	NA	NA	NA	NA	NA	NA	NA	NA	NA	NA	NA	NA	NA	NA	NA	NA	NA	NA	NA	NA
SAMN16495323	ID_5162851	SAMN16495323	Pigs	timmermans2021	NA	NA	NA	NA	NA	NA	NA	NA	NA	NA	NA	16.0	R	broth_microdilution_Sensititre	NA	NA	NA	NA	NA	NA	NA	NA	NA	NA	NA	NA	NA	NA	NA	NA	NA	NA	NA	NA	NA	NA	NA	NA	128.0	R	broth_microdilution_Sensititre	NA	NA	NA	NA	NA	NA	NA	NA	NA	NA	NA	NA	NA	NA	NA	NA	NA	NA	NA	NA	NA	NA	NA	NA	NA	NA	NA	NA	NA	NA	NA	NA	NA	NA	NA	NA	NA	NA	NA	NA	NA	NA	NA	NA	NA	NA	NA	NA	NA	NA	NA	NA	NA	NA	NA	NA	NA	NA	NA	NA	NA	NA	NA	NA	NA	NA	NA	NA	NA	NA	NA	NA	NA	NA	NA	NA	NA	NA	NA	NA	NA	NA	NA	NA	NA	NA	NA	NA	NA	NA	NA	NA	NA	NA	NA	NA	NA	NA
SAMN16495324	ID_7235129	SAMN16495324	Pigs	timmermans2021	NA	NA	NA	NA	NA	NA	NA	NA	NA	NA	NA	16.0	R	broth_microdilution_Sensititre	NA	NA	NA	NA	NA	NA	NA	NA	NA	NA	NA	NA	NA	NA	NA	NA	NA	NA	NA	NA	NA	NA	NA	NA	128.0	R	broth_microdilution_Sensititre	NA	NA	NA	NA	NA	NA	NA	NA	NA	NA	NA	NA	NA	NA	NA	NA	NA	NA	NA	NA	NA	NA	NA	NA	NA	NA	NA	NA	NA	NA	NA	NA	NA	NA	NA	NA	NA	NA	NA	NA	NA	NA	NA	NA	NA	NA	NA	NA	NA	NA	NA	NA	NA	NA	NA	NA	NA	NA	NA	NA	NA	NA	NA	NA	NA	NA	NA	NA	NA	NA	NA	NA	NA	NA	NA	NA	NA	NA	NA	NA	NA	NA	NA	NA	NA	NA	NA	NA	NA	NA	NA	NA	NA	NA	NA	NA	NA	NA
SAMN16495325	ID_3743269	SAMN16495325	Veal calves	timmermans2021	NA	NA	NA	NA	NA	NA	NA	NA	NA	NA	NA	8.0	R	broth_microdilution_Sensititre	NA	NA	NA	NA	NA	NA	NA	NA	NA	NA	NA	NA	NA	NA	NA	NA	NA	NA	NA	NA	NA	NA	NA	NA	>128.0	R	broth_microdilution_Sensititre	NA	NA	NA	NA	NA	NA	NA	NA	NA	NA	NA	NA	NA	NA	NA	NA	NA	NA	NA	NA	NA	NA	NA	NA	NA	NA	NA	NA	NA	NA	NA	NA	NA	NA	NA	NA	NA	NA	NA	NA	NA	NA	NA	NA	NA	NA	NA	NA	NA	NA	NA	NA	NA	NA	NA	NA	NA	NA	NA	NA	NA	NA	NA	NA	NA	NA	NA	NA	NA	NA	NA	NA	NA	NA	NA	NA	NA	NA	NA	NA	NA	NA	NA	NA	NA	NA	NA	NA	NA	NA	NA	NA	NA	NA	NA	NA	NA	NA
SAMN16495326	ID_5499720	SAMN16495326	Veal calves	timmermans2021	NA	NA	NA	NA	NA	NA	NA	NA	NA	NA	NA	8.0	R	broth_microdilution_Sensititre	NA	NA	NA	NA	NA	NA	NA	NA	NA	NA	NA	NA	NA	NA	NA	NA	NA	NA	NA	NA	NA	NA	NA	NA	128.0	R	broth_microdilution_Sensititre	NA	NA	NA	NA	NA	NA	NA	NA	NA	NA	NA	NA	NA	NA	NA	NA	NA	NA	NA	NA	NA	NA	NA	NA	NA	NA	NA	NA	NA	NA	NA	NA	NA	NA	NA	NA	NA	NA	NA	NA	NA	NA	NA	NA	NA	NA	NA	NA	NA	NA	NA	NA	NA	NA	NA	NA	NA	NA	NA	NA	NA	NA	NA	NA	NA	NA	NA	NA	NA	NA	NA	NA	NA	NA	NA	NA	NA	NA	NA	NA	NA	NA	NA	NA	NA	NA	NA	NA	NA	NA	NA	NA	NA	NA	NA	NA	NA	NA
SAMN16495327	ID_3787729	SAMN16495327	Veal calves	timmermans2021	NA	NA	NA	NA	NA	NA	NA	NA	NA	NA	NA	16.0	R	broth_microdilution_Sensititre	NA	NA	NA	NA	NA	NA	NA	NA	NA	NA	NA	NA	NA	NA	NA	NA	NA	NA	NA	NA	NA	NA	NA	NA	128.0	R	broth_microdilution_Sensititre	NA	NA	NA	NA	NA	NA	NA	NA	NA	NA	NA	NA	NA	NA	NA	NA	NA	NA	NA	NA	NA	NA	NA	NA	NA	NA	NA	NA	NA	NA	NA	NA	NA	NA	NA	NA	NA	NA	NA	NA	NA	NA	NA	NA	NA	NA	NA	NA	NA	NA	NA	NA	NA	NA	NA	NA	NA	NA	NA	NA	NA	NA	NA	NA	NA	NA	NA	NA	NA	NA	NA	NA	NA	NA	NA	NA	NA	NA	NA	NA	NA	NA	NA	NA	NA	NA	NA	NA	NA	NA	NA	NA	NA	NA	NA	NA	NA	NA
SAMN16495328	ID_2698709	SAMN16495328	Veal calves	timmermans2021	NA	NA	NA	NA	NA	NA	NA	NA	NA	NA	NA	8.0	R	broth_microdilution_Sensititre	NA	NA	NA	NA	NA	NA	NA	NA	NA	NA	NA	NA	NA	NA	NA	NA	NA	NA	NA	NA	NA	NA	NA	NA	128.0	R	broth_microdilution_Sensititre	NA	NA	NA	NA	NA	NA	NA	NA	NA	NA	NA	NA	NA	NA	NA	NA	NA	NA	NA	NA	NA	NA	NA	NA	NA	NA	NA	NA	NA	NA	NA	NA	NA	NA	NA	NA	NA	NA	NA	NA	NA	NA	NA	NA	NA	NA	NA	NA	NA	NA	NA	NA	NA	NA	NA	NA	NA	NA	NA	NA	NA	NA	NA	NA	NA	NA	NA	NA	NA	NA	NA	NA	NA	NA	NA	NA	NA	NA	NA	NA	NA	NA	NA	NA	NA	NA	NA	NA	NA	NA	NA	NA	NA	NA	NA	NA	NA	NA
SAMN16495329	ID_6713188	SAMN16495329	Broilers	timmermans2021	NA	NA	NA	NA	NA	NA	NA	NA	NA	NA	NA	8.0	R	broth_microdilution_Sensititre	NA	NA	NA	NA	NA	NA	NA	NA	NA	NA	NA	NA	NA	NA	NA	NA	NA	NA	NA	NA	NA	NA	NA	NA	128.0	R	broth_microdilution_Sensititre	NA	NA	NA	NA	NA	NA	NA	NA	NA	NA	NA	NA	NA	NA	NA	NA	NA	NA	NA	NA	NA	NA	NA	NA	NA	NA	NA	NA	NA	NA	NA	NA	NA	NA	NA	NA	NA	NA	NA	NA	NA	NA	NA	NA	NA	NA	NA	NA	NA	NA	NA	NA	NA	NA	NA	NA	NA	NA	NA	NA	NA	NA	NA	NA	NA	NA	NA	NA	NA	NA	NA	NA	NA	NA	NA	NA	NA	NA	NA	NA	NA	NA	NA	NA	NA	NA	NA	NA	NA	NA	NA	NA	NA	NA	NA	NA	NA	NA
SAMN16495332	ID_3631310	SAMN16495332	Veal calves	timmermans2021	NA	NA	NA	NA	NA	NA	NA	NA	NA	NA	NA	16.0	R	broth_microdilution_Sensititre	NA	NA	NA	NA	NA	NA	NA	NA	NA	NA	NA	NA	NA	NA	NA	NA	NA	NA	NA	NA	NA	NA	NA	NA	64.0	R	broth_microdilution_Sensititre	NA	NA	NA	NA	NA	NA	NA	NA	NA	NA	NA	NA	NA	NA	NA	NA	NA	NA	NA	NA	NA	NA	NA	NA	NA	NA	NA	NA	NA	NA	NA	NA	NA	NA	NA	NA	NA	NA	NA	NA	NA	NA	NA	NA	NA	NA	NA	NA	NA	NA	NA	NA	NA	NA	NA	NA	NA	NA	NA	NA	NA	NA	NA	NA	NA	NA	NA	NA	NA	NA	NA	NA	NA	NA	NA	NA	NA	NA	NA	NA	NA	NA	NA	NA	NA	NA	NA	NA	NA	NA	NA	NA	NA	NA	NA	NA	NA	NA
SAMN16495333	ID_2945673	SAMN16495333	Veal calves	timmermans2021	NA	NA	NA	NA	NA	NA	NA	NA	NA	NA	NA	16.0	R	broth_microdilution_Sensititre	NA	NA	NA	NA	NA	NA	NA	NA	NA	NA	NA	NA	NA	NA	NA	NA	NA	NA	NA	NA	NA	NA	NA	NA	64.0	R	broth_microdilution_Sensititre	NA	NA	NA	NA	NA	NA	NA	NA	NA	NA	NA	NA	NA	NA	NA	NA	NA	NA	NA	NA	NA	NA	NA	NA	NA	NA	NA	NA	NA	NA	NA	NA	NA	NA	NA	NA	NA	NA	NA	NA	NA	NA	NA	NA	NA	NA	NA	NA	NA	NA	NA	NA	NA	NA	NA	NA	NA	NA	NA	NA	NA	NA	NA	NA	NA	NA	NA	NA	NA	NA	NA	NA	NA	NA	NA	NA	NA	NA	NA	NA	NA	NA	NA	NA	NA	NA	NA	NA	NA	NA	NA	NA	NA	NA	NA	NA	NA	NA
SAMN16495334	ID_5433499	SAMN16495334	Veal calves	timmermans2021	NA	NA	NA	NA	NA	NA	NA	NA	NA	NA	NA	8.0	R	broth_microdilution_Sensititre	NA	NA	NA	NA	NA	NA	NA	NA	NA	NA	NA	NA	NA	NA	NA	NA	NA	NA	NA	NA	NA	NA	NA	NA	128.0	R	broth_microdilution_Sensititre	NA	NA	NA	NA	NA	NA	NA	NA	NA	NA	NA	NA	NA	NA	NA	NA	NA	NA	NA	NA	NA	NA	NA	NA	NA	NA	NA	NA	NA	NA	NA	NA	NA	NA	NA	NA	NA	NA	NA	NA	NA	NA	NA	NA	NA	NA	NA	NA	NA	NA	NA	NA	NA	NA	NA	NA	NA	NA	NA	NA	NA	NA	NA	NA	NA	NA	NA	NA	NA	NA	NA	NA	NA	NA	NA	NA	NA	NA	NA	NA	NA	NA	NA	NA	NA	NA	NA	NA	NA	NA	NA	NA	NA	NA	NA	NA	NA	NA
SAMN16495335	ID_3134129	SAMN16495335	Veal calves	timmermans2021	NA	NA	NA	NA	NA	NA	NA	NA	NA	NA	NA	8.0	R	broth_microdilution_Sensititre	NA	NA	NA	NA	NA	NA	NA	NA	NA	NA	NA	NA	NA	NA	NA	NA	NA	NA	NA	NA	NA	NA	NA	NA	128.0	R	broth_microdilution_Sensititre	NA	NA	NA	NA	NA	NA	NA	NA	NA	NA	NA	NA	NA	NA	NA	NA	NA	NA	NA	NA	NA	NA	NA	NA	NA	NA	NA	NA	NA	NA	NA	NA	NA	NA	NA	NA	NA	NA	NA	NA	NA	NA	NA	NA	NA	NA	NA	NA	NA	NA	NA	NA	NA	NA	NA	NA	NA	NA	NA	NA	NA	NA	NA	NA	NA	NA	NA	NA	NA	NA	NA	NA	NA	NA	NA	NA	NA	NA	NA	NA	NA	NA	NA	NA	NA	NA	NA	NA	NA	NA	NA	NA	NA	NA	NA	NA	NA	NA
SAMN16495336	ID_8382997	SAMN16495336	Veal calves	timmermans2021	NA	NA	NA	NA	NA	NA	NA	NA	NA	NA	NA	8.0	R	broth_microdilution_Sensititre	NA	NA	NA	NA	NA	NA	NA	NA	NA	NA	NA	NA	NA	NA	NA	NA	NA	NA	NA	NA	NA	NA	NA	NA	128.0	R	broth_microdilution_Sensititre	NA	NA	NA	NA	NA	NA	NA	NA	NA	NA	NA	NA	NA	NA	NA	NA	NA	NA	NA	NA	NA	NA	NA	NA	NA	NA	NA	NA	NA	NA	NA	NA	NA	NA	NA	NA	NA	NA	NA	NA	NA	NA	NA	NA	NA	NA	NA	NA	NA	NA	NA	NA	NA	NA	NA	NA	NA	NA	NA	NA	NA	NA	NA	NA	NA	NA	NA	NA	NA	NA	NA	NA	NA	NA	NA	NA	NA	NA	NA	NA	NA	NA	NA	NA	NA	NA	NA	NA	NA	NA	NA	NA	NA	NA	NA	NA	NA	NA
SAMN16495339	ID_1231581	SAMN16495339	Broilers	timmermans2021	NA	NA	NA	NA	NA	NA	NA	NA	NA	NA	NA	16.0	R	broth_microdilution_Sensititre	NA	NA	NA	NA	NA	NA	NA	NA	NA	NA	NA	NA	NA	NA	NA	NA	NA	NA	NA	NA	NA	NA	NA	NA	128.0	R	broth_microdilution_Sensititre	NA	NA	NA	NA	NA	NA	NA	NA	NA	NA	NA	NA	NA	NA	NA	NA	NA	NA	NA	NA	NA	NA	NA	NA	NA	NA	NA	NA	NA	NA	NA	NA	NA	NA	NA	NA	NA	NA	NA	NA	NA	NA	NA	NA	NA	NA	NA	NA	NA	NA	NA	NA	NA	NA	NA	NA	NA	NA	NA	NA	NA	NA	NA	NA	NA	NA	NA	NA	NA	NA	NA	NA	NA	NA	NA	NA	NA	NA	NA	NA	NA	NA	NA	NA	NA	NA	NA	NA	NA	NA	NA	NA	NA	NA	NA	NA	NA	NA
SAMN16495342	ID_3229738	SAMN16495342	Fattening pigs	timmermans2021	NA	NA	NA	NA	NA	NA	NA	NA	NA	NA	NA	16.0	R	broth_microdilution_Sensititre	NA	NA	NA	NA	NA	NA	NA	NA	NA	NA	NA	NA	NA	NA	NA	NA	NA	NA	NA	NA	NA	NA	NA	NA	64.0	R	broth_microdilution_Sensititre	NA	NA	NA	NA	NA	NA	NA	NA	NA	NA	NA	NA	NA	NA	NA	NA	NA	NA	NA	NA	NA	NA	NA	NA	NA	NA	NA	NA	NA	NA	NA	NA	NA	NA	NA	NA	NA	NA	NA	NA	NA	NA	NA	NA	NA	NA	NA	NA	NA	NA	NA	NA	NA	NA	NA	NA	NA	NA	NA	NA	NA	NA	NA	NA	NA	NA	NA	NA	NA	NA	NA	NA	NA	NA	NA	NA	NA	NA	NA	NA	NA	NA	NA	NA	NA	NA	NA	NA	NA	NA	NA	NA	NA	NA	NA	NA	NA	NA
SAMN16495343	ID_5449348	SAMN16495343	Fattening pigs	timmermans2021	NA	NA	NA	NA	NA	NA	NA	NA	NA	NA	NA	8.0	R	broth_microdilution_Sensititre	NA	NA	NA	NA	NA	NA	NA	NA	NA	NA	NA	NA	NA	NA	NA	NA	NA	NA	NA	NA	NA	NA	NA	NA	128.0	R	broth_microdilution_Sensititre	NA	NA	NA	NA	NA	NA	NA	NA	NA	NA	NA	NA	NA	NA	NA	NA	NA	NA	NA	NA	NA	NA	NA	NA	NA	NA	NA	NA	NA	NA	NA	NA	NA	NA	NA	NA	NA	NA	NA	NA	NA	NA	NA	NA	NA	NA	NA	NA	NA	NA	NA	NA	NA	NA	NA	NA	NA	NA	NA	NA	NA	NA	NA	NA	NA	NA	NA	NA	NA	NA	NA	NA	NA	NA	NA	NA	NA	NA	NA	NA	NA	NA	NA	NA	NA	NA	NA	NA	NA	NA	NA	NA	NA	NA	NA	NA	NA	NA
SAMN16495345	ID_2057142	SAMN16495345	Pigs	timmermans2021	NA	NA	NA	NA	NA	NA	NA	NA	NA	NA	NA	8.0	R	broth_microdilution_Sensititre	NA	NA	NA	NA	NA	NA	NA	NA	NA	NA	NA	NA	NA	NA	NA	NA	NA	NA	NA	NA	NA	NA	NA	NA	128.0	R	broth_microdilution_Sensititre	NA	NA	NA	NA	NA	NA	NA	NA	NA	NA	NA	NA	NA	NA	NA	NA	NA	NA	NA	NA	NA	NA	NA	NA	NA	NA	NA	NA	NA	NA	NA	NA	NA	NA	NA	NA	NA	NA	NA	NA	NA	NA	NA	NA	NA	NA	NA	NA	NA	NA	NA	NA	NA	NA	NA	NA	NA	NA	NA	NA	NA	NA	NA	NA	NA	NA	NA	NA	NA	NA	NA	NA	NA	NA	NA	NA	NA	NA	NA	NA	NA	NA	NA	NA	NA	NA	NA	NA	NA	NA	NA	NA	NA	NA	NA	NA	NA	NA
SAMN16495347	ID_2047274	SAMN16495347	Veal calves	timmermans2021	NA	NA	NA	NA	NA	NA	NA	NA	NA	NA	NA	8.0	R	broth_microdilution_Sensititre	NA	NA	NA	NA	NA	NA	NA	NA	NA	NA	NA	NA	NA	NA	NA	NA	NA	NA	NA	NA	NA	NA	NA	NA	128.0	R	broth_microdilution_Sensititre	NA	NA	NA	NA	NA	NA	NA	NA	NA	NA	NA	NA	NA	NA	NA	NA	NA	NA	NA	NA	NA	NA	NA	NA	NA	NA	NA	NA	NA	NA	NA	NA	NA	NA	NA	NA	NA	NA	NA	NA	NA	NA	NA	NA	NA	NA	NA	NA	NA	NA	NA	NA	NA	NA	NA	NA	NA	NA	NA	NA	NA	NA	NA	NA	NA	NA	NA	NA	NA	NA	NA	NA	NA	NA	NA	NA	NA	NA	NA	NA	NA	NA	NA	NA	NA	NA	NA	NA	NA	NA	NA	NA	NA	NA	NA	NA	NA	NA
SAMN16495351	ID_8353303	SAMN16495351	Sows	timmermans2021	NA	NA	NA	NA	NA	NA	NA	NA	NA	NA	NA	8.0	R	broth_microdilution_Sensititre	NA	NA	NA	NA	NA	NA	NA	NA	NA	NA	NA	NA	NA	NA	NA	NA	NA	NA	NA	NA	NA	NA	NA	NA	128.0	R	broth_microdilution_Sensititre	NA	NA	NA	NA	NA	NA	NA	NA	NA	NA	NA	NA	NA	NA	NA	NA	NA	NA	NA	NA	NA	NA	NA	NA	NA	NA	NA	NA	NA	NA	NA	NA	NA	NA	NA	NA	NA	NA	NA	NA	NA	NA	NA	NA	NA	NA	NA	NA	NA	NA	NA	NA	NA	NA	NA	NA	NA	NA	NA	NA	NA	NA	NA	NA	NA	NA	NA	NA	NA	NA	NA	NA	NA	NA	NA	NA	NA	NA	NA	NA	NA	NA	NA	NA	NA	NA	NA	NA	NA	NA	NA	NA	NA	NA	NA	NA	NA	NA
SAMN16495352	ID_5016165	SAMN16495352	Sows	timmermans2021	NA	NA	NA	NA	NA	NA	NA	NA	NA	NA	NA	16.0	R	broth_microdilution_Sensititre	NA	NA	NA	NA	NA	NA	NA	NA	NA	NA	NA	NA	NA	NA	NA	NA	NA	NA	NA	NA	NA	NA	NA	NA	128.0	R	broth_microdilution_Sensititre	NA	NA	NA	NA	NA	NA	NA	NA	NA	NA	NA	NA	NA	NA	NA	NA	NA	NA	NA	NA	NA	NA	NA	NA	NA	NA	NA	NA	NA	NA	NA	NA	NA	NA	NA	NA	NA	NA	NA	NA	NA	NA	NA	NA	NA	NA	NA	NA	NA	NA	NA	NA	NA	NA	NA	NA	NA	NA	NA	NA	NA	NA	NA	NA	NA	NA	NA	NA	NA	NA	NA	NA	NA	NA	NA	NA	NA	NA	NA	NA	NA	NA	NA	NA	NA	NA	NA	NA	NA	NA	NA	NA	NA	NA	NA	NA	NA	NA
SAMN16826729	ID_1975212	SAMN16826729	Human	timmermans2021	NA	NA	NA	NA	NA	NA	NA	NA	NA	NA	NA	NA	NA	broth_microdilution_Sensititre	NA	NA	NA	NA	NA	NA	NA	NA	NA	NA	NA	NA	NA	NA	NA	NA	NA	NA	NA	NA	NA	NA	NA	NA	NA	NA	broth_microdilution_Sensititre	NA	NA	NA	NA	NA	NA	NA	NA	NA	NA	NA	NA	NA	NA	NA	NA	NA	NA	NA	NA	NA	NA	NA	NA	NA	NA	NA	NA	NA	NA	NA	NA	NA	NA	NA	NA	NA	NA	NA	NA	NA	NA	NA	NA	NA	NA	NA	NA	NA	NA	NA	NA	NA	NA	NA	NA	NA	NA	NA	NA	NA	NA	NA	NA	NA	NA	NA	NA	NA	NA	NA	NA	NA	NA	NA	NA	NA	NA	NA	NA	NA	NA	NA	NA	NA	NA	NA	NA	NA	NA	NA	NA	NA	NA	NA	NA	NA	NA
SAMN16826733	ID_4288208	SAMN16826733	Human	timmermans2021	NA	NA	NA	NA	NA	NA	NA	NA	NA	NA	NA	NA	NA	broth_microdilution_Sensititre	NA	NA	NA	NA	NA	NA	NA	NA	NA	NA	NA	NA	NA	NA	NA	NA	NA	NA	NA	NA	NA	NA	NA	NA	NA	NA	broth_microdilution_Sensititre	NA	NA	NA	NA	NA	NA	NA	NA	NA	NA	NA	NA	NA	NA	NA	NA	NA	NA	NA	NA	NA	NA	NA	NA	NA	NA	NA	NA	NA	NA	NA	NA	NA	NA	NA	NA	NA	NA	NA	NA	NA	NA	NA	NA	NA	NA	NA	NA	NA	NA	NA	NA	NA	NA	NA	NA	NA	NA	NA	NA	NA	NA	NA	NA	NA	NA	NA	NA	NA	NA	NA	NA	NA	NA	NA	NA	NA	NA	NA	NA	NA	NA	NA	NA	NA	NA	NA	NA	NA	NA	NA	NA	NA	NA	NA	NA	NA	NA
SAMN16826734	ID_1940023	SAMN16826734	Human	timmermans2021	NA	NA	NA	NA	NA	NA	NA	NA	NA	NA	NA	NA	NA	broth_microdilution_Sensititre	NA	NA	NA	NA	NA	NA	NA	NA	NA	NA	NA	NA	NA	NA	NA	NA	NA	NA	NA	NA	NA	NA	NA	NA	NA	NA	broth_microdilution_Sensititre	NA	NA	NA	NA	NA	NA	NA	NA	NA	NA	NA	NA	NA	NA	NA	NA	NA	NA	NA	NA	NA	NA	NA	NA	NA	NA	NA	NA	NA	NA	NA	NA	NA	NA	NA	NA	NA	NA	NA	NA	NA	NA	NA	NA	NA	NA	NA	NA	NA	NA	NA	NA	NA	NA	NA	NA	NA	NA	NA	NA	NA	NA	NA	NA	NA	NA	NA	NA	NA	NA	NA	NA	NA	NA	NA	NA	NA	NA	NA	NA	NA	NA	NA	NA	NA	NA	NA	NA	NA	NA	NA	NA	NA	NA	NA	NA	NA	NA
SAMN18529533	ID_2504480	SAMN18529533	NA	holman2021	S	broth microdilution	2.0	S	broth microdilution	NA	NA	NA	2.0	I	broth microdilution	2.0	S	broth microdilution	0.12	S	broth microdilution	NA	NA	NA	<=512	S	broth microdilution	4.0	R	broth microdilution	<=1.0	S	broth microdilution	8.0	S	broth microdilution	NA	NA	NA	8.0	R	broth microdilution	8.0	S	broth microdilution	NA	NA	NA	S	broth microdilution	32.0	S	broth microdilution	NA	NA	NA	NA	NA	NA	NA	NA	NA	NA	NA	NA	NA	NA	NA	NA	NA	NA	NA	NA	NA	NA	NA	NA	2.0	S	broth microdilution	>8.0	R	broth microdilution	4.0	S	broth microdilution	NA	NA	NA	NA	NA	NA	NA	NA	NA	NA	NA	NA	NA	NA	NA	NA	NA	NA	NA	NA	NA	NA	NA	NA	NA	NA	NA	NA	NA	NA	NA	NA	NA	NA	NA	NA	NA	NA	NA	NA	NA	NA	NA	NA	NA	NA	NA	NA	NA	NA	NA	NA	NA	NA	NA	NA	NA
SAMN18529534	ID_1227989	SAMN18529534	NA	holman2021	S	broth microdilution	1.0	S	broth microdilution	NA	NA	NA	1.0	I	broth microdilution	2.0	S	broth microdilution	0.06	S	broth microdilution	NA	NA	NA	<=512	S	broth microdilution	1.0	S	broth microdilution	<=1.0	S	broth microdilution	2.0	S	broth microdilution	NA	NA	NA	8.0	R	broth microdilution	4.0	S	broth microdilution	NA	NA	NA	S	broth microdilution	16.0	S	broth microdilution	NA	NA	NA	NA	NA	NA	NA	NA	NA	NA	NA	NA	NA	NA	NA	NA	NA	NA	NA	NA	NA	NA	NA	NA	2.0	S	broth microdilution	>8.0	R	broth microdilution	2.0	S	broth microdilution	NA	NA	NA	NA	NA	NA	NA	NA	NA	NA	NA	NA	NA	NA	NA	NA	NA	NA	NA	NA	NA	NA	NA	NA	NA	NA	NA	NA	NA	NA	NA	NA	NA	NA	NA	NA	NA	NA	NA	NA	NA	NA	NA	NA	NA	NA	NA	NA	NA	NA	NA	NA	NA	NA	NA	NA	NA
SAMN18529535	ID_6575367	SAMN18529535	NA	holman2021	S	broth microdilution	2.0	S	broth microdilution	NA	NA	NA	4.0	I	broth microdilution	2.0	S	broth microdilution	0.06	S	broth microdilution	NA	NA	NA	<=512	S	broth microdilution	1.0	S	broth microdilution	<=1.0	S	broth microdilution	4.0	S	broth microdilution	NA	NA	NA	<=0.5	S	broth microdilution	8.0	S	broth microdilution	NA	NA	NA	S	broth microdilution	16.0	S	broth microdilution	NA	NA	NA	NA	NA	NA	NA	NA	NA	NA	NA	NA	NA	NA	NA	NA	NA	NA	NA	NA	NA	NA	NA	NA	1.0	S	broth microdilution	<=1.0	S	broth microdilution	2.0	S	broth microdilution	NA	NA	NA	NA	NA	NA	NA	NA	NA	NA	NA	NA	NA	NA	NA	NA	NA	NA	NA	NA	NA	NA	NA	NA	NA	NA	NA	NA	NA	NA	NA	NA	NA	NA	NA	NA	NA	NA	NA	NA	NA	NA	NA	NA	NA	NA	NA	NA	NA	NA	NA	NA	NA	NA	NA	NA	NA
SAMN18529536	ID_3829305	SAMN18529536	NA	holman2021	S	broth microdilution	2.0	S	broth microdilution	NA	NA	NA	>8.0	R	broth microdilution	2.0	S	broth microdilution	0.03	S	broth microdilution	NA	NA	NA	<=512	S	broth microdilution	1.0	S	broth microdilution	<=1.0	S	broth microdilution	4.0	S	broth microdilution	NA	NA	NA	8.0	R	broth microdilution	8.0	S	broth microdilution	NA	NA	NA	S	broth microdilution	32.0	S	broth microdilution	NA	NA	NA	NA	NA	NA	NA	NA	NA	NA	NA	NA	NA	NA	NA	NA	NA	NA	NA	NA	NA	NA	NA	NA	1.0	S	broth microdilution	>8.0	R	broth microdilution	2.0	S	broth microdilution	NA	NA	NA	NA	NA	NA	NA	NA	NA	NA	NA	NA	NA	NA	NA	NA	NA	NA	NA	NA	NA	NA	NA	NA	NA	NA	NA	NA	NA	NA	NA	NA	NA	NA	NA	NA	NA	NA	NA	NA	NA	NA	NA	NA	NA	NA	NA	NA	NA	NA	NA	NA	NA	NA	NA	NA	NA
SAMN18529538	ID_8333993	SAMN18529538	NA	holman2021	S	broth microdilution	4.0	S	broth microdilution	NA	NA	NA	8.0	R	broth microdilution	4.0	I	broth microdilution	0.12	S	broth microdilution	NA	NA	NA	<=512	S	broth microdilution	>4.0	R	broth microdilution	>32.0	R	broth microdilution	8.0	S	broth microdilution	NA	NA	NA	8.0	R	broth microdilution	8.0	S	broth microdilution	NA	NA	NA	S	broth microdilution	32.0	S	broth microdilution	NA	NA	NA	NA	NA	NA	NA	NA	NA	NA	NA	NA	NA	NA	NA	NA	NA	NA	NA	NA	NA	NA	NA	NA	2.0	S	broth microdilution	>8.0	R	broth microdilution	4.0	S	broth microdilution	NA	NA	NA	NA	NA	NA	NA	NA	NA	NA	NA	NA	NA	NA	NA	NA	NA	NA	NA	NA	NA	NA	NA	NA	NA	NA	NA	NA	NA	NA	NA	NA	NA	NA	NA	NA	NA	NA	NA	NA	NA	NA	NA	NA	NA	NA	NA	NA	NA	NA	NA	NA	NA	NA	NA	NA	NA
SAMN18529539	ID_4637829	SAMN18529539	NA	holman2021	S	broth microdilution	2.0	S	broth microdilution	NA	NA	NA	8.0	R	broth microdilution	4.0	I	broth microdilution	0.06	S	broth microdilution	NA	NA	NA	<=512	S	broth microdilution	2.0	I	broth microdilution	4.0	S	broth microdilution	8.0	S	broth microdilution	NA	NA	NA	<=0.05	S	broth microdilution	8.0	S	broth microdilution	NA	NA	NA	S	broth microdilution	16.0	S	broth microdilution	NA	NA	NA	NA	NA	NA	NA	NA	NA	NA	NA	NA	NA	NA	NA	NA	NA	NA	NA	NA	NA	NA	NA	NA	1.0	S	broth microdilution	<=1.0	S	broth microdilution	4.0	S	broth microdilution	NA	NA	NA	NA	NA	NA	NA	NA	NA	NA	NA	NA	NA	NA	NA	NA	NA	NA	NA	NA	NA	NA	NA	NA	NA	NA	NA	NA	NA	NA	NA	NA	NA	NA	NA	NA	NA	NA	NA	NA	NA	NA	NA	NA	NA	NA	NA	NA	NA	NA	NA	NA	NA	NA	NA	NA	NA
SAMN18529540	ID_3982310	SAMN18529540	NA	holman2021	R	broth microdilution	2.0	S	broth microdilution	NA	NA	NA	>8.0	R	broth microdilution	2.0	S	broth microdilution	0.06	S	broth microdilution	NA	NA	NA	2048	R	broth microdilution	2.0	I	broth microdilution	>32.0	R	broth microdilution	4.0	S	broth microdilution	NA	NA	NA	16.0	R	broth microdilution	32.0	R	broth microdilution	NA	NA	NA	R	broth microdilution	16.0	S	broth microdilution	NA	NA	NA	NA	NA	NA	NA	NA	NA	NA	NA	NA	NA	NA	NA	NA	NA	NA	NA	NA	NA	NA	NA	NA	2.0	S	broth microdilution	>8.0	R	broth microdilution	>32.0	R	broth microdilution	NA	NA	NA	NA	NA	NA	NA	NA	NA	NA	NA	NA	NA	NA	NA	NA	NA	NA	NA	NA	NA	NA	NA	NA	NA	NA	NA	NA	NA	NA	NA	NA	NA	NA	NA	NA	NA	NA	NA	NA	NA	NA	NA	NA	NA	NA	NA	NA	NA	NA	NA	NA	NA	NA	NA	NA	NA
SAMN18529543	ID_8861292	SAMN18529543	NA	holman2021	S	broth microdilution	4.0	S	broth microdilution	NA	NA	NA	0.5	S	broth microdilution	2.0	S	broth microdilution	0.06	S	broth microdilution	NA	NA	NA	<=512	S	broth microdilution	4.0	R	broth microdilution	>32.0	R	broth microdilution	8.0	S	broth microdilution	NA	NA	NA	8.0	R	broth microdilution	8.0	S	broth microdilution	NA	NA	NA	S	broth microdilution	32.0	S	broth microdilution	NA	NA	NA	NA	NA	NA	NA	NA	NA	NA	NA	NA	NA	NA	NA	NA	NA	NA	NA	NA	NA	NA	NA	NA	2.0	S	broth microdilution	>8.0	R	broth microdilution	4.0	S	broth microdilution	NA	NA	NA	NA	NA	NA	NA	NA	NA	NA	NA	NA	NA	NA	NA	NA	NA	NA	NA	NA	NA	NA	NA	NA	NA	NA	NA	NA	NA	NA	NA	NA	NA	NA	NA	NA	NA	NA	NA	NA	NA	NA	NA	NA	NA	NA	NA	NA	NA	NA	NA	NA	NA	NA	NA	NA	NA
SAMN18529544	ID_2949752	SAMN18529544	NA	holman2021	S	broth microdilution	4.0	S	broth microdilution	NA	NA	NA	2.0	I	broth microdilution	2.0	S	broth microdilution	0.12	S	broth microdilution	NA	NA	NA	<=512	S	broth microdilution	4.0	R	broth microdilution	>32.0	R	broth microdilution	8.0	S	broth microdilution	NA	NA	NA	8.0	R	broth microdilution	8.0	S	broth microdilution	NA	NA	NA	S	broth microdilution	32.0	S	broth microdilution	NA	NA	NA	NA	NA	NA	NA	NA	NA	NA	NA	NA	NA	NA	NA	NA	NA	NA	NA	NA	NA	NA	NA	NA	2.0	S	broth microdilution	>8.0	R	broth microdilution	4.0	S	broth microdilution	NA	NA	NA	NA	NA	NA	NA	NA	NA	NA	NA	NA	NA	NA	NA	NA	NA	NA	NA	NA	NA	NA	NA	NA	NA	NA	NA	NA	NA	NA	NA	NA	NA	NA	NA	NA	NA	NA	NA	NA	NA	NA	NA	NA	NA	NA	NA	NA	NA	NA	NA	NA	NA	NA	NA	NA	NA
SAMN19185855	ID_7074455	SAMN19185855	pig	elzowalaty2023	NA	NA	NA	S	disk diffusion	NA	S	disk diffusion	NA	NA	NA	NA	NA	NA	NA	NA	NA	NA	NA	NA	NA	NA	NA	NA	S	disk diffusion	NA	S	disk diffusion	NA	NA	NA	NA	S	disk diffusion	NA	NA	NA	NA	S	disk diffusion	NA	S	disk diffusion	NA	NA	NA	NA	NA	NA	NA	NA	NA	NA	NA	NA	NA	NA	NA	R	disk diffusion	NA	NA	NA	NA	NA	NA	NA	NA	NA	NA	NA	NA	NA	NA	NA	NA	NA	NA	NA	NA	NA	NA	NA	NA	NA	NA	NA	NA	NA	NA	NA	NA	NA	NA	NA	NA	NA	S	disk diffusion	NA	NA	NA	NA	NA	NA	NA	NA	NA	NA	NA	NA	NA	NA	NA	NA	NA	NA	NA	NA	NA	NA	NA	NA	NA	NA	NA	NA	NA	NA	NA	NA	NA	NA	NA	NA	NA	NA	NA
SAMN19185856	ID_5222305	SAMN19185856	chicken	elzowalaty2023	NA	NA	NA	S	disk diffusion	NA	S	disk diffusion	NA	NA	NA	NA	NA	NA	NA	NA	NA	NA	NA	NA	NA	NA	NA	NA	S	disk diffusion	NA	S	disk diffusion	NA	NA	NA	NA	S	disk diffusion	NA	NA	NA	NA	S	disk diffusion	NA	S	disk diffusion	NA	NA	NA	NA	NA	NA	NA	NA	NA	NA	NA	NA	NA	NA	NA	R	disk diffusion	NA	NA	NA	NA	NA	NA	NA	NA	NA	NA	NA	NA	NA	NA	NA	NA	NA	NA	NA	NA	NA	NA	NA	NA	NA	NA	NA	NA	NA	NA	NA	NA	NA	NA	NA	NA	NA	R	disk diffusion	NA	NA	NA	NA	NA	NA	NA	NA	NA	NA	NA	NA	NA	NA	NA	NA	NA	NA	NA	NA	NA	NA	NA	NA	NA	NA	NA	NA	NA	NA	NA	NA	NA	NA	NA	NA	NA	NA	NA
SAMN19185857	ID_3098563	SAMN19185857	chicken	elzowalaty2023	NA	NA	NA	R	disk diffusion	NA	R	disk diffusion	NA	NA	NA	NA	NA	NA	NA	NA	NA	NA	NA	NA	NA	NA	NA	NA	S	disk diffusion	NA	S	disk diffusion	NA	NA	NA	NA	S	disk diffusion	NA	NA	NA	NA	S	disk diffusion	NA	S	disk diffusion	NA	NA	NA	NA	NA	NA	NA	NA	NA	NA	NA	NA	NA	NA	NA	R	disk diffusion	NA	NA	NA	NA	NA	NA	NA	NA	NA	NA	NA	NA	NA	NA	NA	NA	NA	NA	NA	NA	NA	NA	NA	NA	NA	NA	NA	NA	NA	NA	NA	NA	NA	NA	NA	NA	NA	S	disk diffusion	NA	NA	NA	NA	NA	NA	NA	NA	NA	NA	NA	NA	NA	NA	NA	NA	NA	NA	NA	NA	NA	NA	NA	NA	NA	NA	NA	NA	NA	NA	NA	NA	NA	NA	NA	NA	NA	NA	NA
SAMN19185858	ID_1683288	SAMN19185858	chicken	elzowalaty2023	NA	NA	NA	S	disk diffusion	NA	S	disk diffusion	NA	NA	NA	NA	NA	NA	NA	NA	NA	NA	NA	NA	NA	NA	NA	NA	S	disk diffusion	NA	R	disk diffusion	NA	NA	NA	NA	S	disk diffusion	NA	NA	NA	NA	S	disk diffusion	NA	R	disk diffusion	NA	NA	NA	NA	NA	NA	NA	NA	NA	NA	NA	NA	NA	NA	NA	R	disk diffusion	NA	NA	NA	NA	NA	NA	NA	NA	NA	NA	NA	NA	NA	NA	NA	NA	NA	NA	NA	NA	NA	NA	NA	NA	NA	NA	NA	NA	NA	NA	NA	NA	NA	NA	NA	NA	NA	R	disk diffusion	NA	NA	NA	NA	NA	NA	NA	NA	NA	NA	NA	NA	NA	NA	NA	NA	NA	NA	NA	NA	NA	NA	NA	NA	NA	NA	NA	NA	NA	NA	NA	NA	NA	NA	NA	NA	NA	NA	NA
SAMN19185859	ID_5315493	SAMN19185859	chicken	elzowalaty2023	NA	NA	NA	S	disk diffusion	NA	S	disk diffusion	NA	NA	NA	NA	NA	NA	NA	NA	NA	NA	NA	NA	NA	NA	NA	NA	S	disk diffusion	NA	R	disk diffusion	NA	NA	NA	NA	S	disk diffusion	NA	NA	NA	NA	S	disk diffusion	NA	R	disk diffusion	NA	NA	NA	NA	NA	NA	NA	NA	NA	NA	NA	NA	NA	NA	NA	R	disk diffusion	NA	NA	NA	NA	NA	NA	NA	NA	NA	NA	NA	NA	NA	NA	NA	NA	NA	NA	NA	NA	NA	NA	NA	NA	NA	NA	NA	NA	NA	NA	NA	NA	NA	NA	NA	NA	NA	R	disk diffusion	NA	NA	NA	NA	NA	NA	NA	NA	NA	NA	NA	NA	NA	NA	NA	NA	NA	NA	NA	NA	NA	NA	NA	NA	NA	NA	NA	NA	NA	NA	NA	NA	NA	NA	NA	NA	NA	NA	NA
SAMN19185860	ID_5388083	SAMN19185860	chicken	elzowalaty2023	NA	NA	NA	S	disk diffusion	NA	S	disk diffusion	NA	NA	NA	NA	NA	NA	NA	NA	NA	NA	NA	NA	NA	NA	NA	NA	S	disk diffusion	NA	S	disk diffusion	NA	NA	NA	NA	S	disk diffusion	NA	NA	NA	NA	S	disk diffusion	NA	R	disk diffusion	NA	NA	NA	NA	NA	NA	NA	NA	NA	NA	NA	NA	NA	NA	NA	R	disk diffusion	NA	NA	NA	NA	NA	NA	NA	NA	NA	NA	NA	NA	NA	NA	NA	NA	NA	NA	NA	NA	NA	NA	NA	NA	NA	NA	NA	NA	NA	NA	NA	NA	NA	NA	NA	NA	NA	R	disk diffusion	NA	NA	NA	NA	NA	NA	NA	NA	NA	NA	NA	NA	NA	NA	NA	NA	NA	NA	NA	NA	NA	NA	NA	NA	NA	NA	NA	NA	NA	NA	NA	NA	NA	NA	NA	NA	NA	NA	NA
SAMN19185861	ID_7174114	SAMN19185861	chicken	elzowalaty2023	NA	NA	NA	S	disk diffusion	NA	S	disk diffusion	NA	NA	NA	NA	NA	NA	NA	NA	NA	NA	NA	NA	NA	NA	NA	NA	S	disk diffusion	NA	S	disk diffusion	NA	NA	NA	NA	S	disk diffusion	NA	NA	NA	NA	S	disk diffusion	NA	S	disk diffusion	NA	NA	NA	NA	NA	NA	NA	NA	NA	NA	NA	NA	NA	NA	NA	R	disk diffusion	NA	NA	NA	NA	NA	NA	NA	NA	NA	NA	NA	NA	NA	NA	NA	NA	NA	NA	NA	NA	NA	NA	NA	NA	NA	NA	NA	NA	NA	NA	NA	NA	NA	NA	NA	NA	NA	S	disk diffusion	NA	NA	NA	NA	NA	NA	NA	NA	NA	NA	NA	NA	NA	NA	NA	NA	NA	NA	NA	NA	NA	NA	NA	NA	NA	NA	NA	NA	NA	NA	NA	NA	NA	NA	NA	NA	NA	NA	NA
SAMN19185864	ID_5155915	SAMN19185864	goat	elzowalaty2023	NA	NA	NA	S	disk diffusion	NA	R	disk diffusion	NA	NA	NA	NA	NA	NA	NA	NA	NA	NA	NA	NA	NA	NA	NA	NA	S	disk diffusion	NA	S	disk diffusion	NA	NA	NA	NA	S	disk diffusion	NA	NA	NA	NA	S	disk diffusion	NA	R	disk diffusion	NA	NA	NA	NA	NA	NA	NA	NA	NA	NA	NA	NA	NA	NA	NA	R	disk diffusion	NA	NA	NA	NA	NA	NA	NA	NA	NA	NA	NA	NA	NA	NA	NA	NA	NA	NA	NA	NA	NA	NA	NA	NA	NA	NA	NA	NA	NA	NA	NA	NA	NA	NA	NA	NA	NA	S	disk diffusion	NA	NA	NA	NA	NA	NA	NA	NA	NA	NA	NA	NA	NA	NA	NA	NA	NA	NA	NA	NA	NA	NA	NA	NA	NA	NA	NA	NA	NA	NA	NA	NA	NA	NA	NA	NA	NA	NA	NA
SAMN19185865	ID_2411823	SAMN19185865	goat	elzowalaty2023	NA	NA	NA	S	disk diffusion	NA	S	disk diffusion	NA	NA	NA	NA	NA	NA	NA	NA	NA	NA	NA	NA	NA	NA	NA	NA	S	disk diffusion	NA	S	disk diffusion	NA	NA	NA	NA	S	disk diffusion	NA	NA	NA	NA	S	disk diffusion	NA	S	disk diffusion	NA	NA	NA	NA	NA	NA	NA	NA	NA	NA	NA	NA	NA	NA	NA	R	disk diffusion	NA	NA	NA	NA	NA	NA	NA	NA	NA	NA	NA	NA	NA	NA	NA	NA	NA	NA	NA	NA	NA	NA	NA	NA	NA	NA	NA	NA	NA	NA	NA	NA	NA	NA	NA	NA	NA	S	disk diffusion	NA	NA	NA	NA	NA	NA	NA	NA	NA	NA	NA	NA	NA	NA	NA	NA	NA	NA	NA	NA	NA	NA	NA	NA	NA	NA	NA	NA	NA	NA	NA	NA	NA	NA	NA	NA	NA	NA	NA
SAMN19185866	ID_8833586	SAMN19185866	goat	elzowalaty2023	NA	NA	NA	S	disk diffusion	NA	S	disk diffusion	NA	NA	NA	NA	NA	NA	NA	NA	NA	NA	NA	NA	NA	NA	NA	NA	S	disk diffusion	NA	R	disk diffusion	NA	NA	NA	NA	S	disk diffusion	NA	NA	NA	NA	S	disk diffusion	NA	S	disk diffusion	NA	NA	NA	NA	NA	NA	NA	NA	NA	NA	NA	NA	NA	NA	NA	R	disk diffusion	NA	NA	NA	NA	NA	NA	NA	NA	NA	NA	NA	NA	NA	NA	NA	NA	NA	NA	NA	NA	NA	NA	NA	NA	NA	NA	NA	NA	NA	NA	NA	NA	NA	NA	NA	NA	NA	R	disk diffusion	NA	NA	NA	NA	NA	NA	NA	NA	NA	NA	NA	NA	NA	NA	NA	NA	NA	NA	NA	NA	NA	NA	NA	NA	NA	NA	NA	NA	NA	NA	NA	NA	NA	NA	NA	NA	NA	NA	NA
SAMN19185867	ID_3512264	SAMN19185867	cow	elzowalaty2023	NA	NA	NA	S	disk diffusion	NA	S	disk diffusion	NA	NA	NA	NA	NA	NA	NA	NA	NA	NA	NA	NA	NA	NA	NA	NA	S	disk diffusion	NA	R	disk diffusion	NA	NA	NA	NA	S	disk diffusion	NA	NA	NA	NA	S	disk diffusion	NA	S	disk diffusion	NA	NA	NA	NA	NA	NA	NA	NA	NA	NA	NA	NA	NA	NA	NA	R	disk diffusion	NA	NA	NA	NA	NA	NA	NA	NA	NA	NA	NA	NA	NA	NA	NA	NA	NA	NA	NA	NA	NA	NA	NA	NA	NA	NA	NA	NA	NA	NA	NA	NA	NA	NA	NA	NA	NA	R	disk diffusion	NA	NA	NA	NA	NA	NA	NA	NA	NA	NA	NA	NA	NA	NA	NA	NA	NA	NA	NA	NA	NA	NA	NA	NA	NA	NA	NA	NA	NA	NA	NA	NA	NA	NA	NA	NA	NA	NA	NA
SAMN19185868	ID_7302904	SAMN19185868	cow	elzowalaty2023	NA	NA	NA	S	disk diffusion	NA	S	disk diffusion	NA	NA	NA	NA	NA	NA	NA	NA	NA	NA	NA	NA	NA	NA	NA	NA	S	disk diffusion	NA	S	disk diffusion	NA	NA	NA	NA	S	disk diffusion	NA	NA	NA	NA	S	disk diffusion	NA	S	disk diffusion	NA	NA	NA	NA	NA	NA	NA	NA	NA	NA	NA	NA	NA	NA	NA	R	disk diffusion	NA	NA	NA	NA	NA	NA	NA	NA	NA	NA	NA	NA	NA	NA	NA	NA	NA	NA	NA	NA	NA	NA	NA	NA	NA	NA	NA	NA	NA	NA	NA	NA	NA	NA	NA	NA	NA	R	disk diffusion	NA	NA	NA	NA	NA	NA	NA	NA	NA	NA	NA	NA	NA	NA	NA	NA	NA	NA	NA	NA	NA	NA	NA	NA	NA	NA	NA	NA	NA	NA	NA	NA	NA	NA	NA	NA	NA	NA	NA
SAMN19185870	ID_3126327	SAMN19185870	cow	elzowalaty2023	NA	NA	NA	S	disk diffusion	NA	S	disk diffusion	NA	NA	NA	NA	NA	NA	NA	NA	NA	NA	NA	NA	NA	NA	NA	NA	S	disk diffusion	NA	S	disk diffusion	NA	NA	NA	NA	S	disk diffusion	NA	NA	NA	NA	S	disk diffusion	NA	S	disk diffusion	NA	NA	NA	NA	NA	NA	NA	NA	NA	NA	NA	NA	NA	NA	NA	R	disk diffusion	NA	NA	NA	NA	NA	NA	NA	NA	NA	NA	NA	NA	NA	NA	NA	NA	NA	NA	NA	NA	NA	NA	NA	NA	NA	NA	NA	NA	NA	NA	NA	NA	NA	NA	NA	NA	NA	R	disk diffusion	NA	NA	NA	NA	NA	NA	NA	NA	NA	NA	NA	NA	NA	NA	NA	NA	NA	NA	NA	NA	NA	NA	NA	NA	NA	NA	NA	NA	NA	NA	NA	NA	NA	NA	NA	NA	NA	NA	NA
SAMN19185871	ID_7345885	SAMN19185871	pig	elzowalaty2023	NA	NA	NA	S	disk diffusion	NA	S	disk diffusion	NA	NA	NA	NA	NA	NA	NA	NA	NA	NA	NA	NA	NA	NA	NA	NA	S	disk diffusion	NA	R	disk diffusion	NA	NA	NA	NA	S	disk diffusion	NA	NA	NA	NA	S	disk diffusion	NA	R	disk diffusion	NA	NA	NA	NA	NA	NA	NA	NA	NA	NA	NA	NA	NA	NA	NA	R	disk diffusion	NA	NA	NA	NA	NA	NA	NA	NA	NA	NA	NA	NA	NA	NA	NA	NA	NA	NA	NA	NA	NA	NA	NA	NA	NA	NA	NA	NA	NA	NA	NA	NA	NA	NA	NA	NA	NA	R	disk diffusion	NA	NA	NA	NA	NA	NA	NA	NA	NA	NA	NA	NA	NA	NA	NA	NA	NA	NA	NA	NA	NA	NA	NA	NA	NA	NA	NA	NA	NA	NA	NA	NA	NA	NA	NA	NA	NA	NA	NA
SAMN19185872	ID_5500664	SAMN19185872	pig	elzowalaty2023	NA	NA	NA	S	disk diffusion	NA	S	disk diffusion	NA	NA	NA	NA	NA	NA	NA	NA	NA	NA	NA	NA	NA	NA	NA	NA	S	disk diffusion	NA	R	disk diffusion	NA	NA	NA	NA	S	disk diffusion	NA	NA	NA	NA	S	disk diffusion	NA	S	disk diffusion	NA	NA	NA	NA	NA	NA	NA	NA	NA	NA	NA	NA	NA	NA	NA	R	disk diffusion	NA	NA	NA	NA	NA	NA	NA	NA	NA	NA	NA	NA	NA	NA	NA	NA	NA	NA	NA	NA	NA	NA	NA	NA	NA	NA	NA	NA	NA	NA	NA	NA	NA	NA	NA	NA	NA	R	disk diffusion	NA	NA	NA	NA	NA	NA	NA	NA	NA	NA	NA	NA	NA	NA	NA	NA	NA	NA	NA	NA	NA	NA	NA	NA	NA	NA	NA	NA	NA	NA	NA	NA	NA	NA	NA	NA	NA	NA	NA
SAMN19195820	ID_5935555	SAMN19195820	Homo sapiens	westbrook2024	NA	NA	NA	NA	broth microdilution	2.0	NA	broth microdilution	NA	NA	NA	NA	NA	broth microdilution	NA	NA	NA	NA	NA	NA	NA	NA	NA	NA	NA	NA	NA	NA	NA	NA	NA	NA	NA	NA	NA	NA	NA	NA	NA	NA	NA	NA	NA	NA	NA	NA	NA	NA	NA	NA	NA	NA	NA	NA	NA	NA	NA	NA	NA	NA	NA	NA	NA	NA	NA	NA	NA	NA	NA	NA	NA	NA	NA	NA	NA	broth microdilution	NA	NA	NA	NA	NA	NA	NA	NA	NA	NA	NA	NA	NA	NA	NA	NA	NA	NA	NA	NA	NA	NA	NA	NA	NA	NA	NA	NA	NA	NA	NA	NA	NA	NA	NA	NA	NA	NA	NA	NA	NA	NA	NA	NA	NA	NA	NA	NA	NA	NA	NA	NA	NA	128.0	broth microdilution	NA	NA	NA	NA	NA	NA	NA	NA
SAMN19195821	ID_7826450	SAMN19195821	Homo sapiens	westbrook2024	NA	NA	2.0	NA	broth microdilution	0.75	NA	broth microdilution	NA	NA	NA	2.0	NA	broth microdilution	NA	NA	NA	NA	NA	NA	NA	NA	NA	NA	NA	NA	NA	NA	NA	NA	NA	NA	NA	NA	NA	NA	NA	NA	NA	NA	NA	NA	NA	NA	NA	NA	NA	NA	NA	NA	NA	NA	NA	NA	NA	NA	NA	NA	NA	NA	NA	NA	NA	NA	NA	NA	NA	NA	NA	NA	NA	NA	NA	1.0	NA	broth microdilution	NA	NA	NA	NA	NA	NA	NA	NA	NA	NA	NA	NA	NA	NA	NA	NA	NA	NA	NA	NA	NA	NA	NA	NA	NA	NA	NA	NA	NA	NA	NA	NA	NA	NA	NA	NA	NA	NA	NA	NA	NA	NA	NA	NA	NA	NA	NA	NA	NA	NA	NA	NA	NA	40.0	broth microdilution	NA	NA	NA	NA	NA	NA	NA	NA
SAMN19195822	ID_8021980	SAMN19195822	Homo sapiens	westbrook2024	NA	NA	2.0	NA	broth microdilution	2.5	NA	broth microdilution	NA	NA	NA	2.0	NA	broth microdilution	NA	NA	NA	NA	NA	NA	NA	NA	NA	NA	NA	NA	NA	NA	NA	NA	NA	NA	NA	NA	NA	NA	NA	NA	NA	NA	NA	NA	NA	NA	NA	NA	NA	NA	NA	NA	NA	NA	NA	NA	NA	NA	NA	NA	NA	NA	NA	NA	NA	NA	NA	NA	NA	NA	NA	NA	NA	NA	NA	2.0	NA	broth microdilution	NA	NA	NA	NA	NA	NA	NA	NA	NA	NA	NA	NA	NA	NA	NA	NA	NA	NA	NA	NA	NA	NA	NA	NA	NA	NA	NA	NA	NA	NA	NA	NA	NA	NA	NA	NA	NA	NA	NA	NA	NA	NA	NA	NA	NA	NA	NA	NA	NA	NA	NA	NA	NA	16.0	broth microdilution	NA	NA	NA	NA	NA	NA	NA	NA
SAMN19195823	ID_3059679	SAMN19195823	Homo sapiens	westbrook2024	NA	NA	4.0	NA	broth microdilution	1.0	NA	broth microdilution	NA	NA	NA	2.0	NA	broth microdilution	NA	NA	NA	NA	NA	NA	NA	NA	NA	NA	NA	NA	NA	NA	NA	NA	NA	NA	NA	NA	NA	NA	NA	NA	NA	NA	NA	NA	NA	NA	NA	NA	NA	NA	NA	NA	NA	NA	NA	NA	NA	NA	NA	NA	NA	NA	NA	NA	NA	NA	NA	NA	NA	NA	NA	NA	NA	NA	NA	2.0	NA	broth microdilution	NA	NA	NA	NA	NA	NA	NA	NA	NA	NA	NA	NA	NA	NA	NA	NA	NA	NA	NA	NA	NA	NA	NA	NA	NA	NA	NA	NA	NA	NA	NA	NA	NA	NA	NA	NA	NA	NA	NA	NA	NA	NA	NA	NA	NA	NA	NA	NA	NA	NA	NA	NA	NA	128.0	broth microdilution	NA	NA	NA	NA	NA	NA	NA	NA
SAMN19195824	ID_8740588	SAMN19195824	Homo sapiens	westbrook2024	NA	NA	2.0	NA	broth microdilution	0.5	NA	broth microdilution	NA	NA	NA	4.0	NA	broth microdilution	NA	NA	NA	NA	NA	NA	NA	NA	NA	NA	NA	NA	NA	NA	NA	NA	NA	NA	NA	NA	NA	NA	NA	NA	NA	NA	NA	NA	NA	NA	NA	NA	NA	NA	NA	NA	NA	NA	NA	NA	NA	NA	NA	NA	NA	NA	NA	NA	NA	NA	NA	NA	NA	NA	NA	NA	NA	NA	NA	1.0	NA	broth microdilution	NA	NA	NA	NA	NA	NA	NA	NA	NA	NA	NA	NA	NA	NA	NA	NA	NA	NA	NA	NA	NA	NA	NA	NA	NA	NA	NA	NA	NA	NA	NA	NA	NA	NA	NA	NA	NA	NA	NA	NA	NA	NA	NA	NA	NA	NA	NA	NA	NA	NA	NA	NA	NA	1024.0	broth microdilution	NA	NA	NA	NA	NA	NA	NA	NA
SAMN19195825	ID_7041997	SAMN19195825	Homo sapiens	westbrook2024	NA	NA	4.0	NA	broth microdilution	1.0	NA	broth microdilution	NA	NA	NA	2.0	NA	broth microdilution	NA	NA	NA	NA	NA	NA	NA	NA	NA	NA	NA	NA	NA	NA	NA	NA	NA	NA	NA	NA	NA	NA	NA	NA	NA	NA	NA	NA	NA	NA	NA	NA	NA	NA	NA	NA	NA	NA	NA	NA	NA	NA	NA	NA	NA	NA	NA	NA	NA	NA	NA	NA	NA	NA	NA	NA	NA	NA	NA	2.0	NA	broth microdilution	NA	NA	NA	NA	NA	NA	NA	NA	NA	NA	NA	NA	NA	NA	NA	NA	NA	NA	NA	NA	NA	NA	NA	NA	NA	NA	NA	NA	NA	NA	NA	NA	NA	NA	NA	NA	NA	NA	NA	NA	NA	NA	NA	NA	NA	NA	NA	NA	NA	NA	NA	NA	NA	512.0	broth microdilution	NA	NA	NA	NA	NA	NA	NA	NA
SAMN19195826	ID_3061183	SAMN19195826	Homo sapiens	westbrook2024	NA	NA	NA	NA	broth microdilution	1.0	NA	broth microdilution	NA	NA	NA	NA	NA	broth microdilution	NA	NA	NA	NA	NA	NA	NA	NA	NA	NA	NA	NA	NA	NA	NA	NA	NA	NA	NA	NA	NA	NA	NA	NA	NA	NA	NA	NA	NA	NA	NA	NA	NA	NA	NA	NA	NA	NA	NA	NA	NA	NA	NA	NA	NA	NA	NA	NA	NA	NA	NA	NA	NA	NA	NA	NA	NA	NA	NA	NA	NA	broth microdilution	NA	NA	NA	NA	NA	NA	NA	NA	NA	NA	NA	NA	NA	NA	NA	NA	NA	NA	NA	NA	NA	NA	NA	NA	NA	NA	NA	NA	NA	NA	NA	NA	NA	NA	NA	NA	NA	NA	NA	NA	NA	NA	NA	NA	NA	NA	NA	NA	NA	NA	NA	NA	NA	1024.0	broth microdilution	NA	NA	NA	NA	NA	NA	NA	NA
SAMN19195827	ID_6087546	SAMN19195827	Homo sapiens	westbrook2024	NA	NA	2.0	NA	broth microdilution	1.0	NA	broth microdilution	NA	NA	NA	2.0	NA	broth microdilution	NA	NA	NA	NA	NA	NA	NA	NA	NA	NA	NA	NA	NA	NA	NA	NA	NA	NA	NA	NA	NA	NA	NA	NA	NA	NA	NA	NA	NA	NA	NA	NA	NA	NA	NA	NA	NA	NA	NA	NA	NA	NA	NA	NA	NA	NA	NA	NA	NA	NA	NA	NA	NA	NA	NA	NA	NA	NA	NA	1.0	NA	broth microdilution	NA	NA	NA	NA	NA	NA	NA	NA	NA	NA	NA	NA	NA	NA	NA	NA	NA	NA	NA	NA	NA	NA	NA	NA	NA	NA	NA	NA	NA	NA	NA	NA	NA	NA	NA	NA	NA	NA	NA	NA	NA	NA	NA	NA	NA	NA	NA	NA	NA	NA	NA	NA	NA	384.0	broth microdilution	NA	NA	NA	NA	NA	NA	NA	NA
SAMN19195828	ID_5158193	SAMN19195828	Homo sapiens	westbrook2024	NA	NA	NA	NA	broth microdilution	2.0	NA	broth microdilution	NA	NA	NA	NA	NA	broth microdilution	NA	NA	NA	NA	NA	NA	NA	NA	NA	NA	NA	NA	NA	NA	NA	NA	NA	NA	NA	NA	NA	NA	NA	NA	NA	NA	NA	NA	NA	NA	NA	NA	NA	NA	NA	NA	NA	NA	NA	NA	NA	NA	NA	NA	NA	NA	NA	NA	NA	NA	NA	NA	NA	NA	NA	NA	NA	NA	NA	NA	NA	broth microdilution	NA	NA	NA	NA	NA	NA	NA	NA	NA	NA	NA	NA	NA	NA	NA	NA	NA	NA	NA	NA	NA	NA	NA	NA	NA	NA	NA	NA	NA	NA	NA	NA	NA	NA	NA	NA	NA	NA	NA	NA	NA	NA	NA	NA	NA	NA	NA	NA	NA	NA	NA	NA	NA	256.0	broth microdilution	NA	NA	NA	NA	NA	NA	NA	NA
SAMN19195829	ID_6909133	SAMN19195829	Homo sapiens	westbrook2024	NA	NA	2.0	NA	broth microdilution	0.5	NA	broth microdilution	NA	NA	NA	2.0	NA	broth microdilution	NA	NA	NA	NA	NA	NA	NA	NA	NA	NA	NA	NA	NA	NA	NA	NA	NA	NA	NA	NA	NA	NA	NA	NA	NA	NA	NA	NA	NA	NA	NA	NA	NA	NA	NA	NA	NA	NA	NA	NA	NA	NA	NA	NA	NA	NA	NA	NA	NA	NA	NA	NA	NA	NA	NA	NA	NA	NA	NA	1.0	NA	broth microdilution	NA	NA	NA	NA	NA	NA	NA	NA	NA	NA	NA	NA	NA	NA	NA	NA	NA	NA	NA	NA	NA	NA	NA	NA	NA	NA	NA	NA	NA	NA	NA	NA	NA	NA	NA	NA	NA	NA	NA	NA	NA	NA	NA	NA	NA	NA	NA	NA	NA	NA	NA	NA	NA	256.0	broth microdilution	NA	NA	NA	NA	NA	NA	NA	NA
SAMN19195830	ID_3126603	SAMN19195830	Homo sapiens	westbrook2024	NA	NA	2.0	NA	broth microdilution	1.5	NA	broth microdilution	NA	NA	NA	2.0	NA	broth microdilution	NA	NA	NA	NA	NA	NA	NA	NA	NA	NA	NA	NA	NA	NA	NA	NA	NA	NA	NA	NA	NA	NA	NA	NA	NA	NA	NA	NA	NA	NA	NA	NA	NA	NA	NA	NA	NA	NA	NA	NA	NA	NA	NA	NA	NA	NA	NA	NA	NA	NA	NA	NA	NA	NA	NA	NA	NA	NA	NA	1.0	NA	broth microdilution	NA	NA	NA	NA	NA	NA	NA	NA	NA	NA	NA	NA	NA	NA	NA	NA	NA	NA	NA	NA	NA	NA	NA	NA	NA	NA	NA	NA	NA	NA	NA	NA	NA	NA	NA	NA	NA	NA	NA	NA	NA	NA	NA	NA	NA	NA	NA	NA	NA	NA	NA	NA	NA	384.0	broth microdilution	NA	NA	NA	NA	NA	NA	NA	NA
SAMN19195831	ID_8283574	SAMN19195831	Homo sapiens	westbrook2024	NA	NA	2.0	NA	broth microdilution	0.75	NA	broth microdilution	NA	NA	NA	2.0	NA	broth microdilution	NA	NA	NA	NA	NA	NA	NA	NA	NA	NA	NA	NA	NA	NA	NA	NA	NA	NA	NA	NA	NA	NA	NA	NA	NA	NA	NA	NA	NA	NA	NA	NA	NA	NA	NA	NA	NA	NA	NA	NA	NA	NA	NA	NA	NA	NA	NA	NA	NA	NA	NA	NA	NA	NA	NA	NA	NA	NA	NA	2.0	NA	broth microdilution	NA	NA	NA	NA	NA	NA	NA	NA	NA	NA	NA	NA	NA	NA	NA	NA	NA	NA	NA	NA	NA	NA	NA	NA	NA	NA	NA	NA	NA	NA	NA	NA	NA	NA	NA	NA	NA	NA	NA	NA	NA	NA	NA	NA	NA	NA	NA	NA	NA	NA	NA	NA	NA	32.0	broth microdilution	NA	NA	NA	NA	NA	NA	NA	NA
SAMN19195832	ID_7105027	SAMN19195832	Homo sapiens	westbrook2024	NA	NA	2.0	NA	broth microdilution	1.0	NA	broth microdilution	NA	NA	NA	2.0	NA	broth microdilution	NA	NA	NA	NA	NA	NA	NA	NA	NA	NA	NA	NA	NA	NA	NA	NA	NA	NA	NA	NA	NA	NA	NA	NA	NA	NA	NA	NA	NA	NA	NA	NA	NA	NA	NA	NA	NA	NA	NA	NA	NA	NA	NA	NA	NA	NA	NA	NA	NA	NA	NA	NA	NA	NA	NA	NA	NA	NA	NA	2.0	NA	broth microdilution	NA	NA	NA	NA	NA	NA	NA	NA	NA	NA	NA	NA	NA	NA	NA	NA	NA	NA	NA	NA	NA	NA	NA	NA	NA	NA	NA	NA	NA	NA	NA	NA	NA	NA	NA	NA	NA	NA	NA	NA	NA	NA	NA	NA	NA	NA	NA	NA	NA	NA	NA	NA	NA	192.0	broth microdilution	NA	NA	NA	NA	NA	NA	NA	NA
SAMN19195833	ID_8157840	SAMN19195833	Homo sapiens	westbrook2024	NA	NA	4.0	NA	broth microdilution	1.5	NA	broth microdilution	NA	NA	NA	4.0	NA	broth microdilution	NA	NA	NA	NA	NA	NA	NA	NA	NA	NA	NA	NA	NA	NA	NA	NA	NA	NA	NA	NA	NA	NA	NA	NA	NA	NA	NA	NA	NA	NA	NA	NA	NA	NA	NA	NA	NA	NA	NA	NA	NA	NA	NA	NA	NA	NA	NA	NA	NA	NA	NA	NA	NA	NA	NA	NA	NA	NA	NA	2.0	NA	broth microdilution	NA	NA	NA	NA	NA	NA	NA	NA	NA	NA	NA	NA	NA	NA	NA	NA	NA	NA	NA	NA	NA	NA	NA	NA	NA	NA	NA	NA	NA	NA	NA	NA	NA	NA	NA	NA	NA	NA	NA	NA	NA	NA	NA	NA	NA	NA	NA	NA	NA	NA	NA	NA	NA	384.0	broth microdilution	NA	NA	NA	NA	NA	NA	NA	NA
SAMN19195834	ID_6091122	SAMN19195834	Homo sapiens	westbrook2024	NA	NA	NA	NA	broth microdilution	1.0	NA	broth microdilution	NA	NA	NA	NA	NA	broth microdilution	NA	NA	NA	NA	NA	NA	NA	NA	NA	NA	NA	NA	NA	NA	NA	NA	NA	NA	NA	NA	NA	NA	NA	NA	NA	NA	NA	NA	NA	NA	NA	NA	NA	NA	NA	NA	NA	NA	NA	NA	NA	NA	NA	NA	NA	NA	NA	NA	NA	NA	NA	NA	NA	NA	NA	NA	NA	NA	NA	NA	NA	broth microdilution	NA	NA	NA	NA	NA	NA	NA	NA	NA	NA	NA	NA	NA	NA	NA	NA	NA	NA	NA	NA	NA	NA	NA	NA	NA	NA	NA	NA	NA	NA	NA	NA	NA	NA	NA	NA	NA	NA	NA	NA	NA	NA	NA	NA	NA	NA	NA	NA	NA	NA	NA	NA	NA	192.0	broth microdilution	NA	NA	NA	NA	NA	NA	NA	NA
SAMN19195835	ID_3552968	SAMN19195835	Homo sapiens	westbrook2024	NA	NA	1.0	NA	broth microdilution	1.0	NA	broth microdilution	NA	NA	NA	2.0	NA	broth microdilution	NA	NA	NA	NA	NA	NA	NA	NA	NA	NA	NA	NA	NA	NA	NA	NA	NA	NA	NA	NA	NA	NA	NA	NA	NA	NA	NA	NA	NA	NA	NA	NA	NA	NA	NA	NA	NA	NA	NA	NA	NA	NA	NA	NA	NA	NA	NA	NA	NA	NA	NA	NA	NA	NA	NA	NA	NA	NA	NA	2.0	NA	broth microdilution	NA	NA	NA	NA	NA	NA	NA	NA	NA	NA	NA	NA	NA	NA	NA	NA	NA	NA	NA	NA	NA	NA	NA	NA	NA	NA	NA	NA	NA	NA	NA	NA	NA	NA	NA	NA	NA	NA	NA	NA	NA	NA	NA	NA	NA	NA	NA	NA	NA	NA	NA	NA	NA	16.0	broth microdilution	NA	NA	NA	NA	NA	NA	NA	NA
SAMN19195836	ID_5600401	SAMN19195836	Homo sapiens	westbrook2024	NA	NA	NA	NA	broth microdilution	1.0	NA	broth microdilution	NA	NA	NA	NA	NA	broth microdilution	NA	NA	NA	NA	NA	NA	NA	NA	NA	NA	NA	NA	NA	NA	NA	NA	NA	NA	NA	NA	NA	NA	NA	NA	NA	NA	NA	NA	NA	NA	NA	NA	NA	NA	NA	NA	NA	NA	NA	NA	NA	NA	NA	NA	NA	NA	NA	NA	NA	NA	NA	NA	NA	NA	NA	NA	NA	NA	NA	NA	NA	broth microdilution	NA	NA	NA	NA	NA	NA	NA	NA	NA	NA	NA	NA	NA	NA	NA	NA	NA	NA	NA	NA	NA	NA	NA	NA	NA	NA	NA	NA	NA	NA	NA	NA	NA	NA	NA	NA	NA	NA	NA	NA	NA	NA	NA	NA	NA	NA	NA	NA	NA	NA	NA	NA	NA	128.0	broth microdilution	NA	NA	NA	NA	NA	NA	NA	NA
SAMN19195837	ID_3568692	SAMN19195837	Homo sapiens	westbrook2024	NA	NA	2.0	NA	broth microdilution	1.0	NA	broth microdilution	NA	NA	NA	2.0	NA	broth microdilution	NA	NA	NA	NA	NA	NA	NA	NA	NA	NA	NA	NA	NA	NA	NA	NA	NA	NA	NA	NA	NA	NA	NA	NA	NA	NA	NA	NA	NA	NA	NA	NA	NA	NA	NA	NA	NA	NA	NA	NA	NA	NA	NA	NA	NA	NA	NA	NA	NA	NA	NA	NA	NA	NA	NA	NA	NA	NA	NA	1.0	NA	broth microdilution	NA	NA	NA	NA	NA	NA	NA	NA	NA	NA	NA	NA	NA	NA	NA	NA	NA	NA	NA	NA	NA	NA	NA	NA	NA	NA	NA	NA	NA	NA	NA	NA	NA	NA	NA	NA	NA	NA	NA	NA	NA	NA	NA	NA	NA	NA	NA	NA	NA	NA	NA	NA	NA	256.0	broth microdilution	NA	NA	NA	NA	NA	NA	NA	NA
SAMN19195838	ID_6963122	SAMN19195838	Homo sapiens	westbrook2024	NA	NA	2.0	NA	broth microdilution	1.5	NA	broth microdilution	NA	NA	NA	2.0	NA	broth microdilution	NA	NA	NA	NA	NA	NA	NA	NA	NA	NA	NA	NA	NA	NA	NA	NA	NA	NA	NA	NA	NA	NA	NA	NA	NA	NA	NA	NA	NA	NA	NA	NA	NA	NA	NA	NA	NA	NA	NA	NA	NA	NA	NA	NA	NA	NA	NA	NA	NA	NA	NA	NA	NA	NA	NA	NA	NA	NA	NA	2.0	NA	broth microdilution	NA	NA	NA	NA	NA	NA	NA	NA	NA	NA	NA	NA	NA	NA	NA	NA	NA	NA	NA	NA	NA	NA	NA	NA	NA	NA	NA	NA	NA	NA	NA	NA	NA	NA	NA	NA	NA	NA	NA	NA	NA	NA	NA	NA	NA	NA	NA	NA	NA	NA	NA	NA	NA	1024.0	broth microdilution	NA	NA	NA	NA	NA	NA	NA	NA
SAMN19195839	ID_3129241	SAMN19195839	Homo sapiens	westbrook2024	NA	NA	NA	NA	broth microdilution	2.0	NA	broth microdilution	NA	NA	NA	NA	NA	broth microdilution	NA	NA	NA	NA	NA	NA	NA	NA	NA	NA	NA	NA	NA	NA	NA	NA	NA	NA	NA	NA	NA	NA	NA	NA	NA	NA	NA	NA	NA	NA	NA	NA	NA	NA	NA	NA	NA	NA	NA	NA	NA	NA	NA	NA	NA	NA	NA	NA	NA	NA	NA	NA	NA	NA	NA	NA	NA	NA	NA	NA	NA	broth microdilution	NA	NA	NA	NA	NA	NA	NA	NA	NA	NA	NA	NA	NA	NA	NA	NA	NA	NA	NA	NA	NA	NA	NA	NA	NA	NA	NA	NA	NA	NA	NA	NA	NA	NA	NA	NA	NA	NA	NA	NA	NA	NA	NA	NA	NA	NA	NA	NA	NA	NA	NA	NA	NA	192.0	broth microdilution	NA	NA	NA	NA	NA	NA	NA	NA
SAMN19195840	ID_1157797	SAMN19195840	Homo sapiens	westbrook2024	NA	NA	4.0	NA	broth microdilution	1.0	NA	broth microdilution	NA	NA	NA	2.0	NA	broth microdilution	NA	NA	NA	NA	NA	NA	NA	NA	NA	NA	NA	NA	NA	NA	NA	NA	NA	NA	NA	NA	NA	NA	NA	NA	NA	NA	NA	NA	NA	NA	NA	NA	NA	NA	NA	NA	NA	NA	NA	NA	NA	NA	NA	NA	NA	NA	NA	NA	NA	NA	NA	NA	NA	NA	NA	NA	NA	NA	NA	2.0	NA	broth microdilution	NA	NA	NA	NA	NA	NA	NA	NA	NA	NA	NA	NA	NA	NA	NA	NA	NA	NA	NA	NA	NA	NA	NA	NA	NA	NA	NA	NA	NA	NA	NA	NA	NA	NA	NA	NA	NA	NA	NA	NA	NA	NA	NA	NA	NA	NA	NA	NA	NA	NA	NA	NA	NA	128.0	broth microdilution	NA	NA	NA	NA	NA	NA	NA	NA
SAMN19195841	ID_8614660	SAMN19195841	Homo sapiens	westbrook2024	NA	NA	NA	NA	broth microdilution	2.0	NA	broth microdilution	NA	NA	NA	NA	NA	broth microdilution	NA	NA	NA	NA	NA	NA	NA	NA	NA	NA	NA	NA	NA	NA	NA	NA	NA	NA	NA	NA	NA	NA	NA	NA	NA	NA	NA	NA	NA	NA	NA	NA	NA	NA	NA	NA	NA	NA	NA	NA	NA	NA	NA	NA	NA	NA	NA	NA	NA	NA	NA	NA	NA	NA	NA	NA	NA	NA	NA	NA	NA	broth microdilution	NA	NA	NA	NA	NA	NA	NA	NA	NA	NA	NA	NA	NA	NA	NA	NA	NA	NA	NA	NA	NA	NA	NA	NA	NA	NA	NA	NA	NA	NA	NA	NA	NA	NA	NA	NA	NA	NA	NA	NA	NA	NA	NA	NA	NA	NA	NA	NA	NA	NA	NA	NA	NA	96.0	broth microdilution	NA	NA	NA	NA	NA	NA	NA	NA
SAMN19195842	ID_4875988	SAMN19195842	Homo sapiens	westbrook2024	NA	NA	1.0	NA	broth microdilution	1.5	NA	broth microdilution	NA	NA	NA	2.0	NA	broth microdilution	NA	NA	NA	NA	NA	NA	NA	NA	NA	NA	NA	NA	NA	NA	NA	NA	NA	NA	NA	NA	NA	NA	NA	NA	NA	NA	NA	NA	NA	NA	NA	NA	NA	NA	NA	NA	NA	NA	NA	NA	NA	NA	NA	NA	NA	NA	NA	NA	NA	NA	NA	NA	NA	NA	NA	NA	NA	NA	NA	2.0	NA	broth microdilution	NA	NA	NA	NA	NA	NA	NA	NA	NA	NA	NA	NA	NA	NA	NA	NA	NA	NA	NA	NA	NA	NA	NA	NA	NA	NA	NA	NA	NA	NA	NA	NA	NA	NA	NA	NA	NA	NA	NA	NA	NA	NA	NA	NA	NA	NA	NA	NA	NA	NA	NA	NA	NA	128.0	broth microdilution	NA	NA	NA	NA	NA	NA	NA	NA
SAMN19195843	ID_5679936	SAMN19195843	Homo sapiens	westbrook2024	NA	NA	4.0	NA	broth microdilution	4.0	NA	broth microdilution	NA	NA	NA	2.0	NA	broth microdilution	NA	NA	NA	NA	NA	NA	NA	NA	NA	NA	NA	NA	NA	NA	NA	NA	NA	NA	NA	NA	NA	NA	NA	NA	NA	NA	NA	NA	NA	NA	NA	NA	NA	NA	NA	NA	NA	NA	NA	NA	NA	NA	NA	NA	NA	NA	NA	NA	NA	NA	NA	NA	NA	NA	NA	NA	NA	NA	NA	2.0	NA	broth microdilution	NA	NA	NA	NA	NA	NA	NA	NA	NA	NA	NA	NA	NA	NA	NA	NA	NA	NA	NA	NA	NA	NA	NA	NA	NA	NA	NA	NA	NA	NA	NA	NA	NA	NA	NA	NA	NA	NA	NA	NA	NA	NA	NA	NA	NA	NA	NA	NA	NA	NA	NA	NA	NA	768.0	broth microdilution	NA	NA	NA	NA	NA	NA	NA	NA
SAMN19195844	ID_7185229	SAMN19195844	Homo sapiens	westbrook2024	NA	NA	4.0	NA	broth microdilution	1.0	NA	broth microdilution	NA	NA	NA	2.0	NA	broth microdilution	NA	NA	NA	NA	NA	NA	NA	NA	NA	NA	NA	NA	NA	NA	NA	NA	NA	NA	NA	NA	NA	NA	NA	NA	NA	NA	NA	NA	NA	NA	NA	NA	NA	NA	NA	NA	NA	NA	NA	NA	NA	NA	NA	NA	NA	NA	NA	NA	NA	NA	NA	NA	NA	NA	NA	NA	NA	NA	NA	2.0	NA	broth microdilution	NA	NA	NA	NA	NA	NA	NA	NA	NA	NA	NA	NA	NA	NA	NA	NA	NA	NA	NA	NA	NA	NA	NA	NA	NA	NA	NA	NA	NA	NA	NA	NA	NA	NA	NA	NA	NA	NA	NA	NA	NA	NA	NA	NA	NA	NA	NA	NA	NA	NA	NA	NA	NA	64.0	broth microdilution	NA	NA	NA	NA	NA	NA	NA	NA
SAMN19195845	ID_7361374	SAMN19195845	Homo sapiens	westbrook2024	NA	NA	2.0	NA	broth microdilution	1.5	NA	broth microdilution	NA	NA	NA	2.0	NA	broth microdilution	NA	NA	NA	NA	NA	NA	NA	NA	NA	NA	NA	NA	NA	NA	NA	NA	NA	NA	NA	NA	NA	NA	NA	NA	NA	NA	NA	NA	NA	NA	NA	NA	NA	NA	NA	NA	NA	NA	NA	NA	NA	NA	NA	NA	NA	NA	NA	NA	NA	NA	NA	NA	NA	NA	NA	NA	NA	NA	NA	1.0	NA	broth microdilution	NA	NA	NA	NA	NA	NA	NA	NA	NA	NA	NA	NA	NA	NA	NA	NA	NA	NA	NA	NA	NA	NA	NA	NA	NA	NA	NA	NA	NA	NA	NA	NA	NA	NA	NA	NA	NA	NA	NA	NA	NA	NA	NA	NA	NA	NA	NA	NA	NA	NA	NA	NA	NA	96.0	broth microdilution	NA	NA	NA	NA	NA	NA	NA	NA
SAMN19195846	ID_2379074	SAMN19195846	Homo sapiens	westbrook2024	NA	NA	2.0	NA	broth microdilution	1.0	NA	broth microdilution	NA	NA	NA	2.0	NA	broth microdilution	NA	NA	NA	NA	NA	NA	NA	NA	NA	NA	NA	NA	NA	NA	NA	NA	NA	NA	NA	NA	NA	NA	NA	NA	NA	NA	NA	NA	NA	NA	NA	NA	NA	NA	NA	NA	NA	NA	NA	NA	NA	NA	NA	NA	NA	NA	NA	NA	NA	NA	NA	NA	NA	NA	NA	NA	NA	NA	NA	2.0	NA	broth microdilution	NA	NA	NA	NA	NA	NA	NA	NA	NA	NA	NA	NA	NA	NA	NA	NA	NA	NA	NA	NA	NA	NA	NA	NA	NA	NA	NA	NA	NA	NA	NA	NA	NA	NA	NA	NA	NA	NA	NA	NA	NA	NA	NA	NA	NA	NA	NA	NA	NA	NA	NA	NA	NA	128.0	broth microdilution	NA	NA	NA	NA	NA	NA	NA	NA
SAMN19195847	ID_3369117	SAMN19195847	Homo sapiens	westbrook2024	NA	NA	2.0	NA	broth microdilution	1.0	NA	broth microdilution	NA	NA	NA	1.0	NA	broth microdilution	NA	NA	NA	NA	NA	NA	NA	NA	NA	NA	NA	NA	NA	NA	NA	NA	NA	NA	NA	NA	NA	NA	NA	NA	NA	NA	NA	NA	NA	NA	NA	NA	NA	NA	NA	NA	NA	NA	NA	NA	NA	NA	NA	NA	NA	NA	NA	NA	NA	NA	NA	NA	NA	NA	NA	NA	NA	NA	NA	1.0	NA	broth microdilution	NA	NA	NA	NA	NA	NA	NA	NA	NA	NA	NA	NA	NA	NA	NA	NA	NA	NA	NA	NA	NA	NA	NA	NA	NA	NA	NA	NA	NA	NA	NA	NA	NA	NA	NA	NA	NA	NA	NA	NA	NA	NA	NA	NA	NA	NA	NA	NA	NA	NA	NA	NA	NA	512.0	broth microdilution	NA	NA	NA	NA	NA	NA	NA	NA
SAMN19195848	ID_2268663	SAMN19195848	Homo sapiens	westbrook2024	NA	NA	2.0	NA	broth microdilution	0.5	NA	broth microdilution	NA	NA	NA	2.0	NA	broth microdilution	NA	NA	NA	NA	NA	NA	NA	NA	NA	NA	NA	NA	NA	NA	NA	NA	NA	NA	NA	NA	NA	NA	NA	NA	NA	NA	NA	NA	NA	NA	NA	NA	NA	NA	NA	NA	NA	NA	NA	NA	NA	NA	NA	NA	NA	NA	NA	NA	NA	NA	NA	NA	NA	NA	NA	NA	NA	NA	NA	1.0	NA	broth microdilution	NA	NA	NA	NA	NA	NA	NA	NA	NA	NA	NA	NA	NA	NA	NA	NA	NA	NA	NA	NA	NA	NA	NA	NA	NA	NA	NA	NA	NA	NA	NA	NA	NA	NA	NA	NA	NA	NA	NA	NA	NA	NA	NA	NA	NA	NA	NA	NA	NA	NA	NA	NA	NA	1024.0	broth microdilution	NA	NA	NA	NA	NA	NA	NA	NA
SAMN19195850	ID_5273163	SAMN19195850	Homo sapiens	westbrook2024	NA	NA	2.0	NA	broth microdilution	1.0	NA	broth microdilution	NA	NA	NA	2.0	NA	broth microdilution	NA	NA	NA	NA	NA	NA	NA	NA	NA	NA	NA	NA	NA	NA	NA	NA	NA	NA	NA	NA	NA	NA	NA	NA	NA	NA	NA	NA	NA	NA	NA	NA	NA	NA	NA	NA	NA	NA	NA	NA	NA	NA	NA	NA	NA	NA	NA	NA	NA	NA	NA	NA	NA	NA	NA	NA	NA	NA	NA	2.0	NA	broth microdilution	NA	NA	NA	NA	NA	NA	NA	NA	NA	NA	NA	NA	NA	NA	NA	NA	NA	NA	NA	NA	NA	NA	NA	NA	NA	NA	NA	NA	NA	NA	NA	NA	NA	NA	NA	NA	NA	NA	NA	NA	NA	NA	NA	NA	NA	NA	NA	NA	NA	NA	NA	NA	NA	1024.0	broth microdilution	NA	NA	NA	NA	NA	NA	NA	NA
SAMN19195851	ID_5835048	SAMN19195851	Homo sapiens	westbrook2024	NA	NA	NA	NA	broth microdilution	0.375	NA	broth microdilution	NA	NA	NA	NA	NA	broth microdilution	NA	NA	NA	NA	NA	NA	NA	NA	NA	NA	NA	NA	NA	NA	NA	NA	NA	NA	NA	NA	NA	NA	NA	NA	NA	NA	NA	NA	NA	NA	NA	NA	NA	NA	NA	NA	NA	NA	NA	NA	NA	NA	NA	NA	NA	NA	NA	NA	NA	NA	NA	NA	NA	NA	NA	NA	NA	NA	NA	NA	NA	broth microdilution	NA	NA	NA	NA	NA	NA	NA	NA	NA	NA	NA	NA	NA	NA	NA	NA	NA	NA	NA	NA	NA	NA	NA	NA	NA	NA	NA	NA	NA	NA	NA	NA	NA	NA	NA	NA	NA	NA	NA	NA	NA	NA	NA	NA	NA	NA	NA	NA	NA	NA	NA	NA	NA	128.0	broth microdilution	NA	NA	NA	NA	NA	NA	NA	NA
SAMN19195852	ID_6757770	SAMN19195852	Homo sapiens	westbrook2024	NA	NA	2.0	NA	broth microdilution	0.75	NA	broth microdilution	NA	NA	NA	2.0	NA	broth microdilution	NA	NA	NA	NA	NA	NA	NA	NA	NA	NA	NA	NA	NA	NA	NA	NA	NA	NA	NA	NA	NA	NA	NA	NA	NA	NA	NA	NA	NA	NA	NA	NA	NA	NA	NA	NA	NA	NA	NA	NA	NA	NA	NA	NA	NA	NA	NA	NA	NA	NA	NA	NA	NA	NA	NA	NA	NA	NA	NA	1.0	NA	broth microdilution	NA	NA	NA	NA	NA	NA	NA	NA	NA	NA	NA	NA	NA	NA	NA	NA	NA	NA	NA	NA	NA	NA	NA	NA	NA	NA	NA	NA	NA	NA	NA	NA	NA	NA	NA	NA	NA	NA	NA	NA	NA	NA	NA	NA	NA	NA	NA	NA	NA	NA	NA	NA	NA	128.0	broth microdilution	NA	NA	NA	NA	NA	NA	NA	NA
SAMN19195853	ID_1080346	SAMN19195853	Homo sapiens	westbrook2024	NA	NA	NA	NA	broth microdilution	0.75	NA	broth microdilution	NA	NA	NA	NA	NA	broth microdilution	NA	NA	NA	NA	NA	NA	NA	NA	NA	NA	NA	NA	NA	NA	NA	NA	NA	NA	NA	NA	NA	NA	NA	NA	NA	NA	NA	NA	NA	NA	NA	NA	NA	NA	NA	NA	NA	NA	NA	NA	NA	NA	NA	NA	NA	NA	NA	NA	NA	NA	NA	NA	NA	NA	NA	NA	NA	NA	NA	NA	NA	broth microdilution	NA	NA	NA	NA	NA	NA	NA	NA	NA	NA	NA	NA	NA	NA	NA	NA	NA	NA	NA	NA	NA	NA	NA	NA	NA	NA	NA	NA	NA	NA	NA	NA	NA	NA	NA	NA	NA	NA	NA	NA	NA	NA	NA	NA	NA	NA	NA	NA	NA	NA	NA	NA	NA	128.0	broth microdilution	NA	NA	NA	NA	NA	NA	NA	NA
SRR17662754	ID_7140220	SRR17662754	NA	nuesch-inderbinen2022a	NA	NA	NA	NA	NA	NA	NA	NA	NA	NA	NA	NA	NA	NA	NA	NA	NA	NA	NA	NA	NA	NA	NA	NA	NA	NA	NA	NA	NA	NA	NA	NA	NA	NA	NA	NA	NA	NA	NA	NA	NA	NA	NA	NA	NA	NA	NA	NA	NA	NA	NA	NA	NA	NA	NA	NA	NA	NA	NA	NA	NA	NA	NA	NA	NA	NA	NA	NA	NA	NA	NA	NA	NA	NA	NA	NA	NA	NA	NA	NA	NA	NA	NA	NA	NA	NA	NA	NA	NA	NA	NA	NA	NA	NA	NA	NA	NA	NA	NA	NA	NA	NA	NA	NA	NA	NA	NA	NA	NA	NA	NA	NA	NA	NA	NA	NA	NA	NA	NA	NA	NA	NA	NA	NA	NA	NA	NA	NA	NA	NA	NA	NA	NA	NA	NA	NA	NA	NA	NA
SRR17662753	ID_4751060	SRR17662753	NA	nuesch-inderbinen2022a	NA	NA	NA	NA	NA	NA	NA	NA	NA	NA	NA	NA	NA	NA	NA	NA	NA	NA	NA	NA	NA	NA	NA	NA	NA	NA	NA	NA	NA	NA	NA	NA	NA	NA	NA	NA	NA	NA	NA	NA	NA	NA	NA	NA	NA	NA	NA	NA	NA	NA	NA	NA	NA	NA	NA	NA	NA	NA	NA	NA	NA	NA	NA	NA	NA	NA	NA	NA	NA	NA	NA	NA	NA	NA	NA	NA	NA	NA	NA	NA	NA	NA	NA	NA	NA	NA	NA	NA	NA	NA	NA	NA	NA	NA	NA	NA	NA	NA	NA	NA	NA	NA	NA	NA	NA	NA	NA	NA	NA	NA	NA	NA	NA	NA	NA	NA	NA	NA	NA	NA	NA	NA	NA	NA	NA	NA	NA	NA	NA	NA	NA	NA	NA	NA	NA	NA	NA	NA	NA
SRR17662742	ID_3218237	SRR17662742	NA	nuesch-inderbinen2022a	NA	NA	NA	NA	NA	NA	NA	NA	NA	NA	NA	NA	NA	NA	NA	NA	NA	NA	NA	NA	NA	NA	NA	NA	NA	NA	NA	NA	NA	NA	NA	NA	NA	NA	NA	NA	NA	NA	NA	NA	NA	NA	NA	NA	NA	NA	NA	NA	NA	NA	NA	NA	NA	NA	NA	NA	NA	NA	NA	NA	NA	NA	NA	NA	NA	NA	NA	NA	NA	NA	NA	NA	NA	NA	NA	NA	NA	NA	NA	NA	NA	NA	NA	NA	NA	NA	NA	NA	NA	NA	NA	NA	NA	NA	NA	NA	NA	NA	NA	NA	NA	NA	NA	NA	NA	NA	NA	NA	NA	NA	NA	NA	NA	NA	NA	NA	NA	NA	NA	NA	NA	NA	NA	NA	NA	NA	NA	NA	NA	NA	NA	NA	NA	NA	NA	NA	NA	NA	NA
SRR17662733	ID_3139985	SRR17662733	NA	nuesch-inderbinen2022a	NA	NA	NA	NA	NA	NA	NA	NA	NA	NA	NA	NA	NA	NA	NA	NA	NA	NA	NA	NA	NA	NA	NA	NA	NA	NA	NA	NA	NA	NA	NA	NA	NA	NA	NA	NA	NA	NA	NA	NA	NA	NA	NA	NA	NA	NA	NA	NA	NA	NA	NA	NA	NA	NA	NA	NA	NA	NA	NA	NA	NA	NA	NA	NA	NA	NA	NA	NA	NA	NA	NA	NA	NA	NA	NA	NA	NA	NA	NA	NA	NA	NA	NA	NA	NA	NA	NA	NA	NA	NA	NA	NA	NA	NA	NA	NA	NA	NA	NA	NA	NA	NA	NA	NA	NA	NA	NA	NA	NA	NA	NA	NA	NA	NA	NA	NA	NA	NA	NA	NA	NA	NA	NA	NA	NA	NA	NA	NA	NA	NA	NA	NA	NA	NA	NA	NA	NA	NA	NA
SRR17662732	ID_3221976	SRR17662732	NA	nuesch-inderbinen2022a	NA	NA	NA	NA	NA	NA	NA	NA	NA	NA	NA	NA	NA	NA	NA	NA	NA	NA	NA	NA	NA	NA	NA	NA	NA	NA	NA	NA	NA	NA	NA	NA	NA	NA	NA	NA	NA	NA	NA	NA	NA	NA	NA	NA	NA	NA	NA	NA	NA	NA	NA	NA	NA	NA	NA	NA	NA	NA	NA	NA	NA	NA	NA	NA	NA	NA	NA	NA	NA	NA	NA	NA	NA	NA	NA	NA	NA	NA	NA	NA	NA	NA	NA	NA	NA	NA	NA	NA	NA	NA	NA	NA	NA	NA	NA	NA	NA	NA	NA	NA	NA	NA	NA	NA	NA	NA	NA	NA	NA	NA	NA	NA	NA	NA	NA	NA	NA	NA	NA	NA	NA	NA	NA	NA	NA	NA	NA	NA	NA	NA	NA	NA	NA	NA	NA	NA	NA	NA	NA
SAMN23424738	ID_6723064	SAMN23424738	Homo sapiens	nuesch-inderbinen2022a	NA	NA	NA	NA	NA	NA	NA	NA	NA	NA	NA	16.0	NA	Etest	NA	NA	NA	NA	NA	NA	NA	NA	NA	NA	NA	NA	NA	NA	NA	NA	NA	NA	NA	NA	NA	NA	NA	NA	32.0	NA	Etest	NA	NA	NA	NA	NA	NA	NA	NA	NA	NA	NA	NA	NA	NA	NA	NA	NA	NA	NA	NA	NA	NA	NA	NA	NA	NA	NA	NA	NA	NA	NA	NA	NA	NA	NA	NA	NA	NA	NA	NA	NA	NA	NA	NA	NA	NA	NA	NA	NA	NA	NA	NA	NA	NA	NA	NA	NA	NA	NA	NA	NA	NA	NA	NA	NA	NA	NA	NA	NA	NA	NA	NA	NA	NA	NA	NA	NA	NA	NA	NA	NA	NA	NA	NA	NA	NA	NA	NA	NA	NA	NA	NA	NA	NA	NA	NA	NA	NA
SRR19612301	ID_4389442	SRR19612301	NA	nuesch-inderbinen2022b	NA	NA	NA	NA	NA	NA	NA	NA	NA	NA	NA	1.5	S	Etest	NA	NA	NA	NA	NA	NA	NA	NA	NA	NA	NA	NA	NA	NA	NA	NA	NA	NA	NA	NA	NA	NA	NA	NA	256.0	R	Etest	NA	NA	NA	NA	NA	NA	NA	NA	NA	NA	NA	NA	NA	NA	NA	NA	NA	NA	NA	NA	NA	NA	NA	NA	NA	NA	NA	NA	NA	NA	NA	NA	NA	NA	NA	NA	NA	NA	NA	NA	NA	NA	NA	NA	NA	NA	NA	NA	NA	NA	NA	NA	NA	NA	NA	NA	NA	NA	NA	NA	NA	NA	NA	NA	NA	NA	NA	NA	NA	NA	NA	NA	NA	NA	NA	NA	NA	NA	NA	NA	NA	NA	NA	NA	NA	NA	NA	NA	NA	NA	NA	NA	NA	NA	NA	NA	NA	NA
SRR19612311	ID_4286397	SRR19612311	NA	nuesch-inderbinen2022b	NA	NA	NA	NA	NA	NA	NA	NA	NA	NA	NA	1.5	S	Etest	NA	NA	NA	NA	NA	NA	NA	NA	NA	NA	NA	NA	NA	NA	NA	NA	NA	NA	NA	NA	NA	NA	NA	NA	256.0	R	Etest	NA	NA	NA	NA	NA	NA	NA	NA	NA	NA	NA	NA	NA	NA	NA	NA	NA	NA	NA	NA	NA	NA	NA	NA	NA	NA	NA	NA	NA	NA	NA	NA	NA	NA	NA	NA	NA	NA	NA	NA	NA	NA	NA	NA	NA	NA	NA	NA	NA	NA	NA	NA	NA	NA	NA	NA	NA	NA	NA	NA	NA	NA	NA	NA	NA	NA	NA	NA	NA	NA	NA	NA	NA	NA	NA	NA	NA	NA	NA	NA	NA	NA	NA	NA	NA	NA	NA	NA	NA	NA	NA	NA	NA	NA	NA	NA	NA	NA
SRR19612279	ID_8858521	SRR19612279	NA	nuesch-inderbinen2022b	NA	NA	NA	NA	NA	NA	NA	NA	NA	NA	NA	2.0	S	Etest	NA	NA	NA	NA	NA	NA	NA	NA	NA	NA	NA	NA	NA	NA	NA	NA	NA	NA	NA	NA	NA	NA	NA	NA	32.0	S	Etest	NA	NA	NA	NA	NA	NA	NA	NA	NA	NA	NA	NA	NA	NA	NA	NA	NA	NA	NA	NA	NA	NA	NA	NA	NA	NA	NA	NA	NA	NA	NA	NA	NA	NA	NA	NA	NA	NA	NA	NA	NA	NA	NA	NA	NA	NA	NA	NA	NA	NA	NA	NA	NA	NA	NA	NA	NA	NA	NA	NA	NA	NA	NA	NA	NA	NA	NA	NA	NA	NA	NA	NA	NA	NA	NA	NA	NA	NA	NA	NA	NA	NA	NA	NA	NA	NA	NA	NA	NA	NA	NA	NA	NA	NA	NA	NA	NA	NA
SRR19612268	ID_7197563	SRR19612268	NA	nuesch-inderbinen2022b	NA	NA	NA	NA	NA	NA	NA	NA	NA	NA	NA	1.5	S	Etest	NA	NA	NA	NA	NA	NA	NA	NA	NA	NA	NA	NA	NA	NA	NA	NA	NA	NA	NA	NA	NA	NA	NA	NA	256.0	R	Etest	NA	NA	NA	NA	NA	NA	NA	NA	NA	NA	NA	NA	NA	NA	NA	NA	NA	NA	NA	NA	NA	NA	NA	NA	NA	NA	NA	NA	NA	NA	NA	NA	NA	NA	NA	NA	NA	NA	NA	NA	NA	NA	NA	NA	NA	NA	NA	NA	NA	NA	NA	NA	NA	NA	NA	NA	NA	NA	NA	NA	NA	NA	NA	NA	NA	NA	NA	NA	NA	NA	NA	NA	NA	NA	NA	NA	NA	NA	NA	NA	NA	NA	NA	NA	NA	NA	NA	NA	NA	NA	NA	NA	NA	NA	NA	NA	NA	NA
SRR19612290	ID_5360189	SRR19612290	NA	nuesch-inderbinen2022b	NA	NA	NA	NA	NA	NA	NA	NA	NA	NA	NA	6.0	R	Etest	NA	NA	NA	NA	NA	NA	NA	NA	NA	NA	NA	NA	NA	NA	NA	NA	NA	NA	NA	NA	NA	NA	NA	NA	256.0	R	Etest	NA	NA	NA	NA	NA	NA	NA	NA	NA	NA	NA	NA	NA	NA	NA	NA	NA	NA	NA	NA	NA	NA	NA	NA	NA	NA	NA	NA	NA	NA	NA	NA	NA	NA	NA	NA	NA	NA	NA	NA	NA	NA	NA	NA	NA	NA	NA	NA	NA	NA	NA	NA	NA	NA	NA	NA	NA	NA	NA	NA	NA	NA	NA	NA	NA	NA	NA	NA	NA	NA	NA	NA	NA	NA	NA	NA	NA	NA	NA	NA	NA	NA	NA	NA	NA	NA	NA	NA	NA	NA	NA	NA	NA	NA	NA	NA	NA	NA
SRR19612262	ID_4811845	SRR19612262	NA	nuesch-inderbinen2022b	NA	NA	NA	NA	NA	NA	NA	NA	NA	NA	NA	3.0	S	Etest	NA	NA	NA	NA	NA	NA	NA	NA	NA	NA	NA	NA	NA	NA	NA	NA	NA	NA	NA	NA	NA	NA	NA	NA	256.0	R	Etest	NA	NA	NA	NA	NA	NA	NA	NA	NA	NA	NA	NA	NA	NA	NA	NA	NA	NA	NA	NA	NA	NA	NA	NA	NA	NA	NA	NA	NA	NA	NA	NA	NA	NA	NA	NA	NA	NA	NA	NA	NA	NA	NA	NA	NA	NA	NA	NA	NA	NA	NA	NA	NA	NA	NA	NA	NA	NA	NA	NA	NA	NA	NA	NA	NA	NA	NA	NA	NA	NA	NA	NA	NA	NA	NA	NA	NA	NA	NA	NA	NA	NA	NA	NA	NA	NA	NA	NA	NA	NA	NA	NA	NA	NA	NA	NA	NA	NA
SRR19612260	ID_5718019	SRR19612260	NA	nuesch-inderbinen2022b	NA	NA	NA	NA	NA	NA	NA	NA	NA	NA	NA	4.0	S	Etest	NA	NA	NA	NA	NA	NA	NA	NA	NA	NA	NA	NA	NA	NA	NA	NA	NA	NA	NA	NA	NA	NA	NA	NA	256.0	R	Etest	NA	NA	NA	NA	NA	NA	NA	NA	NA	NA	NA	NA	NA	NA	NA	NA	NA	NA	NA	NA	NA	NA	NA	NA	NA	NA	NA	NA	NA	NA	NA	NA	NA	NA	NA	NA	NA	NA	NA	NA	NA	NA	NA	NA	NA	NA	NA	NA	NA	NA	NA	NA	NA	NA	NA	NA	NA	NA	NA	NA	NA	NA	NA	NA	NA	NA	NA	NA	NA	NA	NA	NA	NA	NA	NA	NA	NA	NA	NA	NA	NA	NA	NA	NA	NA	NA	NA	NA	NA	NA	NA	NA	NA	NA	NA	NA	NA	NA
SRR19612309	ID_6127892	SRR19612309	NA	nuesch-inderbinen2022b	NA	NA	NA	NA	NA	NA	NA	NA	NA	NA	NA	3.0	S	Etest	NA	NA	NA	NA	NA	NA	NA	NA	NA	NA	NA	NA	NA	NA	NA	NA	NA	NA	NA	NA	NA	NA	NA	NA	192.0	R	Etest	NA	NA	NA	NA	NA	NA	NA	NA	NA	NA	NA	NA	NA	NA	NA	NA	NA	NA	NA	NA	NA	NA	NA	NA	NA	NA	NA	NA	NA	NA	NA	NA	NA	NA	NA	NA	NA	NA	NA	NA	NA	NA	NA	NA	NA	NA	NA	NA	NA	NA	NA	NA	NA	NA	NA	NA	NA	NA	NA	NA	NA	NA	NA	NA	NA	NA	NA	NA	NA	NA	NA	NA	NA	NA	NA	NA	NA	NA	NA	NA	NA	NA	NA	NA	NA	NA	NA	NA	NA	NA	NA	NA	NA	NA	NA	NA	NA	NA
SRR19612312	ID_8966751	SRR19612312	NA	nuesch-inderbinen2022b	NA	NA	NA	NA	NA	NA	NA	NA	NA	NA	NA	4.0	S	Etest	NA	NA	NA	NA	NA	NA	NA	NA	NA	NA	NA	NA	NA	NA	NA	NA	NA	NA	NA	NA	NA	NA	NA	NA	256.0	R	Etest	NA	NA	NA	NA	NA	NA	NA	NA	NA	NA	NA	NA	NA	NA	NA	NA	NA	NA	NA	NA	NA	NA	NA	NA	NA	NA	NA	NA	NA	NA	NA	NA	NA	NA	NA	NA	NA	NA	NA	NA	NA	NA	NA	NA	NA	NA	NA	NA	NA	NA	NA	NA	NA	NA	NA	NA	NA	NA	NA	NA	NA	NA	NA	NA	NA	NA	NA	NA	NA	NA	NA	NA	NA	NA	NA	NA	NA	NA	NA	NA	NA	NA	NA	NA	NA	NA	NA	NA	NA	NA	NA	NA	NA	NA	NA	NA	NA	NA
SRR19612313	ID_4581487	SRR19612313	NA	nuesch-inderbinen2022b	NA	NA	NA	NA	NA	NA	NA	NA	NA	NA	NA	3.0	S	Etest	NA	NA	NA	NA	NA	NA	NA	NA	NA	NA	NA	NA	NA	NA	NA	NA	NA	NA	NA	NA	NA	NA	NA	NA	96.0	R	Etest	NA	NA	NA	NA	NA	NA	NA	NA	NA	NA	NA	NA	NA	NA	NA	NA	NA	NA	NA	NA	NA	NA	NA	NA	NA	NA	NA	NA	NA	NA	NA	NA	NA	NA	NA	NA	NA	NA	NA	NA	NA	NA	NA	NA	NA	NA	NA	NA	NA	NA	NA	NA	NA	NA	NA	NA	NA	NA	NA	NA	NA	NA	NA	NA	NA	NA	NA	NA	NA	NA	NA	NA	NA	NA	NA	NA	NA	NA	NA	NA	NA	NA	NA	NA	NA	NA	NA	NA	NA	NA	NA	NA	NA	NA	NA	NA	NA	NA
SRR19612261	ID_2809875	SRR19612261	NA	nuesch-inderbinen2022b	NA	NA	NA	NA	NA	NA	NA	NA	NA	NA	NA	2.0	S	Etest	NA	NA	NA	NA	NA	NA	NA	NA	NA	NA	NA	NA	NA	NA	NA	NA	NA	NA	NA	NA	NA	NA	NA	NA	256.0	R	Etest	NA	NA	NA	NA	NA	NA	NA	NA	NA	NA	NA	NA	NA	NA	NA	NA	NA	NA	NA	NA	NA	NA	NA	NA	NA	NA	NA	NA	NA	NA	NA	NA	NA	NA	NA	NA	NA	NA	NA	NA	NA	NA	NA	NA	NA	NA	NA	NA	NA	NA	NA	NA	NA	NA	NA	NA	NA	NA	NA	NA	NA	NA	NA	NA	NA	NA	NA	NA	NA	NA	NA	NA	NA	NA	NA	NA	NA	NA	NA	NA	NA	NA	NA	NA	NA	NA	NA	NA	NA	NA	NA	NA	NA	NA	NA	NA	NA	NA
SRR19612306	ID_8320898	SRR19612306	NA	nuesch-inderbinen2022b	NA	NA	NA	NA	NA	NA	NA	NA	NA	NA	NA	3.0	S	Etest	NA	NA	NA	NA	NA	NA	NA	NA	NA	NA	NA	NA	NA	NA	NA	NA	NA	NA	NA	NA	NA	NA	NA	NA	256.0	R	Etest	NA	NA	NA	NA	NA	NA	NA	NA	NA	NA	NA	NA	NA	NA	NA	NA	NA	NA	NA	NA	NA	NA	NA	NA	NA	NA	NA	NA	NA	NA	NA	NA	NA	NA	NA	NA	NA	NA	NA	NA	NA	NA	NA	NA	NA	NA	NA	NA	NA	NA	NA	NA	NA	NA	NA	NA	NA	NA	NA	NA	NA	NA	NA	NA	NA	NA	NA	NA	NA	NA	NA	NA	NA	NA	NA	NA	NA	NA	NA	NA	NA	NA	NA	NA	NA	NA	NA	NA	NA	NA	NA	NA	NA	NA	NA	NA	NA	NA
SRR19612305	ID_4397062	SRR19612305	NA	nuesch-inderbinen2022b	NA	NA	NA	NA	NA	NA	NA	NA	NA	NA	NA	2.0	S	Etest	NA	NA	NA	NA	NA	NA	NA	NA	NA	NA	NA	NA	NA	NA	NA	NA	NA	NA	NA	NA	NA	NA	NA	NA	256.0	R	Etest	NA	NA	NA	NA	NA	NA	NA	NA	NA	NA	NA	NA	NA	NA	NA	NA	NA	NA	NA	NA	NA	NA	NA	NA	NA	NA	NA	NA	NA	NA	NA	NA	NA	NA	NA	NA	NA	NA	NA	NA	NA	NA	NA	NA	NA	NA	NA	NA	NA	NA	NA	NA	NA	NA	NA	NA	NA	NA	NA	NA	NA	NA	NA	NA	NA	NA	NA	NA	NA	NA	NA	NA	NA	NA	NA	NA	NA	NA	NA	NA	NA	NA	NA	NA	NA	NA	NA	NA	NA	NA	NA	NA	NA	NA	NA	NA	NA	NA
SRR19612263	ID_7868736	SRR19612263	NA	nuesch-inderbinen2022b	NA	NA	NA	NA	NA	NA	NA	NA	NA	NA	NA	8.0	R	Etest	NA	NA	NA	NA	NA	NA	NA	NA	NA	NA	NA	NA	NA	NA	NA	NA	NA	NA	NA	NA	NA	NA	NA	NA	256.0	R	Etest	NA	NA	NA	NA	NA	NA	NA	NA	NA	NA	NA	NA	NA	NA	NA	NA	NA	NA	NA	NA	NA	NA	NA	NA	NA	NA	NA	NA	NA	NA	NA	NA	NA	NA	NA	NA	NA	NA	NA	NA	NA	NA	NA	NA	NA	NA	NA	NA	NA	NA	NA	NA	NA	NA	NA	NA	NA	NA	NA	NA	NA	NA	NA	NA	NA	NA	NA	NA	NA	NA	NA	NA	NA	NA	NA	NA	NA	NA	NA	NA	NA	NA	NA	NA	NA	NA	NA	NA	NA	NA	NA	NA	NA	NA	NA	NA	NA	NA
SRR19612307	ID_8192769	SRR19612307	NA	nuesch-inderbinen2022b	NA	NA	NA	NA	NA	NA	NA	NA	NA	NA	NA	6.0	R	Etest	NA	NA	NA	NA	NA	NA	NA	NA	NA	NA	NA	NA	NA	NA	NA	NA	NA	NA	NA	NA	NA	NA	NA	NA	256.0	R	Etest	NA	NA	NA	NA	NA	NA	NA	NA	NA	NA	NA	NA	NA	NA	NA	NA	NA	NA	NA	NA	NA	NA	NA	NA	NA	NA	NA	NA	NA	NA	NA	NA	NA	NA	NA	NA	NA	NA	NA	NA	NA	NA	NA	NA	NA	NA	NA	NA	NA	NA	NA	NA	NA	NA	NA	NA	NA	NA	NA	NA	NA	NA	NA	NA	NA	NA	NA	NA	NA	NA	NA	NA	NA	NA	NA	NA	NA	NA	NA	NA	NA	NA	NA	NA	NA	NA	NA	NA	NA	NA	NA	NA	NA	NA	NA	NA	NA	NA
SRR19612308	ID_3990895	SRR19612308	NA	nuesch-inderbinen2022b	NA	NA	NA	NA	NA	NA	NA	NA	NA	NA	NA	4.0	S	Etest	NA	NA	NA	NA	NA	NA	NA	NA	NA	NA	NA	NA	NA	NA	NA	NA	NA	NA	NA	NA	NA	NA	NA	NA	256.0	R	Etest	NA	NA	NA	NA	NA	NA	NA	NA	NA	NA	NA	NA	NA	NA	NA	NA	NA	NA	NA	NA	NA	NA	NA	NA	NA	NA	NA	NA	NA	NA	NA	NA	NA	NA	NA	NA	NA	NA	NA	NA	NA	NA	NA	NA	NA	NA	NA	NA	NA	NA	NA	NA	NA	NA	NA	NA	NA	NA	NA	NA	NA	NA	NA	NA	NA	NA	NA	NA	NA	NA	NA	NA	NA	NA	NA	NA	NA	NA	NA	NA	NA	NA	NA	NA	NA	NA	NA	NA	NA	NA	NA	NA	NA	NA	NA	NA	NA	NA
SRR19612310	ID_2454156	SRR19612310	NA	nuesch-inderbinen2022b	NA	NA	NA	NA	NA	NA	NA	NA	NA	NA	NA	4.0	S	Etest	NA	NA	NA	NA	NA	NA	NA	NA	NA	NA	NA	NA	NA	NA	NA	NA	NA	NA	NA	NA	NA	NA	NA	NA	256.0	R	Etest	NA	NA	NA	NA	NA	NA	NA	NA	NA	NA	NA	NA	NA	NA	NA	NA	NA	NA	NA	NA	NA	NA	NA	NA	NA	NA	NA	NA	NA	NA	NA	NA	NA	NA	NA	NA	NA	NA	NA	NA	NA	NA	NA	NA	NA	NA	NA	NA	NA	NA	NA	NA	NA	NA	NA	NA	NA	NA	NA	NA	NA	NA	NA	NA	NA	NA	NA	NA	NA	NA	NA	NA	NA	NA	NA	NA	NA	NA	NA	NA	NA	NA	NA	NA	NA	NA	NA	NA	NA	NA	NA	NA	NA	NA	NA	NA	NA	NA
SAMN29206312	ID_6144268	SAMN29206312	chicken	habib2022	S	NA	NA	S	NA	NA	S	NA	NA	R	NA	NA	R	NA	NA	S	NA	NA	S	NA	NA	S	NA	NA	R	NA	NA	R	NA	NA	NA	NA	NA	NA	NA	NA	NA	NA	NA	NA	NA	NA	NA	NA	NA	NA	NA	NA	NA	NA	NA	NA	NA	NA	NA	NA	NA	NA	NA	NA	NA	NA	NA	NA	NA	NA	NA	NA	NA	NA	NA	NA	NA	NA	NA	NA	NA	NA	NA	NA	NA	NA	NA	NA	NA	NA	NA	NA	NA	NA	NA	NA	NA	NA	NA	NA	NA	NA	NA	NA	NA	NA	NA	NA	NA	NA	NA	NA	NA	NA	NA	NA	NA	NA	NA	NA	NA	NA	NA	NA	NA	NA	NA	NA	NA	NA	NA	NA	NA	NA	NA	NA	NA	NA	NA	NA	NA	NA	NA
SAMN29206313	ID_8610016	SAMN29206313	chicken	habib2022	S	NA	NA	S	NA	NA	S	NA	NA	R	NA	NA	R	NA	NA	S	NA	NA	S	NA	NA	S	NA	NA	R	NA	NA	R	NA	NA	NA	NA	NA	NA	NA	NA	NA	NA	NA	NA	NA	NA	NA	NA	NA	NA	NA	NA	NA	NA	NA	NA	NA	NA	NA	NA	NA	NA	NA	NA	NA	NA	NA	NA	NA	NA	NA	NA	NA	NA	NA	NA	NA	NA	NA	NA	NA	NA	NA	NA	NA	NA	NA	NA	NA	NA	NA	NA	NA	NA	NA	NA	NA	NA	NA	NA	NA	NA	NA	NA	NA	NA	NA	NA	NA	NA	NA	NA	NA	NA	NA	NA	NA	NA	NA	NA	NA	NA	NA	NA	NA	NA	NA	NA	NA	NA	NA	NA	NA	NA	NA	NA	NA	NA	NA	NA	NA	NA	NA
SAMN29206314	ID_4516927	SAMN29206314	chicken	habib2022	S	NA	NA	S	NA	NA	S	NA	NA	R	NA	NA	R	NA	NA	S	NA	NA	S	NA	NA	S	NA	NA	R	NA	NA	R	NA	NA	NA	NA	NA	NA	NA	NA	NA	NA	NA	NA	NA	NA	NA	NA	NA	NA	NA	NA	NA	NA	NA	NA	NA	NA	NA	NA	NA	NA	NA	NA	NA	NA	NA	NA	NA	NA	NA	NA	NA	NA	NA	NA	NA	NA	NA	NA	NA	NA	NA	NA	NA	NA	NA	NA	NA	NA	NA	NA	NA	NA	NA	NA	NA	NA	NA	NA	NA	NA	NA	NA	NA	NA	NA	NA	NA	NA	NA	NA	NA	NA	NA	NA	NA	NA	NA	NA	NA	NA	NA	NA	NA	NA	NA	NA	NA	NA	NA	NA	NA	NA	NA	NA	NA	NA	NA	NA	NA	NA	NA
SAMN29206315	ID_5665030	SAMN29206315	chicken	habib2022	S	NA	NA	S	NA	NA	S	NA	NA	R	NA	NA	R	NA	NA	S	NA	NA	S	NA	NA	R	NA	NA	R	NA	NA	R	NA	NA	NA	NA	NA	NA	NA	NA	NA	NA	NA	NA	NA	NA	NA	NA	NA	NA	NA	NA	NA	NA	NA	NA	NA	NA	NA	NA	NA	NA	NA	NA	NA	NA	NA	NA	NA	NA	NA	NA	NA	NA	NA	NA	NA	NA	NA	NA	NA	NA	NA	NA	NA	NA	NA	NA	NA	NA	NA	NA	NA	NA	NA	NA	NA	NA	NA	NA	NA	NA	NA	NA	NA	NA	NA	NA	NA	NA	NA	NA	NA	NA	NA	NA	NA	NA	NA	NA	NA	NA	NA	NA	NA	NA	NA	NA	NA	NA	NA	NA	NA	NA	NA	NA	NA	NA	NA	NA	NA	NA	NA
SAMN29206316	ID_6640148	SAMN29206316	chicken	habib2022	S	NA	NA	S	NA	NA	S	NA	NA	R	NA	NA	R	NA	NA	S	NA	NA	S	NA	NA	S	NA	NA	R	NA	NA	S	NA	NA	NA	NA	NA	NA	NA	NA	NA	NA	NA	NA	NA	NA	NA	NA	NA	NA	NA	NA	NA	NA	NA	NA	NA	NA	NA	NA	NA	NA	NA	NA	NA	NA	NA	NA	NA	NA	NA	NA	NA	NA	NA	NA	NA	NA	NA	NA	NA	NA	NA	NA	NA	NA	NA	NA	NA	NA	NA	NA	NA	NA	NA	NA	NA	NA	NA	NA	NA	NA	NA	NA	NA	NA	NA	NA	NA	NA	NA	NA	NA	NA	NA	NA	NA	NA	NA	NA	NA	NA	NA	NA	NA	NA	NA	NA	NA	NA	NA	NA	NA	NA	NA	NA	NA	NA	NA	NA	NA	NA	NA
SAMN29206317	ID_3043397	SAMN29206317	chicken	habib2022	S	NA	NA	S	NA	NA	S	NA	NA	R	NA	NA	R	NA	NA	S	NA	NA	S	NA	NA	S	NA	NA	R	NA	NA	R	NA	NA	NA	NA	NA	NA	NA	NA	NA	NA	NA	NA	NA	NA	NA	NA	NA	NA	NA	NA	NA	NA	NA	NA	NA	NA	NA	NA	NA	NA	NA	NA	NA	NA	NA	NA	NA	NA	NA	NA	NA	NA	NA	NA	NA	NA	NA	NA	NA	NA	NA	NA	NA	NA	NA	NA	NA	NA	NA	NA	NA	NA	NA	NA	NA	NA	NA	NA	NA	NA	NA	NA	NA	NA	NA	NA	NA	NA	NA	NA	NA	NA	NA	NA	NA	NA	NA	NA	NA	NA	NA	NA	NA	NA	NA	NA	NA	NA	NA	NA	NA	NA	NA	NA	NA	NA	NA	NA	NA	NA	NA
SAMN29206318	ID_5274849	SAMN29206318	chicken	habib2022	R	NA	NA	S	NA	NA	S	NA	NA	R	NA	NA	R	NA	NA	S	NA	NA	S	NA	NA	R	NA	NA	R	NA	NA	R	NA	NA	NA	NA	NA	NA	NA	NA	NA	NA	NA	NA	NA	NA	NA	NA	NA	NA	NA	NA	NA	NA	NA	NA	NA	NA	NA	NA	NA	NA	NA	NA	NA	NA	NA	NA	NA	NA	NA	NA	NA	NA	NA	NA	NA	NA	NA	NA	NA	NA	NA	NA	NA	NA	NA	NA	NA	NA	NA	NA	NA	NA	NA	NA	NA	NA	NA	NA	NA	NA	NA	NA	NA	NA	NA	NA	NA	NA	NA	NA	NA	NA	NA	NA	NA	NA	NA	NA	NA	NA	NA	NA	NA	NA	NA	NA	NA	NA	NA	NA	NA	NA	NA	NA	NA	NA	NA	NA	NA	NA	NA
SAMN29206319	ID_5100413	SAMN29206319	chicken	habib2022	R	NA	NA	S	NA	NA	S	NA	NA	R	NA	NA	R	NA	NA	S	NA	NA	S	NA	NA	S	NA	NA	R	NA	NA	R	NA	NA	NA	NA	NA	NA	NA	NA	NA	NA	NA	NA	NA	NA	NA	NA	NA	NA	NA	NA	NA	NA	NA	NA	NA	NA	NA	NA	NA	NA	NA	NA	NA	NA	NA	NA	NA	NA	NA	NA	NA	NA	NA	NA	NA	NA	NA	NA	NA	NA	NA	NA	NA	NA	NA	NA	NA	NA	NA	NA	NA	NA	NA	NA	NA	NA	NA	NA	NA	NA	NA	NA	NA	NA	NA	NA	NA	NA	NA	NA	NA	NA	NA	NA	NA	NA	NA	NA	NA	NA	NA	NA	NA	NA	NA	NA	NA	NA	NA	NA	NA	NA	NA	NA	NA	NA	NA	NA	NA	NA	NA
SAMN29206320	ID_4011724	SAMN29206320	chicken	habib2022	R	NA	NA	S	NA	NA	S	NA	NA	R	NA	NA	R	NA	NA	S	NA	NA	S	NA	NA	S	NA	NA	R	NA	NA	R	NA	NA	NA	NA	NA	NA	NA	NA	NA	NA	NA	NA	NA	NA	NA	NA	NA	NA	NA	NA	NA	NA	NA	NA	NA	NA	NA	NA	NA	NA	NA	NA	NA	NA	NA	NA	NA	NA	NA	NA	NA	NA	NA	NA	NA	NA	NA	NA	NA	NA	NA	NA	NA	NA	NA	NA	NA	NA	NA	NA	NA	NA	NA	NA	NA	NA	NA	NA	NA	NA	NA	NA	NA	NA	NA	NA	NA	NA	NA	NA	NA	NA	NA	NA	NA	NA	NA	NA	NA	NA	NA	NA	NA	NA	NA	NA	NA	NA	NA	NA	NA	NA	NA	NA	NA	NA	NA	NA	NA	NA	NA
SAMN29206321	ID_1605533	SAMN29206321	chicken	habib2022	R	NA	NA	S	NA	NA	S	NA	NA	R	NA	NA	R	NA	NA	S	NA	NA	S	NA	NA	R	NA	NA	R	NA	NA	R	NA	NA	NA	NA	NA	NA	NA	NA	NA	NA	NA	NA	NA	NA	NA	NA	NA	NA	NA	NA	NA	NA	NA	NA	NA	NA	NA	NA	NA	NA	NA	NA	NA	NA	NA	NA	NA	NA	NA	NA	NA	NA	NA	NA	NA	NA	NA	NA	NA	NA	NA	NA	NA	NA	NA	NA	NA	NA	NA	NA	NA	NA	NA	NA	NA	NA	NA	NA	NA	NA	NA	NA	NA	NA	NA	NA	NA	NA	NA	NA	NA	NA	NA	NA	NA	NA	NA	NA	NA	NA	NA	NA	NA	NA	NA	NA	NA	NA	NA	NA	NA	NA	NA	NA	NA	NA	NA	NA	NA	NA	NA
SAMN30494076	ID_6731899	SAMN30494076	NA	cabal2022	NA	NA	NA	NA	Etest	NA	NA	Etest	2.0	S	Etest	NA	NA	Etest	NA	NA	Etest	NA	NA	Etest	NA	NA	Etest	NA	NA	NA	64.0	R	Etest	NA	NA	NA	NA	NA	NA	NA	NA	NA	NA	NA	NA	NA	NA	NA	NA	Etest	NA	NA	NA	NA	NA	NA	NA	NA	NA	NA	NA	Etest	NA	NA	NA	NA	NA	NA	NA	NA	NA	NA	NA	NA	NA	NA	NA	NA	NA	NA	NA	NA	NA	NA	NA	NA	NA	NA	NA	NA	NA	NA	NA	NA	NA	NA	NA	NA	NA	NA	NA	NA	NA	NA	NA	NA	NA	NA	NA	NA	NA	NA	NA	NA	NA	NA	NA	NA	NA	NA	NA	NA	NA	NA	NA	NA	NA	NA	NA	NA	NA	NA	NA	NA	NA	NA	NA	NA	NA	NA	NA	NA	NA
SAMN30494078	ID_1527969	SAMN30494078	NA	cabal2022	NA	NA	NA	NA	Etest	NA	NA	Etest	NA	NA	Etest	NA	NA	Etest	0.047	S	Etest	NA	NA	Etest	NA	NA	Etest	NA	NA	NA	48.0	R	Etest	NA	NA	NA	NA	NA	NA	NA	NA	NA	NA	NA	NA	NA	NA	NA	NA	Etest	NA	NA	NA	NA	NA	NA	NA	NA	NA	NA	NA	Etest	NA	NA	NA	NA	NA	NA	NA	NA	NA	NA	NA	NA	NA	NA	NA	NA	NA	NA	NA	NA	NA	NA	NA	NA	NA	NA	NA	NA	NA	NA	NA	NA	NA	NA	NA	NA	NA	NA	NA	NA	NA	NA	NA	NA	NA	NA	NA	NA	NA	NA	NA	NA	NA	NA	NA	NA	NA	NA	NA	NA	NA	NA	NA	NA	NA	NA	NA	NA	NA	NA	NA	NA	NA	NA	NA	NA	NA	NA	NA	NA	NA
SAMN30494079	ID_7753154	SAMN30494079	NA	cabal2022	NA	NA	NA	NA	Etest	NA	NA	Etest	NA	NA	Etest	NA	NA	Etest	NA	NA	Etest	NA	NA	Etest	NA	NA	Etest	NA	NA	NA	NA	NA	Etest	NA	NA	NA	NA	NA	NA	NA	NA	NA	NA	NA	NA	NA	NA	NA	NA	Etest	NA	NA	NA	NA	NA	NA	NA	NA	NA	NA	NA	Etest	NA	NA	NA	NA	NA	NA	NA	NA	NA	NA	NA	NA	NA	NA	NA	NA	NA	NA	NA	NA	NA	NA	NA	NA	NA	NA	NA	NA	NA	NA	NA	NA	NA	NA	NA	NA	NA	NA	NA	NA	NA	NA	NA	NA	NA	NA	NA	NA	NA	NA	NA	NA	NA	NA	NA	NA	NA	NA	NA	NA	NA	NA	NA	NA	NA	NA	NA	NA	NA	NA	NA	NA	NA	NA	NA	NA	NA	NA	NA	NA	NA
SAMN30494080	ID_4414029	SAMN30494080	NA	cabal2022	NA	NA	NA	NA	Etest	NA	NA	Etest	NA	NA	Etest	NA	NA	Etest	NA	NA	Etest	640000000000000.0	S	Etest	NA	NA	Etest	NA	NA	NA	NA	NA	Etest	NA	NA	NA	NA	NA	NA	NA	NA	NA	NA	NA	NA	NA	NA	NA	NA	Etest	NA	NA	NA	NA	NA	NA	NA	NA	NA	NA	NA	Etest	NA	NA	NA	NA	NA	NA	NA	NA	NA	NA	NA	NA	NA	NA	NA	NA	NA	NA	NA	NA	NA	NA	NA	NA	NA	NA	NA	NA	NA	NA	NA	NA	NA	NA	NA	NA	NA	NA	NA	NA	NA	NA	NA	NA	NA	NA	NA	NA	NA	NA	NA	NA	NA	NA	NA	NA	NA	NA	NA	NA	NA	NA	NA	NA	NA	NA	NA	NA	NA	NA	NA	NA	NA	NA	NA	NA	NA	NA	NA	NA	NA
SAMN30494081	ID_3157126	SAMN30494081	NA	cabal2022	NA	NA	NA	NA	Etest	NA	NA	Etest	256.0	R	Etest	NA	NA	Etest	NA	NA	Etest	NA	NA	Etest	NA	NA	Etest	NA	NA	NA	64.0	R	Etest	NA	NA	NA	NA	NA	NA	NA	NA	NA	NA	NA	NA	NA	NA	NA	NA	Etest	NA	NA	NA	NA	NA	NA	NA	NA	NA	NA	NA	Etest	NA	NA	NA	NA	NA	NA	NA	NA	NA	NA	NA	NA	NA	NA	NA	NA	NA	NA	NA	NA	NA	NA	NA	NA	NA	NA	NA	NA	NA	NA	NA	NA	NA	NA	NA	NA	NA	NA	NA	NA	NA	NA	NA	NA	NA	NA	NA	NA	NA	NA	NA	NA	NA	NA	NA	NA	NA	NA	NA	NA	NA	NA	NA	NA	NA	NA	NA	NA	NA	NA	NA	NA	NA	NA	NA	NA	NA	NA	NA	NA	NA
SAMN30494082	ID_3373709	SAMN30494082	NA	cabal2022	NA	NA	NA	NA	Etest	NA	NA	Etest	NA	NA	Etest	NA	NA	Etest	NA	NA	Etest	0.047	S	Etest	NA	NA	Etest	NA	NA	NA	NA	NA	Etest	NA	NA	NA	NA	NA	NA	NA	NA	NA	NA	NA	NA	NA	NA	NA	NA	Etest	NA	NA	NA	NA	NA	NA	NA	NA	NA	NA	NA	Etest	NA	NA	NA	NA	NA	NA	NA	NA	NA	NA	NA	NA	NA	NA	NA	NA	NA	NA	NA	NA	NA	NA	NA	NA	NA	NA	NA	NA	NA	NA	NA	NA	NA	NA	NA	NA	NA	NA	NA	NA	NA	NA	NA	NA	NA	NA	NA	NA	NA	NA	NA	NA	NA	NA	NA	NA	NA	NA	NA	NA	NA	NA	NA	NA	NA	NA	NA	NA	NA	NA	NA	NA	NA	NA	NA	NA	NA	NA	NA	NA	NA
SAMN30494085	ID_6709538	SAMN30494085	NA	cabal2022	NA	NA	NA	NA	Etest	NA	NA	Etest	NA	NA	Etest	NA	NA	Etest	NA	NA	Etest	NA	NA	Etest	NA	NA	Etest	NA	NA	NA	8.0	R	Etest	NA	NA	NA	NA	NA	NA	NA	NA	NA	NA	NA	NA	NA	NA	NA	NA	Etest	NA	NA	NA	NA	NA	NA	NA	NA	NA	NA	NA	Etest	NA	NA	NA	NA	NA	NA	NA	NA	NA	NA	NA	NA	NA	NA	NA	NA	NA	NA	NA	NA	NA	NA	NA	NA	NA	NA	NA	NA	NA	NA	NA	NA	NA	NA	NA	NA	NA	NA	NA	NA	NA	NA	NA	NA	NA	NA	NA	NA	NA	NA	NA	NA	NA	NA	NA	NA	NA	NA	NA	NA	NA	NA	NA	NA	NA	NA	NA	NA	NA	NA	NA	NA	NA	NA	NA	NA	NA	NA	NA	NA	NA
SAMN30494091	ID_8933148	SAMN30494091	NA	cabal2022	NA	NA	NA	NA	Etest	NA	NA	Etest	NA	NA	Etest	NA	NA	Etest	NA	NA	Etest	NA	NA	Etest	NA	NA	Etest	NA	NA	NA	NA	NA	Etest	NA	NA	NA	NA	NA	NA	NA	NA	NA	NA	NA	NA	NA	NA	NA	NA	Etest	NA	NA	NA	NA	NA	NA	NA	NA	NA	NA	NA	Etest	NA	NA	NA	NA	NA	NA	NA	NA	NA	NA	NA	NA	NA	NA	NA	NA	NA	NA	NA	NA	NA	NA	NA	NA	NA	NA	NA	NA	NA	NA	NA	NA	NA	NA	NA	NA	NA	NA	NA	NA	NA	NA	NA	NA	NA	NA	NA	NA	NA	NA	NA	NA	NA	NA	NA	NA	NA	NA	NA	NA	NA	NA	NA	NA	NA	NA	NA	NA	NA	NA	NA	NA	NA	NA	NA	NA	NA	NA	NA	NA	NA
SAMN30494093	ID_7333525	SAMN30494093	NA	cabal2022	NA	NA	NA	NA	Etest	NA	NA	Etest	NA	NA	Etest	1.0	S	Etest	NA	NA	Etest	NA	NA	Etest	NA	NA	Etest	NA	NA	NA	NA	NA	Etest	NA	NA	NA	NA	NA	NA	NA	NA	NA	NA	NA	NA	NA	NA	NA	NA	Etest	NA	NA	NA	NA	NA	NA	NA	NA	NA	NA	NA	Etest	NA	NA	NA	NA	NA	NA	NA	NA	NA	NA	NA	NA	NA	NA	NA	NA	NA	NA	NA	NA	NA	NA	NA	NA	NA	NA	NA	NA	NA	NA	NA	NA	NA	NA	NA	NA	NA	NA	NA	NA	NA	NA	NA	NA	NA	NA	NA	NA	NA	NA	NA	NA	NA	NA	NA	NA	NA	NA	NA	NA	NA	NA	NA	NA	NA	NA	NA	NA	NA	NA	NA	NA	NA	NA	NA	NA	NA	NA	NA	NA	NA
SAMN30494095	ID_8701134	SAMN30494095	NA	cabal2022	NA	NA	NA	NA	Etest	NA	NA	Etest	NA	NA	Etest	NA	NA	Etest	NA	NA	Etest	NA	NA	Etest	NA	NA	Etest	NA	NA	NA	32.0	R	Etest	NA	NA	NA	NA	NA	NA	NA	NA	NA	NA	NA	NA	NA	NA	NA	NA	Etest	NA	NA	NA	NA	NA	NA	NA	NA	NA	NA	NA	Etest	NA	NA	NA	NA	NA	NA	NA	NA	NA	NA	NA	NA	NA	NA	NA	NA	NA	NA	NA	NA	NA	NA	NA	NA	NA	NA	NA	NA	NA	NA	NA	NA	NA	NA	NA	NA	NA	NA	NA	NA	NA	NA	NA	NA	NA	NA	NA	NA	NA	NA	NA	NA	NA	NA	NA	NA	NA	NA	NA	NA	NA	NA	NA	NA	NA	NA	NA	NA	NA	NA	NA	NA	NA	NA	NA	NA	NA	NA	NA	NA	NA
SAMN30494096	ID_2974982	SAMN30494096	NA	cabal2022	NA	NA	NA	NA	Etest	NA	NA	Etest	NA	NA	Etest	NA	NA	Etest	NA	NA	Etest	NA	NA	Etest	NA	NA	Etest	NA	NA	NA	NA	NA	Etest	NA	NA	NA	NA	NA	NA	NA	NA	NA	NA	NA	NA	NA	NA	NA	NA	Etest	NA	NA	NA	NA	NA	NA	NA	NA	NA	NA	NA	Etest	NA	NA	NA	NA	NA	NA	NA	NA	NA	NA	NA	NA	NA	NA	NA	NA	NA	NA	NA	NA	NA	NA	NA	NA	NA	NA	NA	NA	NA	NA	NA	NA	NA	NA	NA	NA	NA	NA	NA	NA	NA	NA	NA	NA	NA	NA	NA	NA	NA	NA	NA	NA	NA	NA	NA	NA	NA	NA	NA	NA	NA	NA	NA	NA	NA	NA	NA	NA	NA	NA	NA	NA	NA	NA	NA	NA	NA	NA	NA	NA	NA
SAMN30494099	ID_3111667	SAMN30494099	NA	cabal2022	NA	NA	NA	NA	Etest	NA	NA	Etest	NA	NA	Etest	NA	NA	Etest	NA	NA	Etest	NA	NA	Etest	NA	NA	Etest	NA	NA	NA	NA	NA	Etest	NA	NA	NA	NA	NA	NA	NA	NA	NA	NA	NA	NA	NA	NA	NA	NA	Etest	NA	NA	NA	NA	NA	NA	NA	NA	NA	NA	NA	Etest	NA	NA	NA	NA	NA	NA	NA	NA	NA	NA	NA	NA	NA	NA	NA	NA	NA	NA	NA	NA	NA	NA	NA	NA	NA	NA	NA	NA	NA	NA	NA	NA	NA	NA	NA	NA	NA	NA	NA	NA	NA	NA	NA	NA	NA	NA	NA	NA	NA	NA	NA	NA	NA	NA	NA	NA	NA	NA	NA	NA	NA	NA	NA	NA	NA	NA	NA	NA	NA	NA	NA	NA	NA	NA	NA	NA	NA	NA	NA	NA	NA
SAMN30494101	ID_1227001	SAMN30494101	NA	cabal2022	NA	NA	NA	NA	Etest	NA	NA	Etest	NA	NA	Etest	NA	NA	Etest	NA	NA	Etest	NA	NA	Etest	NA	NA	Etest	NA	NA	NA	NA	NA	Etest	NA	NA	NA	NA	NA	NA	NA	NA	NA	NA	NA	NA	NA	NA	NA	NA	Etest	NA	NA	NA	NA	NA	NA	NA	NA	NA	NA	NA	Etest	NA	NA	NA	NA	NA	NA	NA	NA	NA	NA	NA	NA	NA	NA	NA	NA	NA	NA	NA	NA	NA	NA	NA	NA	NA	NA	NA	NA	NA	NA	NA	NA	NA	NA	NA	NA	NA	NA	NA	NA	NA	NA	NA	NA	NA	NA	NA	NA	NA	NA	NA	NA	NA	NA	NA	NA	NA	NA	NA	NA	NA	NA	NA	NA	NA	NA	NA	NA	NA	NA	NA	NA	NA	NA	NA	NA	NA	NA	NA	NA	NA
SAMN32165535	ID_3326992	SAMN32165535	Homo sapiens	westbrook2024	NA	NA	NA	NA	broth microdilution	0.75	NA	broth microdilution	NA	NA	NA	NA	NA	broth microdilution	NA	NA	NA	NA	NA	NA	NA	NA	NA	NA	NA	NA	NA	NA	NA	NA	NA	NA	NA	NA	NA	NA	NA	NA	NA	NA	NA	NA	NA	NA	NA	NA	NA	NA	NA	NA	NA	NA	NA	NA	NA	NA	NA	NA	NA	NA	NA	NA	NA	NA	NA	NA	NA	NA	NA	NA	NA	NA	NA	NA	NA	broth microdilution	NA	NA	NA	NA	NA	NA	NA	NA	NA	NA	NA	NA	NA	NA	NA	NA	NA	NA	NA	NA	NA	NA	NA	NA	NA	NA	NA	NA	NA	NA	NA	NA	NA	NA	NA	NA	NA	NA	NA	NA	NA	NA	NA	NA	NA	NA	NA	NA	NA	NA	NA	NA	NA	1024.0	broth microdilution	NA	NA	NA	NA	NA	NA	NA	NA
SAMN32165536	ID_2649098	SAMN32165536	Homo sapiens	westbrook2024	NA	NA	4.0	NA	broth microdilution	0.75	NA	broth microdilution	NA	NA	NA	2.0	NA	broth microdilution	NA	NA	NA	NA	NA	NA	NA	NA	NA	NA	NA	NA	NA	NA	NA	NA	NA	NA	NA	NA	NA	NA	NA	NA	NA	NA	NA	NA	NA	NA	NA	NA	NA	NA	NA	NA	NA	NA	NA	NA	NA	NA	NA	NA	NA	NA	NA	NA	NA	NA	NA	NA	NA	NA	NA	NA	NA	NA	NA	2.0	NA	broth microdilution	NA	NA	NA	NA	NA	NA	NA	NA	NA	NA	NA	NA	NA	NA	NA	NA	NA	NA	NA	NA	NA	NA	NA	NA	NA	NA	NA	NA	NA	NA	NA	NA	NA	NA	NA	NA	NA	NA	NA	NA	NA	NA	NA	NA	NA	NA	NA	NA	NA	NA	NA	NA	NA	192.0	broth microdilution	NA	NA	NA	NA	NA	NA	NA	NA
SAMN32165537	ID_8378633	SAMN32165537	Homo sapiens	westbrook2024	NA	NA	2.0	NA	broth microdilution	0.75	NA	broth microdilution	NA	NA	NA	2.0	NA	broth microdilution	NA	NA	NA	NA	NA	NA	NA	NA	NA	NA	NA	NA	NA	NA	NA	NA	NA	NA	NA	NA	NA	NA	NA	NA	NA	NA	NA	NA	NA	NA	NA	NA	NA	NA	NA	NA	NA	NA	NA	NA	NA	NA	NA	NA	NA	NA	NA	NA	NA	NA	NA	NA	NA	NA	NA	NA	NA	NA	NA	2.0	NA	broth microdilution	NA	NA	NA	NA	NA	NA	NA	NA	NA	NA	NA	NA	NA	NA	NA	NA	NA	NA	NA	NA	NA	NA	NA	NA	NA	NA	NA	NA	NA	NA	NA	NA	NA	NA	NA	NA	NA	NA	NA	NA	NA	NA	NA	NA	NA	NA	NA	NA	NA	NA	NA	NA	NA	16.0	broth microdilution	NA	NA	NA	NA	NA	NA	NA	NA
SAMN32165538	ID_3135362	SAMN32165538	Homo sapiens	westbrook2024	NA	NA	2.0	NA	broth microdilution	0.75	NA	broth microdilution	NA	NA	NA	2.0	NA	broth microdilution	NA	NA	NA	NA	NA	NA	NA	NA	NA	NA	NA	NA	NA	NA	NA	NA	NA	NA	NA	NA	NA	NA	NA	NA	NA	NA	NA	NA	NA	NA	NA	NA	NA	NA	NA	NA	NA	NA	NA	NA	NA	NA	NA	NA	NA	NA	NA	NA	NA	NA	NA	NA	NA	NA	NA	NA	NA	NA	NA	2.0	NA	broth microdilution	NA	NA	NA	NA	NA	NA	NA	NA	NA	NA	NA	NA	NA	NA	NA	NA	NA	NA	NA	NA	NA	NA	NA	NA	NA	NA	NA	NA	NA	NA	NA	NA	NA	NA	NA	NA	NA	NA	NA	NA	NA	NA	NA	NA	NA	NA	NA	NA	NA	NA	NA	NA	NA	192.0	broth microdilution	NA	NA	NA	NA	NA	NA	NA	NA
SAMN32165539	ID_3395808	SAMN32165539	Homo sapiens	westbrook2024	NA	NA	4.0	NA	broth microdilution	0.75	NA	broth microdilution	NA	NA	NA	2.0	NA	broth microdilution	NA	NA	NA	NA	NA	NA	NA	NA	NA	NA	NA	NA	NA	NA	NA	NA	NA	NA	NA	NA	NA	NA	NA	NA	NA	NA	NA	NA	NA	NA	NA	NA	NA	NA	NA	NA	NA	NA	NA	NA	NA	NA	NA	NA	NA	NA	NA	NA	NA	NA	NA	NA	NA	NA	NA	NA	NA	NA	NA	1.0	NA	broth microdilution	NA	NA	NA	NA	NA	NA	NA	NA	NA	NA	NA	NA	NA	NA	NA	NA	NA	NA	NA	NA	NA	NA	NA	NA	NA	NA	NA	NA	NA	NA	NA	NA	NA	NA	NA	NA	NA	NA	NA	NA	NA	NA	NA	NA	NA	NA	NA	NA	NA	NA	NA	NA	NA	512.0	broth microdilution	NA	NA	NA	NA	NA	NA	NA	NA
SAMN32165540	ID_4356853	SAMN32165540	Homo sapiens	westbrook2024	NA	NA	NA	NA	broth microdilution	1.0	NA	broth microdilution	NA	NA	NA	NA	NA	broth microdilution	NA	NA	NA	NA	NA	NA	NA	NA	NA	NA	NA	NA	NA	NA	NA	NA	NA	NA	NA	NA	NA	NA	NA	NA	NA	NA	NA	NA	NA	NA	NA	NA	NA	NA	NA	NA	NA	NA	NA	NA	NA	NA	NA	NA	NA	NA	NA	NA	NA	NA	NA	NA	NA	NA	NA	NA	NA	NA	NA	NA	NA	broth microdilution	NA	NA	NA	NA	NA	NA	NA	NA	NA	NA	NA	NA	NA	NA	NA	NA	NA	NA	NA	NA	NA	NA	NA	NA	NA	NA	NA	NA	NA	NA	NA	NA	NA	NA	NA	NA	NA	NA	NA	NA	NA	NA	NA	NA	NA	NA	NA	NA	NA	NA	NA	NA	NA	192.0	broth microdilution	NA	NA	NA	NA	NA	NA	NA	NA
SAMN32165541	ID_3524988	SAMN32165541	Homo sapiens	westbrook2024	NA	NA	2.0	NA	broth microdilution	0.5	NA	broth microdilution	NA	NA	NA	2.0	NA	broth microdilution	NA	NA	NA	NA	NA	NA	NA	NA	NA	NA	NA	NA	NA	NA	NA	NA	NA	NA	NA	NA	NA	NA	NA	NA	NA	NA	NA	NA	NA	NA	NA	NA	NA	NA	NA	NA	NA	NA	NA	NA	NA	NA	NA	NA	NA	NA	NA	NA	NA	NA	NA	NA	NA	NA	NA	NA	NA	NA	NA	1.0	NA	broth microdilution	NA	NA	NA	NA	NA	NA	NA	NA	NA	NA	NA	NA	NA	NA	NA	NA	NA	NA	NA	NA	NA	NA	NA	NA	NA	NA	NA	NA	NA	NA	NA	NA	NA	NA	NA	NA	NA	NA	NA	NA	NA	NA	NA	NA	NA	NA	NA	NA	NA	NA	NA	NA	NA	24.0	broth microdilution	NA	NA	NA	NA	NA	NA	NA	NA
SAMN32165543	ID_1089814	SAMN32165543	Homo sapiens	westbrook2024	NA	NA	1.0	NA	broth microdilution	0.75	NA	broth microdilution	NA	NA	NA	1.0	NA	broth microdilution	NA	NA	NA	NA	NA	NA	NA	NA	NA	NA	NA	NA	NA	NA	NA	NA	NA	NA	NA	NA	NA	NA	NA	NA	NA	NA	NA	NA	NA	NA	NA	NA	NA	NA	NA	NA	NA	NA	NA	NA	NA	NA	NA	NA	NA	NA	NA	NA	NA	NA	NA	NA	NA	NA	NA	NA	NA	NA	NA	1.0	NA	broth microdilution	NA	NA	NA	NA	NA	NA	NA	NA	NA	NA	NA	NA	NA	NA	NA	NA	NA	NA	NA	NA	NA	NA	NA	NA	NA	NA	NA	NA	NA	NA	NA	NA	NA	NA	NA	NA	NA	NA	NA	NA	NA	NA	NA	NA	NA	NA	NA	NA	NA	NA	NA	NA	NA	1024.0	broth microdilution	NA	NA	NA	NA	NA	NA	NA	NA
SAMN32165544	ID_1165161	SAMN32165544	Homo sapiens	westbrook2024	NA	NA	2.0	NA	broth microdilution	0.75	NA	broth microdilution	NA	NA	NA	1.0	NA	broth microdilution	NA	NA	NA	NA	NA	NA	NA	NA	NA	NA	NA	NA	NA	NA	NA	NA	NA	NA	NA	NA	NA	NA	NA	NA	NA	NA	NA	NA	NA	NA	NA	NA	NA	NA	NA	NA	NA	NA	NA	NA	NA	NA	NA	NA	NA	NA	NA	NA	NA	NA	NA	NA	NA	NA	NA	NA	NA	NA	NA	1.0	NA	broth microdilution	NA	NA	NA	NA	NA	NA	NA	NA	NA	NA	NA	NA	NA	NA	NA	NA	NA	NA	NA	NA	NA	NA	NA	NA	NA	NA	NA	NA	NA	NA	NA	NA	NA	NA	NA	NA	NA	NA	NA	NA	NA	NA	NA	NA	NA	NA	NA	NA	NA	NA	NA	NA	NA	1024.0	broth microdilution	NA	NA	NA	NA	NA	NA	NA	NA
SAMN32165545	ID_8751294	SAMN32165545	Homo sapiens	westbrook2024	NA	NA	2.0	NA	broth microdilution	0.5	NA	broth microdilution	NA	NA	NA	2.0	NA	broth microdilution	NA	NA	NA	NA	NA	NA	NA	NA	NA	NA	NA	NA	NA	NA	NA	NA	NA	NA	NA	NA	NA	NA	NA	NA	NA	NA	NA	NA	NA	NA	NA	NA	NA	NA	NA	NA	NA	NA	NA	NA	NA	NA	NA	NA	NA	NA	NA	NA	NA	NA	NA	NA	NA	NA	NA	NA	NA	NA	NA	0.5	NA	broth microdilution	NA	NA	NA	NA	NA	NA	NA	NA	NA	NA	NA	NA	NA	NA	NA	NA	NA	NA	NA	NA	NA	NA	NA	NA	NA	NA	NA	NA	NA	NA	NA	NA	NA	NA	NA	NA	NA	NA	NA	NA	NA	NA	NA	NA	NA	NA	NA	NA	NA	NA	NA	NA	NA	16.0	broth microdilution	NA	NA	NA	NA	NA	NA	NA	NA
SAMN32165546	ID_8571213	SAMN32165546	Homo sapiens	westbrook2024	NA	NA	2.0	NA	broth microdilution	0.375	NA	broth microdilution	NA	NA	NA	4.0	NA	broth microdilution	NA	NA	NA	NA	NA	NA	NA	NA	NA	NA	NA	NA	NA	NA	NA	NA	NA	NA	NA	NA	NA	NA	NA	NA	NA	NA	NA	NA	NA	NA	NA	NA	NA	NA	NA	NA	NA	NA	NA	NA	NA	NA	NA	NA	NA	NA	NA	NA	NA	NA	NA	NA	NA	NA	NA	NA	NA	NA	NA	2.0	NA	broth microdilution	NA	NA	NA	NA	NA	NA	NA	NA	NA	NA	NA	NA	NA	NA	NA	NA	NA	NA	NA	NA	NA	NA	NA	NA	NA	NA	NA	NA	NA	NA	NA	NA	NA	NA	NA	NA	NA	NA	NA	NA	NA	NA	NA	NA	NA	NA	NA	NA	NA	NA	NA	NA	NA	1024.0	broth microdilution	NA	NA	NA	NA	NA	NA	NA	NA
SAMN32165547	ID_6837691	SAMN32165547	Homo sapiens	westbrook2024	NA	NA	2.0	NA	broth microdilution	0.75	NA	broth microdilution	NA	NA	NA	2.0	NA	broth microdilution	NA	NA	NA	NA	NA	NA	NA	NA	NA	NA	NA	NA	NA	NA	NA	NA	NA	NA	NA	NA	NA	NA	NA	NA	NA	NA	NA	NA	NA	NA	NA	NA	NA	NA	NA	NA	NA	NA	NA	NA	NA	NA	NA	NA	NA	NA	NA	NA	NA	NA	NA	NA	NA	NA	NA	NA	NA	NA	NA	1.0	NA	broth microdilution	NA	NA	NA	NA	NA	NA	NA	NA	NA	NA	NA	NA	NA	NA	NA	NA	NA	NA	NA	NA	NA	NA	NA	NA	NA	NA	NA	NA	NA	NA	NA	NA	NA	NA	NA	NA	NA	NA	NA	NA	NA	NA	NA	NA	NA	NA	NA	NA	NA	NA	NA	NA	NA	16.0	broth microdilution	NA	NA	NA	NA	NA	NA	NA	NA
SAMN32165548	ID_4710536	SAMN32165548	Homo sapiens	westbrook2024	NA	NA	2.0	NA	broth microdilution	0.75	NA	broth microdilution	NA	NA	NA	2.0	NA	broth microdilution	NA	NA	NA	NA	NA	NA	NA	NA	NA	NA	NA	NA	NA	NA	NA	NA	NA	NA	NA	NA	NA	NA	NA	NA	NA	NA	NA	NA	NA	NA	NA	NA	NA	NA	NA	NA	NA	NA	NA	NA	NA	NA	NA	NA	NA	NA	NA	NA	NA	NA	NA	NA	NA	NA	NA	NA	NA	NA	NA	0.5	NA	broth microdilution	NA	NA	NA	NA	NA	NA	NA	NA	NA	NA	NA	NA	NA	NA	NA	NA	NA	NA	NA	NA	NA	NA	NA	NA	NA	NA	NA	NA	NA	NA	NA	NA	NA	NA	NA	NA	NA	NA	NA	NA	NA	NA	NA	NA	NA	NA	NA	NA	NA	NA	NA	NA	NA	768.0	broth microdilution	NA	NA	NA	NA	NA	NA	NA	NA
SAMN32165549	ID_2209682	SAMN32165549	Homo sapiens	westbrook2024	NA	NA	NA	NA	broth microdilution	0.5	NA	broth microdilution	NA	NA	NA	NA	NA	broth microdilution	NA	NA	NA	NA	NA	NA	NA	NA	NA	NA	NA	NA	NA	NA	NA	NA	NA	NA	NA	NA	NA	NA	NA	NA	NA	NA	NA	NA	NA	NA	NA	NA	NA	NA	NA	NA	NA	NA	NA	NA	NA	NA	NA	NA	NA	NA	NA	NA	NA	NA	NA	NA	NA	NA	NA	NA	NA	NA	NA	NA	NA	broth microdilution	NA	NA	NA	NA	NA	NA	NA	NA	NA	NA	NA	NA	NA	NA	NA	NA	NA	NA	NA	NA	NA	NA	NA	NA	NA	NA	NA	NA	NA	NA	NA	NA	NA	NA	NA	NA	NA	NA	NA	NA	NA	NA	NA	NA	NA	NA	NA	NA	NA	NA	NA	NA	NA	384.0	broth microdilution	NA	NA	NA	NA	NA	NA	NA	NA
SAMN32165550	ID_1557397	SAMN32165550	Homo sapiens	westbrook2024	NA	NA	2.0	NA	broth microdilution	1.0	NA	broth microdilution	NA	NA	NA	2.0	NA	broth microdilution	NA	NA	NA	NA	NA	NA	NA	NA	NA	NA	NA	NA	NA	NA	NA	NA	NA	NA	NA	NA	NA	NA	NA	NA	NA	NA	NA	NA	NA	NA	NA	NA	NA	NA	NA	NA	NA	NA	NA	NA	NA	NA	NA	NA	NA	NA	NA	NA	NA	NA	NA	NA	NA	NA	NA	NA	NA	NA	NA	1.0	NA	broth microdilution	NA	NA	NA	NA	NA	NA	NA	NA	NA	NA	NA	NA	NA	NA	NA	NA	NA	NA	NA	NA	NA	NA	NA	NA	NA	NA	NA	NA	NA	NA	NA	NA	NA	NA	NA	NA	NA	NA	NA	NA	NA	NA	NA	NA	NA	NA	NA	NA	NA	NA	NA	NA	NA	1024.0	broth microdilution	NA	NA	NA	NA	NA	NA	NA	NA
SAMN32165551	ID_4087797	SAMN32165551	Homo sapiens	westbrook2024	NA	NA	2.0	NA	broth microdilution	0.5	NA	broth microdilution	NA	NA	NA	2.0	NA	broth microdilution	NA	NA	NA	NA	NA	NA	NA	NA	NA	NA	NA	NA	NA	NA	NA	NA	NA	NA	NA	NA	NA	NA	NA	NA	NA	NA	NA	NA	NA	NA	NA	NA	NA	NA	NA	NA	NA	NA	NA	NA	NA	NA	NA	NA	NA	NA	NA	NA	NA	NA	NA	NA	NA	NA	NA	NA	NA	NA	NA	2.0	NA	broth microdilution	NA	NA	NA	NA	NA	NA	NA	NA	NA	NA	NA	NA	NA	NA	NA	NA	NA	NA	NA	NA	NA	NA	NA	NA	NA	NA	NA	NA	NA	NA	NA	NA	NA	NA	NA	NA	NA	NA	NA	NA	NA	NA	NA	NA	NA	NA	NA	NA	NA	NA	NA	NA	NA	512.0	broth microdilution	NA	NA	NA	NA	NA	NA	NA	NA
SAMN32165552	ID_4405342	SAMN32165552	Homo sapiens	westbrook2024	NA	NA	4.0	NA	broth microdilution	0.75	NA	broth microdilution	NA	NA	NA	2.0	NA	broth microdilution	NA	NA	NA	NA	NA	NA	NA	NA	NA	NA	NA	NA	NA	NA	NA	NA	NA	NA	NA	NA	NA	NA	NA	NA	NA	NA	NA	NA	NA	NA	NA	NA	NA	NA	NA	NA	NA	NA	NA	NA	NA	NA	NA	NA	NA	NA	NA	NA	NA	NA	NA	NA	NA	NA	NA	NA	NA	NA	NA	2.0	NA	broth microdilution	NA	NA	NA	NA	NA	NA	NA	NA	NA	NA	NA	NA	NA	NA	NA	NA	NA	NA	NA	NA	NA	NA	NA	NA	NA	NA	NA	NA	NA	NA	NA	NA	NA	NA	NA	NA	NA	NA	NA	NA	NA	NA	NA	NA	NA	NA	NA	NA	NA	NA	NA	NA	NA	256.0	broth microdilution	NA	NA	NA	NA	NA	NA	NA	NA
SAMN32165553	ID_7177831	SAMN32165553	Homo sapiens	westbrook2024	NA	NA	2.0	NA	broth microdilution	0.75	NA	broth microdilution	NA	NA	NA	2.0	NA	broth microdilution	NA	NA	NA	NA	NA	NA	NA	NA	NA	NA	NA	NA	NA	NA	NA	NA	NA	NA	NA	NA	NA	NA	NA	NA	NA	NA	NA	NA	NA	NA	NA	NA	NA	NA	NA	NA	NA	NA	NA	NA	NA	NA	NA	NA	NA	NA	NA	NA	NA	NA	NA	NA	NA	NA	NA	NA	NA	NA	NA	1.0	NA	broth microdilution	NA	NA	NA	NA	NA	NA	NA	NA	NA	NA	NA	NA	NA	NA	NA	NA	NA	NA	NA	NA	NA	NA	NA	NA	NA	NA	NA	NA	NA	NA	NA	NA	NA	NA	NA	NA	NA	NA	NA	NA	NA	NA	NA	NA	NA	NA	NA	NA	NA	NA	NA	NA	NA	1024.0	broth microdilution	NA	NA	NA	NA	NA	NA	NA	NA
SAMN32165554	ID_1652404	SAMN32165554	Homo sapiens	westbrook2024	NA	NA	2.0	NA	broth microdilution	0.5	NA	broth microdilution	NA	NA	NA	2.0	NA	broth microdilution	NA	NA	NA	NA	NA	NA	NA	NA	NA	NA	NA	NA	NA	NA	NA	NA	NA	NA	NA	NA	NA	NA	NA	NA	NA	NA	NA	NA	NA	NA	NA	NA	NA	NA	NA	NA	NA	NA	NA	NA	NA	NA	NA	NA	NA	NA	NA	NA	NA	NA	NA	NA	NA	NA	NA	NA	NA	NA	NA	1.0	NA	broth microdilution	NA	NA	NA	NA	NA	NA	NA	NA	NA	NA	NA	NA	NA	NA	NA	NA	NA	NA	NA	NA	NA	NA	NA	NA	NA	NA	NA	NA	NA	NA	NA	NA	NA	NA	NA	NA	NA	NA	NA	NA	NA	NA	NA	NA	NA	NA	NA	NA	NA	NA	NA	NA	NA	1024.0	broth microdilution	NA	NA	NA	NA	NA	NA	NA	NA
SAMN32165555	ID_5546869	SAMN32165555	Homo sapiens	westbrook2024	NA	NA	NA	NA	broth microdilution	0.75	NA	broth microdilution	NA	NA	NA	NA	NA	broth microdilution	NA	NA	NA	NA	NA	NA	NA	NA	NA	NA	NA	NA	NA	NA	NA	NA	NA	NA	NA	NA	NA	NA	NA	NA	NA	NA	NA	NA	NA	NA	NA	NA	NA	NA	NA	NA	NA	NA	NA	NA	NA	NA	NA	NA	NA	NA	NA	NA	NA	NA	NA	NA	NA	NA	NA	NA	NA	NA	NA	NA	NA	broth microdilution	NA	NA	NA	NA	NA	NA	NA	NA	NA	NA	NA	NA	NA	NA	NA	NA	NA	NA	NA	NA	NA	NA	NA	NA	NA	NA	NA	NA	NA	NA	NA	NA	NA	NA	NA	NA	NA	NA	NA	NA	NA	NA	NA	NA	NA	NA	NA	NA	NA	NA	NA	NA	NA	96.0	broth microdilution	NA	NA	NA	NA	NA	NA	NA	NA
SAMN32165556	ID_3975558	SAMN32165556	Homo sapiens	westbrook2024	NA	NA	4.0	NA	broth microdilution	0.5	NA	broth microdilution	NA	NA	NA	2.0	NA	broth microdilution	NA	NA	NA	NA	NA	NA	NA	NA	NA	NA	NA	NA	NA	NA	NA	NA	NA	NA	NA	NA	NA	NA	NA	NA	NA	NA	NA	NA	NA	NA	NA	NA	NA	NA	NA	NA	NA	NA	NA	NA	NA	NA	NA	NA	NA	NA	NA	NA	NA	NA	NA	NA	NA	NA	NA	NA	NA	NA	NA	2.0	NA	broth microdilution	NA	NA	NA	NA	NA	NA	NA	NA	NA	NA	NA	NA	NA	NA	NA	NA	NA	NA	NA	NA	NA	NA	NA	NA	NA	NA	NA	NA	NA	NA	NA	NA	NA	NA	NA	NA	NA	NA	NA	NA	NA	NA	NA	NA	NA	NA	NA	NA	NA	NA	NA	NA	NA	512.0	broth microdilution	NA	NA	NA	NA	NA	NA	NA	NA
SAMN32165557	ID_8358938	SAMN32165557	Homo sapiens	westbrook2024	NA	NA	4.0	NA	broth microdilution	0.5	NA	broth microdilution	NA	NA	NA	1.0	NA	broth microdilution	NA	NA	NA	NA	NA	NA	NA	NA	NA	NA	NA	NA	NA	NA	NA	NA	NA	NA	NA	NA	NA	NA	NA	NA	NA	NA	NA	NA	NA	NA	NA	NA	NA	NA	NA	NA	NA	NA	NA	NA	NA	NA	NA	NA	NA	NA	NA	NA	NA	NA	NA	NA	NA	NA	NA	NA	NA	NA	NA	1.0	NA	broth microdilution	NA	NA	NA	NA	NA	NA	NA	NA	NA	NA	NA	NA	NA	NA	NA	NA	NA	NA	NA	NA	NA	NA	NA	NA	NA	NA	NA	NA	NA	NA	NA	NA	NA	NA	NA	NA	NA	NA	NA	NA	NA	NA	NA	NA	NA	NA	NA	NA	NA	NA	NA	NA	NA	1024.0	broth microdilution	NA	NA	NA	NA	NA	NA	NA	NA
SAMN32165558	ID_1713406	SAMN32165558	Homo sapiens	westbrook2024	NA	NA	NA	NA	broth microdilution	0.625	NA	broth microdilution	NA	NA	NA	NA	NA	broth microdilution	NA	NA	NA	NA	NA	NA	NA	NA	NA	NA	NA	NA	NA	NA	NA	NA	NA	NA	NA	NA	NA	NA	NA	NA	NA	NA	NA	NA	NA	NA	NA	NA	NA	NA	NA	NA	NA	NA	NA	NA	NA	NA	NA	NA	NA	NA	NA	NA	NA	NA	NA	NA	NA	NA	NA	NA	NA	NA	NA	NA	NA	broth microdilution	NA	NA	NA	NA	NA	NA	NA	NA	NA	NA	NA	NA	NA	NA	NA	NA	NA	NA	NA	NA	NA	NA	NA	NA	NA	NA	NA	NA	NA	NA	NA	NA	NA	NA	NA	NA	NA	NA	NA	NA	NA	NA	NA	NA	NA	NA	NA	NA	NA	NA	NA	NA	NA	1024.0	broth microdilution	NA	NA	NA	NA	NA	NA	NA	NA
SAMN32165559	ID_6461992	SAMN32165559	Homo sapiens	westbrook2024	NA	NA	NA	NA	broth microdilution	0.375	NA	broth microdilution	NA	NA	NA	NA	NA	broth microdilution	NA	NA	NA	NA	NA	NA	NA	NA	NA	NA	NA	NA	NA	NA	NA	NA	NA	NA	NA	NA	NA	NA	NA	NA	NA	NA	NA	NA	NA	NA	NA	NA	NA	NA	NA	NA	NA	NA	NA	NA	NA	NA	NA	NA	NA	NA	NA	NA	NA	NA	NA	NA	NA	NA	NA	NA	NA	NA	NA	NA	NA	broth microdilution	NA	NA	NA	NA	NA	NA	NA	NA	NA	NA	NA	NA	NA	NA	NA	NA	NA	NA	NA	NA	NA	NA	NA	NA	NA	NA	NA	NA	NA	NA	NA	NA	NA	NA	NA	NA	NA	NA	NA	NA	NA	NA	NA	NA	NA	NA	NA	NA	NA	NA	NA	NA	NA	96.0	broth microdilution	NA	NA	NA	NA	NA	NA	NA	NA
SAMN32165560	ID_3482625	SAMN32165560	Homo sapiens	westbrook2024	NA	NA	2.0	NA	broth microdilution	0.375	NA	broth microdilution	NA	NA	NA	2.0	NA	broth microdilution	NA	NA	NA	NA	NA	NA	NA	NA	NA	NA	NA	NA	NA	NA	NA	NA	NA	NA	NA	NA	NA	NA	NA	NA	NA	NA	NA	NA	NA	NA	NA	NA	NA	NA	NA	NA	NA	NA	NA	NA	NA	NA	NA	NA	NA	NA	NA	NA	NA	NA	NA	NA	NA	NA	NA	NA	NA	NA	NA	1.0	NA	broth microdilution	NA	NA	NA	NA	NA	NA	NA	NA	NA	NA	NA	NA	NA	NA	NA	NA	NA	NA	NA	NA	NA	NA	NA	NA	NA	NA	NA	NA	NA	NA	NA	NA	NA	NA	NA	NA	NA	NA	NA	NA	NA	NA	NA	NA	NA	NA	NA	NA	NA	NA	NA	NA	NA	384.0	broth microdilution	NA	NA	NA	NA	NA	NA	NA	NA
SAMN32165561	ID_8465622	SAMN32165561	Homo sapiens	westbrook2024	NA	NA	4.0	NA	broth microdilution	0.375	NA	broth microdilution	NA	NA	NA	2.0	NA	broth microdilution	NA	NA	NA	NA	NA	NA	NA	NA	NA	NA	NA	NA	NA	NA	NA	NA	NA	NA	NA	NA	NA	NA	NA	NA	NA	NA	NA	NA	NA	NA	NA	NA	NA	NA	NA	NA	NA	NA	NA	NA	NA	NA	NA	NA	NA	NA	NA	NA	NA	NA	NA	NA	NA	NA	NA	NA	NA	NA	NA	1.0	NA	broth microdilution	NA	NA	NA	NA	NA	NA	NA	NA	NA	NA	NA	NA	NA	NA	NA	NA	NA	NA	NA	NA	NA	NA	NA	NA	NA	NA	NA	NA	NA	NA	NA	NA	NA	NA	NA	NA	NA	NA	NA	NA	NA	NA	NA	NA	NA	NA	NA	NA	NA	NA	NA	NA	NA	1024.0	broth microdilution	NA	NA	NA	NA	NA	NA	NA	NA
SRR24894211	ID_5789117	SRR24894211	Homo sapiens	sharon2023	NA	Broth microdilution	NA	NA	NA	NA	NA	NA	NA	NA	NA	NA	NA	NA	NA	NA	NA	NA	NA	NA	NA	NA	NA	1.0	NA	Broth microdilution	NA	NA	NA	NA	NA	NA	NA	NA	NA	NA	NA	NA	NA	NA	Broth microdilution	NA	NA	NA	NA	NA	NA	NA	NA	NA	NA	NA	NA	NA	NA	NA	NA	NA	NA	NA	NA	NA	NA	NA	NA	NA	NA	NA	NA	NA	NA	NA	NA	NA	NA	NA	NA	NA	NA	NA	NA	NA	NA	NA	NA	NA	NA	NA	NA	NA	NA	NA	NA	NA	NA	NA	NA	NA	NA	NA	NA	NA	NA	NA	NA	NA	NA	NA	NA	NA	NA	NA	NA	NA	NA	NA	NA	NA	NA	NA	NA	NA	NA	NA	NA	NA	NA	NA	NA	NA	NA	NA	NA	NA	NA	NA	NA	NA	NA
SRR24894210	ID_7212433	SRR24894210	Homo sapiens	sharon2023	NA	Broth microdilution	NA	NA	NA	NA	NA	NA	NA	NA	NA	NA	NA	NA	NA	NA	NA	NA	NA	NA	NA	NA	NA	2.0	NA	Broth microdilution	NA	NA	NA	NA	NA	NA	NA	NA	NA	NA	NA	NA	16.0	NA	Broth microdilution	NA	NA	NA	NA	NA	NA	NA	NA	NA	NA	NA	NA	NA	NA	NA	NA	NA	NA	NA	NA	NA	NA	NA	NA	NA	NA	NA	NA	NA	NA	NA	NA	NA	NA	NA	NA	NA	NA	NA	NA	NA	NA	NA	NA	NA	NA	NA	NA	NA	NA	NA	NA	NA	NA	NA	NA	NA	NA	NA	NA	NA	NA	NA	NA	NA	NA	NA	NA	NA	NA	NA	NA	NA	NA	NA	NA	NA	NA	NA	NA	NA	NA	NA	NA	NA	NA	NA	NA	NA	NA	NA	NA	NA	NA	NA	NA	NA	NA
SRR24894199	ID_7777490	SRR24894199	Homo sapiens	sharon2023	NA	Broth microdilution	NA	NA	NA	NA	NA	NA	NA	NA	NA	NA	NA	NA	NA	NA	NA	NA	NA	NA	NA	NA	NA	2.0	NA	Broth microdilution	NA	NA	NA	NA	NA	NA	NA	NA	NA	NA	NA	NA	NA	NA	Broth microdilution	NA	NA	NA	NA	NA	NA	NA	NA	NA	NA	NA	NA	NA	NA	NA	NA	NA	NA	NA	NA	NA	NA	NA	NA	NA	NA	NA	NA	NA	NA	NA	NA	NA	NA	NA	NA	NA	NA	NA	NA	NA	NA	NA	NA	NA	NA	NA	NA	NA	NA	NA	NA	NA	NA	NA	NA	NA	NA	NA	NA	NA	NA	NA	NA	NA	NA	NA	NA	NA	NA	NA	NA	NA	NA	NA	NA	NA	NA	NA	NA	NA	NA	NA	NA	NA	NA	NA	NA	NA	NA	NA	NA	NA	NA	NA	NA	NA	NA
SRR24894188	ID_7311745	SRR24894188	Homo sapiens	sharon2023	NA	Broth microdilution	NA	NA	NA	NA	NA	NA	NA	NA	NA	NA	NA	NA	NA	NA	NA	NA	NA	NA	NA	NA	NA	1.0	NA	Broth microdilution	NA	NA	NA	NA	NA	NA	NA	NA	NA	NA	NA	NA	NA	NA	Broth microdilution	NA	NA	NA	NA	NA	NA	NA	NA	NA	NA	NA	NA	NA	NA	NA	NA	NA	NA	NA	NA	NA	NA	NA	NA	NA	NA	NA	NA	NA	NA	NA	NA	NA	NA	NA	NA	NA	NA	NA	NA	NA	NA	NA	NA	NA	NA	NA	NA	NA	NA	NA	NA	NA	NA	NA	NA	NA	NA	NA	NA	NA	NA	NA	NA	NA	NA	NA	NA	NA	NA	NA	NA	NA	NA	NA	NA	NA	NA	NA	NA	NA	NA	NA	NA	NA	NA	NA	NA	NA	NA	NA	NA	NA	NA	NA	NA	NA	NA
SRR24894180	ID_6581799	SRR24894180	Homo sapiens	sharon2023	NA	Broth microdilution	NA	NA	NA	NA	NA	NA	NA	NA	NA	NA	NA	NA	NA	NA	NA	NA	NA	NA	NA	NA	NA	1.0	NA	Broth microdilution	NA	NA	NA	NA	NA	NA	NA	NA	NA	NA	NA	NA	NA	NA	Broth microdilution	NA	NA	NA	NA	NA	NA	NA	NA	NA	NA	NA	NA	NA	NA	NA	NA	NA	NA	NA	NA	NA	NA	NA	NA	NA	NA	NA	NA	NA	NA	NA	NA	NA	NA	NA	NA	NA	NA	NA	NA	NA	NA	NA	NA	NA	NA	NA	NA	NA	NA	NA	NA	NA	NA	NA	NA	NA	NA	NA	NA	NA	NA	NA	NA	NA	NA	NA	NA	NA	NA	NA	NA	NA	NA	NA	NA	NA	NA	NA	NA	NA	NA	NA	NA	NA	NA	NA	NA	NA	NA	NA	NA	NA	NA	NA	NA	NA	NA
SRR24894179	ID_1514735	SRR24894179	Homo sapiens	sharon2023	NA	Broth microdilution	NA	NA	NA	NA	NA	NA	NA	NA	NA	NA	NA	NA	NA	NA	NA	NA	NA	NA	NA	NA	NA	1.0	NA	Broth microdilution	NA	NA	NA	NA	NA	NA	NA	NA	NA	NA	NA	NA	NA	NA	Broth microdilution	NA	NA	NA	NA	NA	NA	NA	NA	NA	NA	NA	NA	NA	NA	NA	NA	NA	NA	NA	NA	NA	NA	NA	NA	NA	NA	NA	NA	NA	NA	NA	NA	NA	NA	NA	NA	NA	NA	NA	NA	NA	NA	NA	NA	NA	NA	NA	NA	NA	NA	NA	NA	NA	NA	NA	NA	NA	NA	NA	NA	NA	NA	NA	NA	NA	NA	NA	NA	NA	NA	NA	NA	NA	NA	NA	NA	NA	NA	NA	NA	NA	NA	NA	NA	NA	NA	NA	NA	NA	NA	NA	NA	NA	NA	NA	NA	NA	NA
SRR24894178	ID_5105270	SRR24894178	Homo sapiens	sharon2023	NA	Broth microdilution	NA	NA	NA	NA	NA	NA	NA	NA	NA	NA	NA	NA	NA	NA	NA	NA	NA	NA	NA	NA	NA	2.0	NA	Broth microdilution	NA	NA	NA	NA	NA	NA	NA	NA	NA	NA	NA	NA	NA	NA	Broth microdilution	NA	NA	NA	NA	NA	NA	NA	NA	NA	NA	NA	NA	NA	NA	NA	NA	NA	NA	NA	NA	NA	NA	NA	NA	NA	NA	NA	NA	NA	NA	NA	NA	NA	NA	NA	NA	NA	NA	NA	NA	NA	NA	NA	NA	NA	NA	NA	NA	NA	NA	NA	NA	NA	NA	NA	NA	NA	NA	NA	NA	NA	NA	NA	NA	NA	NA	NA	NA	NA	NA	NA	NA	NA	NA	NA	NA	NA	NA	NA	NA	NA	NA	NA	NA	NA	NA	NA	NA	NA	NA	NA	NA	NA	NA	NA	NA	NA	NA
SRR24894177	ID_6562607	SRR24894177	Homo sapiens	sharon2023	NA	Broth microdilution	NA	NA	NA	NA	NA	NA	NA	NA	NA	NA	NA	NA	NA	NA	NA	NA	NA	NA	NA	NA	NA	1.0	NA	Broth microdilution	NA	NA	NA	NA	NA	NA	NA	NA	NA	NA	NA	NA	NA	NA	Broth microdilution	NA	NA	NA	NA	NA	NA	NA	NA	NA	NA	NA	NA	NA	NA	NA	NA	NA	NA	NA	NA	NA	NA	NA	NA	NA	NA	NA	NA	NA	NA	NA	NA	NA	NA	NA	NA	NA	NA	NA	NA	NA	NA	NA	NA	NA	NA	NA	NA	NA	NA	NA	NA	NA	NA	NA	NA	NA	NA	NA	NA	NA	NA	NA	NA	NA	NA	NA	NA	NA	NA	NA	NA	NA	NA	NA	NA	NA	NA	NA	NA	NA	NA	NA	NA	NA	NA	NA	NA	NA	NA	NA	NA	NA	NA	NA	NA	NA	NA
SRR24894176	ID_6683928	SRR24894176	Homo sapiens	sharon2023	NA	Broth microdilution	NA	NA	NA	NA	NA	NA	NA	NA	NA	NA	NA	NA	NA	NA	NA	NA	NA	NA	NA	NA	NA	1.0	NA	Broth microdilution	NA	NA	NA	NA	NA	NA	NA	NA	NA	NA	NA	NA	NA	NA	Broth microdilution	NA	NA	NA	NA	NA	NA	NA	NA	NA	NA	NA	NA	NA	NA	NA	NA	NA	NA	NA	NA	NA	NA	NA	NA	NA	NA	NA	NA	NA	NA	NA	NA	NA	NA	NA	NA	NA	NA	NA	NA	NA	NA	NA	NA	NA	NA	NA	NA	NA	NA	NA	NA	NA	NA	NA	NA	NA	NA	NA	NA	NA	NA	NA	NA	NA	NA	NA	NA	NA	NA	NA	NA	NA	NA	NA	NA	NA	NA	NA	NA	NA	NA	NA	NA	NA	NA	NA	NA	NA	NA	NA	NA	NA	NA	NA	NA	NA	NA
SRR24894175	ID_6256105	SRR24894175	Homo sapiens	sharon2023	NA	Broth microdilution	NA	NA	NA	NA	NA	NA	NA	NA	NA	NA	NA	NA	NA	NA	NA	NA	NA	NA	NA	NA	NA	1.0	NA	Broth microdilution	NA	NA	NA	NA	NA	NA	NA	NA	NA	NA	NA	NA	NA	NA	Broth microdilution	NA	NA	NA	NA	NA	NA	NA	NA	NA	NA	NA	NA	NA	NA	NA	NA	NA	NA	NA	NA	NA	NA	NA	NA	NA	NA	NA	NA	NA	NA	NA	NA	NA	NA	NA	NA	NA	NA	NA	NA	NA	NA	NA	NA	NA	NA	NA	NA	NA	NA	NA	NA	NA	NA	NA	NA	NA	NA	NA	NA	NA	NA	NA	NA	NA	NA	NA	NA	NA	NA	NA	NA	NA	NA	NA	NA	NA	NA	NA	NA	NA	NA	NA	NA	NA	NA	NA	NA	NA	NA	NA	NA	NA	NA	NA	NA	NA	NA
SRR24894209	ID_8684307	SRR24894209	Homo sapiens	sharon2023	NA	Broth microdilution	NA	NA	NA	NA	NA	NA	NA	NA	NA	NA	NA	NA	NA	NA	NA	NA	NA	NA	NA	NA	NA	1.0	NA	Broth microdilution	NA	NA	NA	NA	NA	NA	NA	NA	NA	NA	NA	NA	NA	NA	Broth microdilution	NA	NA	NA	NA	NA	NA	NA	NA	NA	NA	NA	NA	NA	NA	NA	NA	NA	NA	NA	NA	NA	NA	NA	NA	NA	NA	NA	NA	NA	NA	NA	NA	NA	NA	NA	NA	NA	NA	NA	NA	NA	NA	NA	NA	NA	NA	NA	NA	NA	NA	NA	NA	NA	NA	NA	NA	NA	NA	NA	NA	NA	NA	NA	NA	NA	NA	NA	NA	NA	NA	NA	NA	NA	NA	NA	NA	NA	NA	NA	NA	NA	NA	NA	NA	NA	NA	NA	NA	NA	NA	NA	NA	NA	NA	NA	NA	NA	NA
SRR24894208	ID_4886079	SRR24894208	Homo sapiens	sharon2023	NA	Broth microdilution	NA	NA	NA	NA	NA	NA	NA	NA	NA	NA	NA	NA	NA	NA	NA	NA	NA	NA	NA	NA	NA	1.0	NA	Broth microdilution	NA	NA	NA	NA	NA	NA	NA	NA	NA	NA	NA	NA	NA	NA	Broth microdilution	NA	NA	NA	NA	NA	NA	NA	NA	NA	NA	NA	NA	NA	NA	NA	NA	NA	NA	NA	NA	NA	NA	NA	NA	NA	NA	NA	NA	NA	NA	NA	NA	NA	NA	NA	NA	NA	NA	NA	NA	NA	NA	NA	NA	NA	NA	NA	NA	NA	NA	NA	NA	NA	NA	NA	NA	NA	NA	NA	NA	NA	NA	NA	NA	NA	NA	NA	NA	NA	NA	NA	NA	NA	NA	NA	NA	NA	NA	NA	NA	NA	NA	NA	NA	NA	NA	NA	NA	NA	NA	NA	NA	NA	NA	NA	NA	NA	NA
SRR24894207	ID_7185048	SRR24894207	Homo sapiens	sharon2023	NA	Broth microdilution	NA	NA	NA	NA	NA	NA	NA	NA	NA	NA	NA	NA	NA	NA	NA	NA	NA	NA	NA	NA	NA	2.0	NA	Broth microdilution	NA	NA	NA	NA	NA	NA	NA	NA	NA	NA	NA	NA	NA	NA	Broth microdilution	NA	NA	NA	NA	NA	NA	NA	NA	NA	NA	NA	NA	NA	NA	NA	NA	NA	NA	NA	NA	NA	NA	NA	NA	NA	NA	NA	NA	NA	NA	NA	NA	NA	NA	NA	NA	NA	NA	NA	NA	NA	NA	NA	NA	NA	NA	NA	NA	NA	NA	NA	NA	NA	NA	NA	NA	NA	NA	NA	NA	NA	NA	NA	NA	NA	NA	NA	NA	NA	NA	NA	NA	NA	NA	NA	NA	NA	NA	NA	NA	NA	NA	NA	NA	NA	NA	NA	NA	NA	NA	NA	NA	NA	NA	NA	NA	NA	NA
SRR24894206	ID_6821618	SRR24894206	Homo sapiens	sharon2023	NA	Broth microdilution	NA	NA	NA	NA	NA	NA	NA	NA	NA	NA	NA	NA	NA	NA	NA	NA	NA	NA	NA	NA	NA	1.0	NA	Broth microdilution	NA	NA	NA	NA	NA	NA	NA	NA	NA	NA	NA	NA	NA	NA	Broth microdilution	NA	NA	NA	NA	NA	NA	NA	NA	NA	NA	NA	NA	NA	NA	NA	NA	NA	NA	NA	NA	NA	NA	NA	NA	NA	NA	NA	NA	NA	NA	NA	NA	NA	NA	NA	NA	NA	NA	NA	NA	NA	NA	NA	NA	NA	NA	NA	NA	NA	NA	NA	NA	NA	NA	NA	NA	NA	NA	NA	NA	NA	NA	NA	NA	NA	NA	NA	NA	NA	NA	NA	NA	NA	NA	NA	NA	NA	NA	NA	NA	NA	NA	NA	NA	NA	NA	NA	NA	NA	NA	NA	NA	NA	NA	NA	NA	NA	NA
SRR24894205	ID_1208816	SRR24894205	Homo sapiens	sharon2023	NA	Broth microdilution	NA	NA	NA	NA	NA	NA	NA	NA	NA	NA	NA	NA	NA	NA	NA	NA	NA	NA	NA	NA	NA	1.0	NA	Broth microdilution	NA	NA	NA	NA	NA	NA	NA	NA	NA	NA	NA	NA	NA	NA	Broth microdilution	NA	NA	NA	NA	NA	NA	NA	NA	NA	NA	NA	NA	NA	NA	NA	NA	NA	NA	NA	NA	NA	NA	NA	NA	NA	NA	NA	NA	NA	NA	NA	NA	NA	NA	NA	NA	NA	NA	NA	NA	NA	NA	NA	NA	NA	NA	NA	NA	NA	NA	NA	NA	NA	NA	NA	NA	NA	NA	NA	NA	NA	NA	NA	NA	NA	NA	NA	NA	NA	NA	NA	NA	NA	NA	NA	NA	NA	NA	NA	NA	NA	NA	NA	NA	NA	NA	NA	NA	NA	NA	NA	NA	NA	NA	NA	NA	NA	NA
SRR24894204	ID_6886976	SRR24894204	Homo sapiens	sharon2023	NA	Broth microdilution	NA	NA	NA	NA	NA	NA	NA	NA	NA	NA	NA	NA	NA	NA	NA	NA	NA	NA	NA	NA	NA	2.0	NA	Broth microdilution	NA	NA	NA	NA	NA	NA	NA	NA	NA	NA	NA	NA	NA	NA	Broth microdilution	NA	NA	NA	NA	NA	NA	NA	NA	NA	NA	NA	NA	NA	NA	NA	NA	NA	NA	NA	NA	NA	NA	NA	NA	NA	NA	NA	NA	NA	NA	NA	NA	NA	NA	NA	NA	NA	NA	NA	NA	NA	NA	NA	NA	NA	NA	NA	NA	NA	NA	NA	NA	NA	NA	NA	NA	NA	NA	NA	NA	NA	NA	NA	NA	NA	NA	NA	NA	NA	NA	NA	NA	NA	NA	NA	NA	NA	NA	NA	NA	NA	NA	NA	NA	NA	NA	NA	NA	NA	NA	NA	NA	NA	NA	NA	NA	NA	NA
SRR24894202	ID_6499388	SRR24894202	Homo sapiens	sharon2023	NA	Broth microdilution	NA	NA	NA	NA	NA	NA	NA	NA	NA	NA	NA	NA	NA	NA	NA	NA	NA	NA	NA	NA	NA	2.0	NA	Broth microdilution	NA	NA	NA	NA	NA	NA	NA	NA	NA	NA	NA	NA	NA	NA	Broth microdilution	NA	NA	NA	NA	NA	NA	NA	NA	NA	NA	NA	NA	NA	NA	NA	NA	NA	NA	NA	NA	NA	NA	NA	NA	NA	NA	NA	NA	NA	NA	NA	NA	NA	NA	NA	NA	NA	NA	NA	NA	NA	NA	NA	NA	NA	NA	NA	NA	NA	NA	NA	NA	NA	NA	NA	NA	NA	NA	NA	NA	NA	NA	NA	NA	NA	NA	NA	NA	NA	NA	NA	NA	NA	NA	NA	NA	NA	NA	NA	NA	NA	NA	NA	NA	NA	NA	NA	NA	NA	NA	NA	NA	NA	NA	NA	NA	NA	NA
SRR24894201	ID_6123648	SRR24894201	Homo sapiens	sharon2023	NA	Broth microdilution	NA	NA	NA	NA	NA	NA	NA	NA	NA	NA	NA	NA	NA	NA	NA	NA	NA	NA	NA	NA	NA	1.0	NA	Broth microdilution	NA	NA	NA	NA	NA	NA	NA	NA	NA	NA	NA	NA	NA	NA	Broth microdilution	NA	NA	NA	NA	NA	NA	NA	NA	NA	NA	NA	NA	NA	NA	NA	NA	NA	NA	NA	NA	NA	NA	NA	NA	NA	NA	NA	NA	NA	NA	NA	NA	NA	NA	NA	NA	NA	NA	NA	NA	NA	NA	NA	NA	NA	NA	NA	NA	NA	NA	NA	NA	NA	NA	NA	NA	NA	NA	NA	NA	NA	NA	NA	NA	NA	NA	NA	NA	NA	NA	NA	NA	NA	NA	NA	NA	NA	NA	NA	NA	NA	NA	NA	NA	NA	NA	NA	NA	NA	NA	NA	NA	NA	NA	NA	NA	NA	NA
SRR24894200	ID_2664453	SRR24894200	Homo sapiens	sharon2023	NA	Broth microdilution	NA	NA	NA	NA	NA	NA	NA	NA	NA	NA	NA	NA	NA	NA	NA	NA	NA	NA	NA	NA	NA	1.0	NA	Broth microdilution	NA	NA	NA	NA	NA	NA	NA	NA	NA	NA	NA	NA	NA	NA	Broth microdilution	NA	NA	NA	NA	NA	NA	NA	NA	NA	NA	NA	NA	NA	NA	NA	NA	NA	NA	NA	NA	NA	NA	NA	NA	NA	NA	NA	NA	NA	NA	NA	NA	NA	NA	NA	NA	NA	NA	NA	NA	NA	NA	NA	NA	NA	NA	NA	NA	NA	NA	NA	NA	NA	NA	NA	NA	NA	NA	NA	NA	NA	NA	NA	NA	NA	NA	NA	NA	NA	NA	NA	NA	NA	NA	NA	NA	NA	NA	NA	NA	NA	NA	NA	NA	NA	NA	NA	NA	NA	NA	NA	NA	NA	NA	NA	NA	NA	NA
SRR24894198	ID_7847112	SRR24894198	Homo sapiens	sharon2023	NA	Broth microdilution	NA	NA	NA	NA	NA	NA	NA	NA	NA	NA	NA	NA	NA	NA	NA	NA	NA	NA	NA	NA	NA	1.0	NA	Broth microdilution	NA	NA	NA	NA	NA	NA	NA	NA	NA	NA	NA	NA	NA	NA	Broth microdilution	NA	NA	NA	NA	NA	NA	NA	NA	NA	NA	NA	NA	NA	NA	NA	NA	NA	NA	NA	NA	NA	NA	NA	NA	NA	NA	NA	NA	NA	NA	NA	NA	NA	NA	NA	NA	NA	NA	NA	NA	NA	NA	NA	NA	NA	NA	NA	NA	NA	NA	NA	NA	NA	NA	NA	NA	NA	NA	NA	NA	NA	NA	NA	NA	NA	NA	NA	NA	NA	NA	NA	NA	NA	NA	NA	NA	NA	NA	NA	NA	NA	NA	NA	NA	NA	NA	NA	NA	NA	NA	NA	NA	NA	NA	NA	NA	NA	NA
SRR24894197	ID_4334217	SRR24894197	Homo sapiens	sharon2023	NA	Broth microdilution	NA	NA	NA	NA	NA	NA	NA	NA	NA	NA	NA	NA	NA	NA	NA	NA	NA	NA	NA	NA	NA	1.0	NA	Broth microdilution	NA	NA	NA	NA	NA	NA	NA	NA	NA	NA	NA	NA	NA	NA	Broth microdilution	NA	NA	NA	NA	NA	NA	NA	NA	NA	NA	NA	NA	NA	NA	NA	NA	NA	NA	NA	NA	NA	NA	NA	NA	NA	NA	NA	NA	NA	NA	NA	NA	NA	NA	NA	NA	NA	NA	NA	NA	NA	NA	NA	NA	NA	NA	NA	NA	NA	NA	NA	NA	NA	NA	NA	NA	NA	NA	NA	NA	NA	NA	NA	NA	NA	NA	NA	NA	NA	NA	NA	NA	NA	NA	NA	NA	NA	NA	NA	NA	NA	NA	NA	NA	NA	NA	NA	NA	NA	NA	NA	NA	NA	NA	NA	NA	NA	NA
SRR24894196	ID_5667044	SRR24894196	Homo sapiens	sharon2023	NA	Broth microdilution	NA	NA	NA	NA	NA	NA	NA	NA	NA	NA	NA	NA	NA	NA	NA	NA	NA	NA	NA	NA	NA	1.0	NA	Broth microdilution	NA	NA	NA	NA	NA	NA	NA	NA	NA	NA	NA	NA	NA	NA	Broth microdilution	NA	NA	NA	NA	NA	NA	NA	NA	NA	NA	NA	NA	NA	NA	NA	NA	NA	NA	NA	NA	NA	NA	NA	NA	NA	NA	NA	NA	NA	NA	NA	NA	NA	NA	NA	NA	NA	NA	NA	NA	NA	NA	NA	NA	NA	NA	NA	NA	NA	NA	NA	NA	NA	NA	NA	NA	NA	NA	NA	NA	NA	NA	NA	NA	NA	NA	NA	NA	NA	NA	NA	NA	NA	NA	NA	NA	NA	NA	NA	NA	NA	NA	NA	NA	NA	NA	NA	NA	NA	NA	NA	NA	NA	NA	NA	NA	NA	NA
SRR24894195	ID_1544792	SRR24894195	Homo sapiens	sharon2023	NA	Broth microdilution	NA	NA	NA	NA	NA	NA	NA	NA	NA	NA	NA	NA	NA	NA	NA	NA	NA	NA	NA	NA	NA	2.0	NA	Broth microdilution	NA	NA	NA	NA	NA	NA	NA	NA	NA	NA	NA	NA	NA	NA	Broth microdilution	NA	NA	NA	NA	NA	NA	NA	NA	NA	NA	NA	NA	NA	NA	NA	NA	NA	NA	NA	NA	NA	NA	NA	NA	NA	NA	NA	NA	NA	NA	NA	NA	NA	NA	NA	NA	NA	NA	NA	NA	NA	NA	NA	NA	NA	NA	NA	NA	NA	NA	NA	NA	NA	NA	NA	NA	NA	NA	NA	NA	NA	NA	NA	NA	NA	NA	NA	NA	NA	NA	NA	NA	NA	NA	NA	NA	NA	NA	NA	NA	NA	NA	NA	NA	NA	NA	NA	NA	NA	NA	NA	NA	NA	NA	NA	NA	NA	NA
SRR24894194	ID_4131599	SRR24894194	Homo sapiens	sharon2023	NA	Broth microdilution	NA	NA	NA	NA	NA	NA	NA	NA	NA	NA	NA	NA	NA	NA	NA	NA	NA	NA	NA	NA	NA	2.0	NA	Broth microdilution	NA	NA	NA	NA	NA	NA	NA	NA	NA	NA	NA	NA	8.0	NA	Broth microdilution	NA	NA	NA	NA	NA	NA	NA	NA	NA	NA	NA	NA	NA	NA	NA	NA	NA	NA	NA	NA	NA	NA	NA	NA	NA	NA	NA	NA	NA	NA	NA	NA	NA	NA	NA	NA	NA	NA	NA	NA	NA	NA	NA	NA	NA	NA	NA	NA	NA	NA	NA	NA	NA	NA	NA	NA	NA	NA	NA	NA	NA	NA	NA	NA	NA	NA	NA	NA	NA	NA	NA	NA	NA	NA	NA	NA	NA	NA	NA	NA	NA	NA	NA	NA	NA	NA	NA	NA	NA	NA	NA	NA	NA	NA	NA	NA	NA	NA
SRR24894193	ID_2765469	SRR24894193	Homo sapiens	sharon2023	NA	Broth microdilution	NA	NA	NA	NA	NA	NA	NA	NA	NA	NA	NA	NA	NA	NA	NA	NA	NA	NA	NA	NA	NA	1.0	NA	Broth microdilution	NA	NA	NA	NA	NA	NA	NA	NA	NA	NA	NA	NA	8.0	NA	Broth microdilution	NA	NA	NA	NA	NA	NA	NA	NA	NA	NA	NA	NA	NA	NA	NA	NA	NA	NA	NA	NA	NA	NA	NA	NA	NA	NA	NA	NA	NA	NA	NA	NA	NA	NA	NA	NA	NA	NA	NA	NA	NA	NA	NA	NA	NA	NA	NA	NA	NA	NA	NA	NA	NA	NA	NA	NA	NA	NA	NA	NA	NA	NA	NA	NA	NA	NA	NA	NA	NA	NA	NA	NA	NA	NA	NA	NA	NA	NA	NA	NA	NA	NA	NA	NA	NA	NA	NA	NA	NA	NA	NA	NA	NA	NA	NA	NA	NA	NA
SRR24894192	ID_8484030	SRR24894192	Homo sapiens	sharon2023	NA	Broth microdilution	NA	NA	NA	NA	NA	NA	NA	NA	NA	NA	NA	NA	NA	NA	NA	NA	NA	NA	NA	NA	NA	1.0	NA	Broth microdilution	NA	NA	NA	NA	NA	NA	NA	NA	NA	NA	NA	NA	NA	NA	Broth microdilution	NA	NA	NA	NA	NA	NA	NA	NA	NA	NA	NA	NA	NA	NA	NA	NA	NA	NA	NA	NA	NA	NA	NA	NA	NA	NA	NA	NA	NA	NA	NA	NA	NA	NA	NA	NA	NA	NA	NA	NA	NA	NA	NA	NA	NA	NA	NA	NA	NA	NA	NA	NA	NA	NA	NA	NA	NA	NA	NA	NA	NA	NA	NA	NA	NA	NA	NA	NA	NA	NA	NA	NA	NA	NA	NA	NA	NA	NA	NA	NA	NA	NA	NA	NA	NA	NA	NA	NA	NA	NA	NA	NA	NA	NA	NA	NA	NA	NA
SRR24894191	ID_1028878	SRR24894191	Homo sapiens	sharon2023	NA	Broth microdilution	NA	NA	NA	NA	NA	NA	NA	NA	NA	NA	NA	NA	NA	NA	NA	NA	NA	NA	NA	NA	NA	2.0	NA	Broth microdilution	NA	NA	NA	NA	NA	NA	NA	NA	NA	NA	NA	NA	NA	NA	Broth microdilution	NA	NA	NA	NA	NA	NA	NA	NA	NA	NA	NA	NA	NA	NA	NA	NA	NA	NA	NA	NA	NA	NA	NA	NA	NA	NA	NA	NA	NA	NA	NA	NA	NA	NA	NA	NA	NA	NA	NA	NA	NA	NA	NA	NA	NA	NA	NA	NA	NA	NA	NA	NA	NA	NA	NA	NA	NA	NA	NA	NA	NA	NA	NA	NA	NA	NA	NA	NA	NA	NA	NA	NA	NA	NA	NA	NA	NA	NA	NA	NA	NA	NA	NA	NA	NA	NA	NA	NA	NA	NA	NA	NA	NA	NA	NA	NA	NA	NA
SRR24894190	ID_2917896	SRR24894190	Homo sapiens	sharon2023	NA	Broth microdilution	NA	NA	NA	NA	NA	NA	NA	NA	NA	NA	NA	NA	NA	NA	NA	NA	NA	NA	NA	NA	NA	0.5	NA	Broth microdilution	NA	NA	NA	NA	NA	NA	NA	NA	NA	NA	NA	NA	NA	NA	Broth microdilution	NA	NA	NA	NA	NA	NA	NA	NA	NA	NA	NA	NA	NA	NA	NA	NA	NA	NA	NA	NA	NA	NA	NA	NA	NA	NA	NA	NA	NA	NA	NA	NA	NA	NA	NA	NA	NA	NA	NA	NA	NA	NA	NA	NA	NA	NA	NA	NA	NA	NA	NA	NA	NA	NA	NA	NA	NA	NA	NA	NA	NA	NA	NA	NA	NA	NA	NA	NA	NA	NA	NA	NA	NA	NA	NA	NA	NA	NA	NA	NA	NA	NA	NA	NA	NA	NA	NA	NA	NA	NA	NA	NA	NA	NA	NA	NA	NA	NA
SRR24894189	ID_6303668	SRR24894189	Homo sapiens	sharon2023	NA	Broth microdilution	NA	NA	NA	NA	NA	NA	NA	NA	NA	NA	NA	NA	NA	NA	NA	NA	NA	NA	NA	NA	NA	1.0	NA	Broth microdilution	NA	NA	NA	NA	NA	NA	NA	NA	NA	NA	NA	NA	NA	NA	Broth microdilution	NA	NA	NA	NA	NA	NA	NA	NA	NA	NA	NA	NA	NA	NA	NA	NA	NA	NA	NA	NA	NA	NA	NA	NA	NA	NA	NA	NA	NA	NA	NA	NA	NA	NA	NA	NA	NA	NA	NA	NA	NA	NA	NA	NA	NA	NA	NA	NA	NA	NA	NA	NA	NA	NA	NA	NA	NA	NA	NA	NA	NA	NA	NA	NA	NA	NA	NA	NA	NA	NA	NA	NA	NA	NA	NA	NA	NA	NA	NA	NA	NA	NA	NA	NA	NA	NA	NA	NA	NA	NA	NA	NA	NA	NA	NA	NA	NA	NA
SRR24894187	ID_8181039	SRR24894187	Homo sapiens	sharon2023	NA	Broth microdilution	NA	NA	NA	NA	NA	NA	NA	NA	NA	NA	NA	NA	NA	NA	NA	NA	NA	NA	NA	NA	NA	2.0	NA	Broth microdilution	NA	NA	NA	NA	NA	NA	NA	NA	NA	NA	NA	NA	NA	NA	Broth microdilution	NA	NA	NA	NA	NA	NA	NA	NA	NA	NA	NA	NA	NA	NA	NA	NA	NA	NA	NA	NA	NA	NA	NA	NA	NA	NA	NA	NA	NA	NA	NA	NA	NA	NA	NA	NA	NA	NA	NA	NA	NA	NA	NA	NA	NA	NA	NA	NA	NA	NA	NA	NA	NA	NA	NA	NA	NA	NA	NA	NA	NA	NA	NA	NA	NA	NA	NA	NA	NA	NA	NA	NA	NA	NA	NA	NA	NA	NA	NA	NA	NA	NA	NA	NA	NA	NA	NA	NA	NA	NA	NA	NA	NA	NA	NA	NA	NA	NA
SRR24894186	ID_2952696	SRR24894186	Homo sapiens	sharon2023	NA	Broth microdilution	NA	NA	NA	NA	NA	NA	NA	NA	NA	NA	NA	NA	NA	NA	NA	NA	NA	NA	NA	NA	NA	2.0	NA	Broth microdilution	NA	NA	NA	NA	NA	NA	NA	NA	NA	NA	NA	NA	NA	NA	Broth microdilution	NA	NA	NA	NA	NA	NA	NA	NA	NA	NA	NA	NA	NA	NA	NA	NA	NA	NA	NA	NA	NA	NA	NA	NA	NA	NA	NA	NA	NA	NA	NA	NA	NA	NA	NA	NA	NA	NA	NA	NA	NA	NA	NA	NA	NA	NA	NA	NA	NA	NA	NA	NA	NA	NA	NA	NA	NA	NA	NA	NA	NA	NA	NA	NA	NA	NA	NA	NA	NA	NA	NA	NA	NA	NA	NA	NA	NA	NA	NA	NA	NA	NA	NA	NA	NA	NA	NA	NA	NA	NA	NA	NA	NA	NA	NA	NA	NA	NA
SRR24894185	ID_4031856	SRR24894185	Homo sapiens	sharon2023	NA	Broth microdilution	NA	NA	NA	NA	NA	NA	NA	NA	NA	NA	NA	NA	NA	NA	NA	NA	NA	NA	NA	NA	NA	64.0	NA	Broth microdilution	NA	NA	NA	NA	NA	NA	NA	NA	NA	NA	NA	NA	16.0	NA	Broth microdilution	NA	NA	NA	NA	NA	NA	NA	NA	NA	NA	NA	NA	NA	NA	NA	NA	NA	NA	NA	NA	NA	NA	NA	NA	NA	NA	NA	NA	NA	NA	NA	NA	NA	NA	NA	NA	NA	NA	NA	NA	NA	NA	NA	NA	NA	NA	NA	NA	NA	NA	NA	NA	NA	NA	NA	NA	NA	NA	NA	NA	NA	NA	NA	NA	NA	NA	NA	NA	NA	NA	NA	NA	NA	NA	NA	NA	NA	NA	NA	NA	NA	NA	NA	NA	NA	NA	NA	NA	NA	NA	NA	NA	NA	NA	NA	NA	NA	NA
SRR24894184	ID_8163014	SRR24894184	Homo sapiens	sharon2023	NA	Broth microdilution	NA	NA	NA	NA	NA	NA	NA	NA	NA	NA	NA	NA	NA	NA	NA	NA	NA	NA	NA	NA	NA	1.0	NA	Broth microdilution	NA	NA	NA	NA	NA	NA	NA	NA	NA	NA	NA	NA	NA	NA	Broth microdilution	NA	NA	NA	NA	NA	NA	NA	NA	NA	NA	NA	NA	NA	NA	NA	NA	NA	NA	NA	NA	NA	NA	NA	NA	NA	NA	NA	NA	NA	NA	NA	NA	NA	NA	NA	NA	NA	NA	NA	NA	NA	NA	NA	NA	NA	NA	NA	NA	NA	NA	NA	NA	NA	NA	NA	NA	NA	NA	NA	NA	NA	NA	NA	NA	NA	NA	NA	NA	NA	NA	NA	NA	NA	NA	NA	NA	NA	NA	NA	NA	NA	NA	NA	NA	NA	NA	NA	NA	NA	NA	NA	NA	NA	NA	NA	NA	NA	NA
SRR24894183	ID_3475412	SRR24894183	Homo sapiens	sharon2023	NA	Broth microdilution	NA	NA	NA	NA	NA	NA	NA	NA	NA	NA	NA	NA	NA	NA	NA	NA	NA	NA	NA	NA	NA	1.0	NA	Broth microdilution	NA	NA	NA	NA	NA	NA	NA	NA	NA	NA	NA	NA	NA	NA	Broth microdilution	NA	NA	NA	NA	NA	NA	NA	NA	NA	NA	NA	NA	NA	NA	NA	NA	NA	NA	NA	NA	NA	NA	NA	NA	NA	NA	NA	NA	NA	NA	NA	NA	NA	NA	NA	NA	NA	NA	NA	NA	NA	NA	NA	NA	NA	NA	NA	NA	NA	NA	NA	NA	NA	NA	NA	NA	NA	NA	NA	NA	NA	NA	NA	NA	NA	NA	NA	NA	NA	NA	NA	NA	NA	NA	NA	NA	NA	NA	NA	NA	NA	NA	NA	NA	NA	NA	NA	NA	NA	NA	NA	NA	NA	NA	NA	NA	NA	NA
SRR24894182	ID_6774297	SRR24894182	Homo sapiens	sharon2023	NA	Broth microdilution	NA	NA	NA	NA	NA	NA	NA	NA	NA	NA	NA	NA	NA	NA	NA	NA	NA	NA	NA	NA	NA	2.0	NA	Broth microdilution	NA	NA	NA	NA	NA	NA	NA	NA	NA	NA	NA	NA	NA	NA	Broth microdilution	NA	NA	NA	NA	NA	NA	NA	NA	NA	NA	NA	NA	NA	NA	NA	NA	NA	NA	NA	NA	NA	NA	NA	NA	NA	NA	NA	NA	NA	NA	NA	NA	NA	NA	NA	NA	NA	NA	NA	NA	NA	NA	NA	NA	NA	NA	NA	NA	NA	NA	NA	NA	NA	NA	NA	NA	NA	NA	NA	NA	NA	NA	NA	NA	NA	NA	NA	NA	NA	NA	NA	NA	NA	NA	NA	NA	NA	NA	NA	NA	NA	NA	NA	NA	NA	NA	NA	NA	NA	NA	NA	NA	NA	NA	NA	NA	NA	NA
SRR24894181	ID_5679851	SRR24894181	Homo sapiens	sharon2023	NA	Broth microdilution	NA	NA	NA	NA	NA	NA	NA	NA	NA	NA	NA	NA	NA	NA	NA	NA	NA	NA	NA	NA	NA	2.0	NA	Broth microdilution	NA	NA	NA	NA	NA	NA	NA	NA	NA	NA	NA	NA	32.0	NA	Broth microdilution	NA	NA	NA	NA	NA	NA	NA	NA	NA	NA	NA	NA	NA	NA	NA	NA	NA	NA	NA	NA	NA	NA	NA	NA	NA	NA	NA	NA	NA	NA	NA	NA	NA	NA	NA	NA	NA	NA	NA	NA	NA	NA	NA	NA	NA	NA	NA	NA	NA	NA	NA	NA	NA	NA	NA	NA	NA	NA	NA	NA	NA	NA	NA	NA	NA	NA	NA	NA	NA	NA	NA	NA	NA	NA	NA	NA	NA	NA	NA	NA	NA	NA	NA	NA	NA	NA	NA	NA	NA	NA	NA	NA	NA	NA	NA	NA	NA	NA
